Artista,Titolo,Posizione,Durata,Album,Anno,Paese,Etichetta,Catalogo,Formato,Genere,Stile,Cartella,URL Discogs,Written By,Crediti Traccia,Note
Various,I Like Chopin,A1,4:08,Mixage,1983,Italy,Baby Records (2),BR 56051,Vinyl / LP | Mixed | Compilation,"Electronic, Pop","Italo-Disco, Synth-pop",Comp. Est,https://www.discogs.com/release/1042508-Various-Mixage,Pierluigi Giombini | Gazebo,"Pierluigi Giombini [Arranged By, Producer, Written-By] | Gazebo [Written-By]",
Various,Vamos A La Playa,A2,3:53,Mixage,1983,Italy,Baby Records (2),BR 56051,Vinyl / LP | Mixed | Compilation,"Electronic, Pop","Italo-Disco, Synth-pop",Comp. Est,https://www.discogs.com/release/1042508-Various-Mixage,Carmelo La Bionda | Stefano Righi,La Bionda [Producer] | Carmelo La Bionda [Written-By] | Stefano Righi [Written-By],
Various,Not The Loving Kind,A3,2:31,Mixage,1983,Italy,Baby Records (2),BR 56051,Vinyl / LP | Mixed | Compilation,"Electronic, Pop","Italo-Disco, Synth-pop",Comp. Est,https://www.discogs.com/release/1042508-Various-Mixage,Ronny Schreinzer | Sven Dohrow,The Twins [Producer] | Ronny Schreinzer [Written-By] | Sven Dohrow [Written-By],
Various,Don't Stop Lovin',A4,1:49,Mixage,1983,Italy,Baby Records (2),BR 56051,Vinyl / LP | Mixed | Compilation,"Electronic, Pop","Italo-Disco, Synth-pop",Comp. Est,https://www.discogs.com/release/1042508-Various-Mixage,Antonello Gabelli | J.D. Jaber,"Antonello Gabelli [Arranged By] | Paradiso Gilioli [Arranged By] | Stefano Cundari [Arranged By, Producer] | Alessandro Zanni [Producer] | Antonello Gabelli [Written-By] | J.D. Jaber [Written-By]",
Various,Moliendo Café,A5,1:12,Mixage,1983,Italy,Baby Records (2),BR 56051,Vinyl / LP | Mixed | Compilation,"Electronic, Pop","Italo-Disco, Synth-pop",Comp. Est,https://www.discogs.com/release/1042508-Various-Mixage,Antonello Gabelli | José Manzo,"Paradiso Gilioli [Arranged By] | Stefano Cundari [Arranged By, Mixed By, Producer] | Antonello Gabelli [Arranged By, Written-By] | Alessandro Zanni [Producer] | José Manzo [Written-By]",
Various,Dolce Vita,A6,2:47,Mixage,1983,Italy,Baby Records (2),BR 56051,Vinyl / LP | Mixed | Compilation,"Electronic, Pop","Italo-Disco, Synth-pop",Comp. Est,https://www.discogs.com/release/1042508-Various-Mixage,Paul Mazzolini | Pierluigi Giombini,John Bini [Producer] | Paul Mazzolini [Written-By] | Pierluigi Giombini [Written-By],
Various,"One For You, One For Me",A7,2:45,Mixage,1983,Italy,Baby Records (2),BR 56051,Vinyl / LP | Mixed | Compilation,"Electronic, Pop","Italo-Disco, Synth-pop",Comp. Est,https://www.discogs.com/release/1042508-Various-Mixage,La Bionda | Richard Palmer-James,La Bionda [Written-By] | Richard Palmer-James [Written-By],
Various,Sunshine Reggae,A8,2:57,Mixage,1983,Italy,Baby Records (2),BR 56051,Vinyl / LP | Mixed | Compilation,"Electronic, Pop","Italo-Disco, Synth-pop",Comp. Est,https://www.discogs.com/release/1042508-Various-Mixage,John Guldberg | Tim Stahl,Giuliano Saglia [Producer] | Silvio Trisolino [Producer] | John Guldberg [Written-By] | Tim Stahl [Written-By],
Various,Medley: B Project,,4:28,Mixage,1983,Italy,Baby Records (2),BR 56051,Vinyl / LP | Mixed | Compilation,"Electronic, Pop","Italo-Disco, Synth-pop",Comp. Est,https://www.discogs.com/release/1042508-Various-Mixage,,,
Various,Runaway,B2,2:58,Mixage,1983,Italy,Baby Records (2),BR 56051,Vinyl / LP | Mixed | Compilation,"Electronic, Pop","Italo-Disco, Synth-pop",Comp. Est,https://www.discogs.com/release/1042508-Various-Mixage,Bobby Orlando,"Bobby Orlando [Written-By, Producer]",
Various,Young Boy,B3,1:58,Mixage,1983,Italy,Baby Records (2),BR 56051,Vinyl / LP | Mixed | Compilation,"Electronic, Pop","Italo-Disco, Synth-pop",Comp. Est,https://www.discogs.com/release/1042508-Various-Mixage,Ekke Lehmann,"Gloria Schwartz [Arranged By] | Ekke Lehmann [Arranged By, Written-By]",
Various,Love On Your Side (Rap Boy Rap),B4,1:57,Mixage,1983,Italy,Baby Records (2),BR 56051,Vinyl / LP | Mixed | Compilation,"Electronic, Pop","Italo-Disco, Synth-pop",Comp. Est,https://www.discogs.com/release/1042508-Various-Mixage,Alannah Currie | Joe Leeway | Tom Bailey,Alex Sadkin [Producer] | Alannah Currie [Written-By] | Joe Leeway [Written-By] | Tom Bailey [Written-By],
Various,Some Girls,B5,2:42,Mixage,1983,Italy,Baby Records (2),BR 56051,Vinyl / LP | Mixed | Compilation,"Electronic, Pop","Italo-Disco, Synth-pop",Comp. Est,https://www.discogs.com/release/1042508-Various-Mixage,Bruno Kassar,"Pino Toma [Producer] | Bruno Kassar [Written-By, Producer]",
Various,Lonely Lady,B6,2:40,Mixage,1983,Italy,Baby Records (2),BR 56051,Vinyl / LP | Mixed | Compilation,"Electronic, Pop","Italo-Disco, Synth-pop",Comp. Est,https://www.discogs.com/release/1042508-Various-Mixage,Dario Farina | Geoff Bastow,Dario Farina [Written-By] | Geoff Bastow [Written-By],
Various,Feelings,B7,3:16,Mixage,1983,Italy,Baby Records (2),BR 56051,Vinyl / LP | Mixed | Compilation,"Electronic, Pop","Italo-Disco, Synth-pop",Comp. Est,https://www.discogs.com/release/1042508-Various-Mixage,Morris Albert,Morris Albert [Written-By],
Various,Let's Get Busy,A1,,Trax House Masters,1988,UK,Blatant (2),BLATLP 7,Vinyl / LP | Compilation,Electronic,"House, Acid House",Comp. Est,https://www.discogs.com/release/68213-Various-Trax-House-Masters,,,
Various,House Nation (Remix),A2,,Trax House Masters,1988,UK,Blatant (2),BLATLP 7,Vinyl / LP | Compilation,Electronic,"House, Acid House",Comp. Est,https://www.discogs.com/release/68213-Various-Trax-House-Masters,,,
Various,Rock Steady,A3,,Trax House Masters,1988,UK,Blatant (2),BLATLP 7,Vinyl / LP | Compilation,Electronic,"House, Acid House",Comp. Est,https://www.discogs.com/release/68213-Various-Trax-House-Masters,,,
Various,House This House,A4,,Trax House Masters,1988,UK,Blatant (2),BLATLP 7,Vinyl / LP | Compilation,Electronic,"House, Acid House",Comp. Est,https://www.discogs.com/release/68213-Various-Trax-House-Masters,,,
Various,Baby Wants To Ride,A5,,Trax House Masters,1988,UK,Blatant (2),BLATLP 7,Vinyl / LP | Compilation,Electronic,"House, Acid House",Comp. Est,https://www.discogs.com/release/68213-Various-Trax-House-Masters,,,
Various,Funkin' With The Drums Again (Farley (Oh My God) Mix),B1,,Trax House Masters,1988,UK,Blatant (2),BLATLP 7,Vinyl / LP | Compilation,Electronic,"House, Acid House",Comp. Est,https://www.discogs.com/release/68213-Various-Trax-House-Masters,,,
Various,Your Only Friend,B2,,Trax House Masters,1988,UK,Blatant (2),BLATLP 7,Vinyl / LP | Compilation,Electronic,"House, Acid House",Comp. Est,https://www.discogs.com/release/68213-Various-Trax-House-Masters,,,
Various,Do It Properly (Adonis Mix),B3,,Trax House Masters,1988,UK,Blatant (2),BLATLP 7,Vinyl / LP | Compilation,Electronic,"House, Acid House",Comp. Est,https://www.discogs.com/release/68213-Various-Trax-House-Masters,,,
Various,Just For You,B4,,Trax House Masters,1988,UK,Blatant (2),BLATLP 7,Vinyl / LP | Compilation,Electronic,"House, Acid House",Comp. Est,https://www.discogs.com/release/68213-Various-Trax-House-Masters,,,
Various,Got The Bug (G.T.B.),B5,,Trax House Masters,1988,UK,Blatant (2),BLATLP 7,Vinyl / LP | Compilation,Electronic,"House, Acid House",Comp. Est,https://www.discogs.com/release/68213-Various-Trax-House-Masters,,,
The Rolling Stones,(I Can't Get No) Satisfaction,A1,3:40,The Rolling Stones,1981,Italy,Curcio,GSR - 1,Vinyl / LP | Compilation | Stereo,Rock,Classic Rock,Comp. Est,https://www.discogs.com/release/2271145-The-Rolling-Stones-The-Rolling-Stones,Jagger-Richards,Jagger-Richards [Written-By],
The Rolling Stones,Lady Jane,A2,3:06,The Rolling Stones,1981,Italy,Curcio,GSR - 1,Vinyl / LP | Compilation | Stereo,Rock,Classic Rock,Comp. Est,https://www.discogs.com/release/2271145-The-Rolling-Stones-The-Rolling-Stones,Jagger-Richards,Jagger-Richards [Written-By],
The Rolling Stones,Walking The Dog,A3,3:10,The Rolling Stones,1981,Italy,Curcio,GSR - 1,Vinyl / LP | Compilation | Stereo,Rock,Classic Rock,Comp. Est,https://www.discogs.com/release/2271145-The-Rolling-Stones-The-Rolling-Stones,Rufus Thomas,Rufus Thomas [Written-By],
The Rolling Stones,Jumpin' Jack Flash,A4,3:13,The Rolling Stones,1981,Italy,Curcio,GSR - 1,Vinyl / LP | Compilation | Stereo,Rock,Classic Rock,Comp. Est,https://www.discogs.com/release/2271145-The-Rolling-Stones-The-Rolling-Stones,Jagger-Richards,Jagger-Richards [Written-By],
The Rolling Stones,Little By Little,A5,2:35,The Rolling Stones,1981,Italy,Curcio,GSR - 1,Vinyl / LP | Compilation | Stereo,Rock,Classic Rock,Comp. Est,https://www.discogs.com/release/2271145-The-Rolling-Stones-The-Rolling-Stones,Nanker Phelge | Phil Spector,Nanker Phelge [Written-By] | Phil Spector [Written-By],
The Rolling Stones,Come On,A6,1:45,The Rolling Stones,1981,Italy,Curcio,GSR - 1,Vinyl / LP | Compilation | Stereo,Rock,Classic Rock,Comp. Est,https://www.discogs.com/release/2271145-The-Rolling-Stones-The-Rolling-Stones,Chuck Berry,Chuck Berry [Written-By],
The Rolling Stones,We Love You,B1,4:23,The Rolling Stones,1981,Italy,Curcio,GSR - 1,Vinyl / LP | Compilation | Stereo,Rock,Classic Rock,Comp. Est,https://www.discogs.com/release/2271145-The-Rolling-Stones-The-Rolling-Stones,Jagger-Richards,Jagger-Richards [Written-By],
The Rolling Stones,Route 66,B2,2:20,The Rolling Stones,1981,Italy,Curcio,GSR - 1,Vinyl / LP | Compilation | Stereo,Rock,Classic Rock,Comp. Est,https://www.discogs.com/release/2271145-The-Rolling-Stones-The-Rolling-Stones,Bobby Troup,Bobby Troup [Written-By],
The Rolling Stones,19th Nervous Breakdown,B3,3:25,The Rolling Stones,1981,Italy,Curcio,GSR - 1,Vinyl / LP | Compilation | Stereo,Rock,Classic Rock,Comp. Est,https://www.discogs.com/release/2271145-The-Rolling-Stones-The-Rolling-Stones,Jagger-Richards,Jagger-Richards [Written-By],
The Rolling Stones,Little Red Rooster,B4,3:00,The Rolling Stones,1981,Italy,Curcio,GSR - 1,Vinyl / LP | Compilation | Stereo,Rock,Classic Rock,Comp. Est,https://www.discogs.com/release/2271145-The-Rolling-Stones-The-Rolling-Stones,Willie Dixon,Willie Dixon [Written-By],
The Rolling Stones,I Just Wanna Make Love To You,B5,2:15,The Rolling Stones,1981,Italy,Curcio,GSR - 1,Vinyl / LP | Compilation | Stereo,Rock,Classic Rock,Comp. Est,https://www.discogs.com/release/2271145-The-Rolling-Stones-The-Rolling-Stones,Willie Dixon,Willie Dixon [Written-By],
The Rolling Stones,Not Fade Away,B6,1:55,The Rolling Stones,1981,Italy,Curcio,GSR - 1,Vinyl / LP | Compilation | Stereo,Rock,Classic Rock,Comp. Est,https://www.discogs.com/release/2271145-The-Rolling-Stones-The-Rolling-Stones,Charles Hardin | Norman Petty,Charles Hardin [Written-By] | Norman Petty [Written-By],
"Jerry Butler, Betty Everett, The Cleftones",He Will Break Your Heart,A1,2:46,Jerry Butler / Betty Everett / The Cleftones,1982,Italy,Curcio,GSR - 73,Vinyl / LP | Compilation | Stereo,"Rock, Pop","Rock & Roll, Soft Rock, Pop Rock",Comp. Est,https://www.discogs.com/release/5288619-Jerry-Butler-Betty-Everett-The-Cleftones-Jerry-Butler-Betty-Everett-The-Cleftones,Calvin Carter | Curtis Mayfield | Jerry Butler,Calvin Carter [Written-By] | Curtis Mayfield [Written-By] | Jerry Butler [Written-By],
"Jerry Butler, Betty Everett, The Cleftones",Find Another Girl,A2,2:42,Jerry Butler / Betty Everett / The Cleftones,1982,Italy,Curcio,GSR - 73,Vinyl / LP | Compilation | Stereo,"Rock, Pop","Rock & Roll, Soft Rock, Pop Rock",Comp. Est,https://www.discogs.com/release/5288619-Jerry-Butler-Betty-Everett-The-Cleftones-Jerry-Butler-Betty-Everett-The-Cleftones,Curtis Mayfield | Jerry Butler,Curtis Mayfield [Written-By] | Jerry Butler [Written-By],
"Jerry Butler, Betty Everett, The Cleftones",Aware Of Love,A3,2:10,Jerry Butler / Betty Everett / The Cleftones,1982,Italy,Curcio,GSR - 73,Vinyl / LP | Compilation | Stereo,"Rock, Pop","Rock & Roll, Soft Rock, Pop Rock",Comp. Est,https://www.discogs.com/release/5288619-Jerry-Butler-Betty-Everett-The-Cleftones-Jerry-Butler-Betty-Everett-The-Cleftones,Curtis Mayfield | Jerry Butler,Curtis Mayfield [Written-By] | Jerry Butler [Written-By],
"Jerry Butler, Betty Everett, The Cleftones",Where Do I Turn,A4,2:27,Jerry Butler / Betty Everett / The Cleftones,1982,Italy,Curcio,GSR - 73,Vinyl / LP | Compilation | Stereo,"Rock, Pop","Rock & Roll, Soft Rock, Pop Rock",Comp. Est,https://www.discogs.com/release/5288619-Jerry-Butler-Betty-Everett-The-Cleftones-Jerry-Butler-Betty-Everett-The-Cleftones,Arthur Harris | Fred Jay,Arthur Harris [Written-By] | Fred Jay [Written-By],
"Jerry Butler, Betty Everett, The Cleftones",The Challenge,A5,2:50,Jerry Butler / Betty Everett / The Cleftones,1982,Italy,Curcio,GSR - 73,Vinyl / LP | Compilation | Stereo,"Rock, Pop","Rock & Roll, Soft Rock, Pop Rock",Comp. Est,https://www.discogs.com/release/5288619-Jerry-Butler-Betty-Everett-The-Cleftones-Jerry-Butler-Betty-Everett-The-Cleftones,Charles Williams (11),Charles Williams (11) [Written-By],
"Jerry Butler, Betty Everett, The Cleftones",Chained To A Memory,A6,2:25,Jerry Butler / Betty Everett / The Cleftones,1982,Italy,Curcio,GSR - 73,Vinyl / LP | Compilation | Stereo,"Rock, Pop","Rock & Roll, Soft Rock, Pop Rock",Comp. Est,https://www.discogs.com/release/5288619-Jerry-Butler-Betty-Everett-The-Cleftones-Jerry-Butler-Betty-Everett-The-Cleftones,Kay Rogers | Richard Ahlert,Kay Rogers [Written-By] | Richard Ahlert [Written-By],
"Jerry Butler, Betty Everett, The Cleftones",Let It Be Me,A7,3:03,Jerry Butler / Betty Everett / The Cleftones,1982,Italy,Curcio,GSR - 73,Vinyl / LP | Compilation | Stereo,"Rock, Pop","Rock & Roll, Soft Rock, Pop Rock",Comp. Est,https://www.discogs.com/release/5288619-Jerry-Butler-Betty-Everett-The-Cleftones-Jerry-Butler-Betty-Everett-The-Cleftones,Gilbert Bécaud | Mann Curtis | Pierre Delanoë,Gilbert Bécaud [Written-By] | Mann Curtis [Written-By] | Pierre Delanoë [Written-By],
"Jerry Butler, Betty Everett, The Cleftones",It Hurts To Be In Love,B1,2:26,Jerry Butler / Betty Everett / The Cleftones,1982,Italy,Curcio,GSR - 73,Vinyl / LP | Compilation | Stereo,"Rock, Pop","Rock & Roll, Soft Rock, Pop Rock",Comp. Est,https://www.discogs.com/release/5288619-Jerry-Butler-Betty-Everett-The-Cleftones-Jerry-Butler-Betty-Everett-The-Cleftones,Julius Dixon | Rudolph Toombs,Julius Dixon [Written-By] | Rudolph Toombs [Written-By],
"Jerry Butler, Betty Everett, The Cleftones",Please Love Me ,B2,2:16,Jerry Butler / Betty Everett / The Cleftones,1982,Italy,Curcio,GSR - 73,Vinyl / LP | Compilation | Stereo,"Rock, Pop","Rock & Roll, Soft Rock, Pop Rock",Comp. Est,https://www.discogs.com/release/5288619-Jerry-Butler-Betty-Everett-The-Cleftones-Jerry-Butler-Betty-Everett-The-Cleftones,B.B. King | Jules Taub,B.B. King [Written-By] | Jules Taub [Written-By],
"Jerry Butler, Betty Everett, The Cleftones",I've Got A Claim On You,B3,2:15,Jerry Butler / Betty Everett / The Cleftones,1982,Italy,Curcio,GSR - 73,Vinyl / LP | Compilation | Stereo,"Rock, Pop","Rock & Roll, Soft Rock, Pop Rock",Comp. Est,https://www.discogs.com/release/5288619-Jerry-Butler-Betty-Everett-The-Cleftones-Jerry-Butler-Betty-Everett-The-Cleftones,Betty Everett,Betty Everett [Written-By],
"Jerry Butler, Betty Everett, The Cleftones",I Love You For Sentimental Reasons,B4,2:33,Jerry Butler / Betty Everett / The Cleftones,1982,Italy,Curcio,GSR - 73,Vinyl / LP | Compilation | Stereo,"Rock, Pop","Rock & Roll, Soft Rock, Pop Rock",Comp. Est,https://www.discogs.com/release/5288619-Jerry-Butler-Betty-Everett-The-Cleftones-Jerry-Butler-Betty-Everett-The-Cleftones,Deek Watson | William Best,Deek Watson [Written-By] | William Best [Written-By],
"Jerry Butler, Betty Everett, The Cleftones",Little Girl Of Mine,B5,2:54,Jerry Butler / Betty Everett / The Cleftones,1982,Italy,Curcio,GSR - 73,Vinyl / LP | Compilation | Stereo,"Rock, Pop","Rock & Roll, Soft Rock, Pop Rock",Comp. Est,https://www.discogs.com/release/5288619-Jerry-Butler-Betty-Everett-The-Cleftones-Jerry-Butler-Betty-Everett-The-Cleftones,Herbert Cox | Morris Levy,Herbert Cox [Written-By] | Morris Levy [Written-By],
"Jerry Butler, Betty Everett, The Cleftones",Can't We Be Sweethearts,B6,3:15,Jerry Butler / Betty Everett / The Cleftones,1982,Italy,Curcio,GSR - 73,Vinyl / LP | Compilation | Stereo,"Rock, Pop","Rock & Roll, Soft Rock, Pop Rock",Comp. Est,https://www.discogs.com/release/5288619-Jerry-Butler-Betty-Everett-The-Cleftones-Jerry-Butler-Betty-Everett-The-Cleftones,Herbert Cox | Morris Levy,Herbert Cox [Written-By] | Morris Levy [Written-By],
"Jerry Butler, Betty Everett, The Cleftones",Heart & Soul,B7,1:44,Jerry Butler / Betty Everett / The Cleftones,1982,Italy,Curcio,GSR - 73,Vinyl / LP | Compilation | Stereo,"Rock, Pop","Rock & Roll, Soft Rock, Pop Rock",Comp. Est,https://www.discogs.com/release/5288619-Jerry-Butler-Betty-Everett-The-Cleftones-Jerry-Butler-Betty-Everett-The-Cleftones,Frank Loesser | Hoagy Carmichael,Frank Loesser [Written-By] | Hoagy Carmichael [Written-By],
Billy Vera,Private Clown,A1,3:04,Billy Vera,1983,Italy,Curcio,GSR - 74,Vinyl / LP | Compilation | Stereo,Rock,Rock & Roll,Comp. Est,https://www.discogs.com/release/11652621-Billy-Vera-Billy-Vera,Billy Vera,Billy Vera [Written-By],
Billy Vera,My Girl Josephine,A2,2:47,Billy Vera,1983,Italy,Curcio,GSR - 74,Vinyl / LP | Compilation | Stereo,Rock,Rock & Roll,Comp. Est,https://www.discogs.com/release/11652621-Billy-Vera-Billy-Vera,Fats Domino,Fats Domino [Written-By],
Billy Vera,Big-Legged Mama,A3,4:37,Billy Vera,1983,Italy,Curcio,GSR - 74,Vinyl / LP | Compilation | Stereo,Rock,Rock & Roll,Comp. Est,https://www.discogs.com/release/11652621-Billy-Vera-Billy-Vera,Billy Vera,Billy Vera [Written-By],
Billy Vera,I've Had Enough,A4,3:31,Billy Vera,1983,Italy,Curcio,GSR - 74,Vinyl / LP | Compilation | Stereo,Rock,Rock & Roll,Comp. Est,https://www.discogs.com/release/11652621-Billy-Vera-Billy-Vera,Billy Vera,Billy Vera [Written-By],
Billy Vera,Nouveau Riche,A5,3:24,Billy Vera,1983,Italy,Curcio,GSR - 74,Vinyl / LP | Compilation | Stereo,Rock,Rock & Roll,Comp. Est,https://www.discogs.com/release/11652621-Billy-Vera-Billy-Vera,Billy Vera | L. Russell Brown,Billy Vera [Written-By] | L. Russell Brown [Written-By],
Billy Vera,Something Like Nothing Before,B1,4:46,Billy Vera,1983,Italy,Curcio,GSR - 74,Vinyl / LP | Compilation | Stereo,Rock,Rock & Roll,Comp. Est,https://www.discogs.com/release/11652621-Billy-Vera-Billy-Vera,Bob Crewe | L. Russell Brown,Bob Crewe [Written-By] | L. Russell Brown [Written-By],
Billy Vera,You Come And Go,B2,3:15,Billy Vera,1983,Italy,Curcio,GSR - 74,Vinyl / LP | Compilation | Stereo,Rock,Rock & Roll,Comp. Est,https://www.discogs.com/release/11652621-Billy-Vera-Billy-Vera,Irwin Levine | L. Russell Brown,Irwin Levine [Written-By] | L. Russell Brown [Written-By],
Billy Vera,Big Chief,B3,5:21,Billy Vera,1983,Italy,Curcio,GSR - 74,Vinyl / LP | Compilation | Stereo,Rock,Rock & Roll,Comp. Est,https://www.discogs.com/release/11652621-Billy-Vera-Billy-Vera,Billy Vera,Billy Vera [Written-By],
Billy Vera,Storybook Children,B4,3:39,Billy Vera,1983,Italy,Curcio,GSR - 74,Vinyl / LP | Compilation | Stereo,Rock,Rock & Roll,Comp. Est,https://www.discogs.com/release/11652621-Billy-Vera-Billy-Vera,Billy Vera | Chip Taylor,Billy Vera [Written-By] | Chip Taylor [Written-By],
"Small Faces, Amen Corner",Sha-La-La-La-Lee,A1,2:55,The Small Faces / Amen Corner,1982,Italy,Curcio,GSR - 75,Vinyl / LP | Compilation | Stereo,"Rock, Pop","Pop Rock, Psychedelic Rock, Classic Rock",Comp. Est,https://www.discogs.com/release/2623129-The-Small-Faces-Amen-Corner-The-Small-Faces-Amen-Corner,Kenny Lynch | Mort Shuman,Kenny Lynch [Written-By] | Mort Shuman [Written-By],
"Small Faces, Amen Corner",It's Too Late,A2,2:33,The Small Faces / Amen Corner,1982,Italy,Curcio,GSR - 75,Vinyl / LP | Compilation | Stereo,"Rock, Pop","Pop Rock, Psychedelic Rock, Classic Rock",Comp. Est,https://www.discogs.com/release/2623129-The-Small-Faces-Amen-Corner-The-Small-Faces-Amen-Corner,Jimmy Winston | Kenny Jones | Ronnie Lane | Steve Marriott,Jimmy Winston [Written-By] | Kenny Jones [Written-By] | Ronnie Lane [Written-By] | Steve Marriott [Written-By],
"Small Faces, Amen Corner",All Or Nothing,A3,3:03,The Small Faces / Amen Corner,1982,Italy,Curcio,GSR - 75,Vinyl / LP | Compilation | Stereo,"Rock, Pop","Pop Rock, Psychedelic Rock, Classic Rock",Comp. Est,https://www.discogs.com/release/2623129-The-Small-Faces-Amen-Corner-The-Small-Faces-Amen-Corner,Ronnie Lane | Steve Marriott,Ronnie Lane [Written-By] | Steve Marriott [Written-By],
"Small Faces, Amen Corner",Sorry She's Mine,A4,2:45,The Small Faces / Amen Corner,1982,Italy,Curcio,GSR - 75,Vinyl / LP | Compilation | Stereo,"Rock, Pop","Pop Rock, Psychedelic Rock, Classic Rock",Comp. Est,https://www.discogs.com/release/2623129-The-Small-Faces-Amen-Corner-The-Small-Faces-Amen-Corner,Kenny Lynch,Kenny Lynch [Written-By],
"Small Faces, Amen Corner",Hey Girl,A5,2:17,The Small Faces / Amen Corner,1982,Italy,Curcio,GSR - 75,Vinyl / LP | Compilation | Stereo,"Rock, Pop","Pop Rock, Psychedelic Rock, Classic Rock",Comp. Est,https://www.discogs.com/release/2623129-The-Small-Faces-Amen-Corner-The-Small-Faces-Amen-Corner,Ronnie Lane | Steve Marriott,Ronnie Lane [Written-By] | Steve Marriott [Written-By],
"Small Faces, Amen Corner",Come On Children,A6,4:15,The Small Faces / Amen Corner,1982,Italy,Curcio,GSR - 75,Vinyl / LP | Compilation | Stereo,"Rock, Pop","Pop Rock, Psychedelic Rock, Classic Rock",Comp. Est,https://www.discogs.com/release/2623129-The-Small-Faces-Amen-Corner-The-Small-Faces-Amen-Corner,Jimmy Winston | Kenny Jones | Ronnie Lane | Steve Marriott,Jimmy Winston [Written-By] | Kenny Jones [Written-By] | Ronnie Lane [Written-By] | Steve Marriott [Written-By],
"Small Faces, Amen Corner",What'cha Gonna Do About It,A7,1:58,The Small Faces / Amen Corner,1982,Italy,Curcio,GSR - 75,Vinyl / LP | Compilation | Stereo,"Rock, Pop","Pop Rock, Psychedelic Rock, Classic Rock",Comp. Est,https://www.discogs.com/release/2623129-The-Small-Faces-Amen-Corner-The-Small-Faces-Amen-Corner,Brian Potter | Ian Samwell,Brian Potter [Written-By] | Ian Samwell [Written-By],
"Small Faces, Amen Corner","Bend Me, Shape Me",B1,2:38,The Small Faces / Amen Corner,1982,Italy,Curcio,GSR - 75,Vinyl / LP | Compilation | Stereo,"Rock, Pop","Pop Rock, Psychedelic Rock, Classic Rock",Comp. Est,https://www.discogs.com/release/2623129-The-Small-Faces-Amen-Corner-The-Small-Faces-Amen-Corner,Larry Weiss | Scott English,Larry Weiss [Written-By] | Scott English [Written-By],
"Small Faces, Amen Corner",Gin House Blues,B2,3:10,The Small Faces / Amen Corner,1982,Italy,Curcio,GSR - 75,Vinyl / LP | Compilation | Stereo,"Rock, Pop","Pop Rock, Psychedelic Rock, Classic Rock",Comp. Est,https://www.discogs.com/release/2623129-The-Small-Faces-Amen-Corner-The-Small-Faces-Amen-Corner,Fletcher Henderson | Henry Troy,Fletcher Henderson [Written-By] | Henry Troy [Written-By],
"Small Faces, Amen Corner",Lost And Found,B3,2:02,The Small Faces / Amen Corner,1982,Italy,Curcio,GSR - 75,Vinyl / LP | Compilation | Stereo,"Rock, Pop","Pop Rock, Psychedelic Rock, Classic Rock",Comp. Est,https://www.discogs.com/release/2623129-The-Small-Faces-Amen-Corner-The-Small-Faces-Amen-Corner,Mickey Keen | Robin Shaw,Mickey Keen [Written-By] | Robin Shaw [Written-By],
"Small Faces, Amen Corner",High In The Sky,B4,3:03,The Small Faces / Amen Corner,1982,Italy,Curcio,GSR - 75,Vinyl / LP | Compilation | Stereo,"Rock, Pop","Pop Rock, Psychedelic Rock, Classic Rock",Comp. Est,https://www.discogs.com/release/2623129-The-Small-Faces-Amen-Corner-The-Small-Faces-Amen-Corner,Anthony King,Anthony King [Written-By],
"Small Faces, Amen Corner",Can't Get Used To Losing You,B5,2:37,The Small Faces / Amen Corner,1982,Italy,Curcio,GSR - 75,Vinyl / LP | Compilation | Stereo,"Rock, Pop","Pop Rock, Psychedelic Rock, Classic Rock",Comp. Est,https://www.discogs.com/release/2623129-The-Small-Faces-Amen-Corner-The-Small-Faces-Amen-Corner,Pomus-Shuman,Pomus-Shuman [Written-By],
"Small Faces, Amen Corner",I Know,B6,2:26,The Small Faces / Amen Corner,1982,Italy,Curcio,GSR - 75,Vinyl / LP | Compilation | Stereo,"Rock, Pop","Pop Rock, Psychedelic Rock, Classic Rock",Comp. Est,https://www.discogs.com/release/2623129-The-Small-Faces-Amen-Corner-The-Small-Faces-Amen-Corner,Andy Fairweather-Low,Andy Fairweather-Low [Written-By],
"Small Faces, Amen Corner",Something You Got,B7,3:09,The Small Faces / Amen Corner,1982,Italy,Curcio,GSR - 75,Vinyl / LP | Compilation | Stereo,"Rock, Pop","Pop Rock, Psychedelic Rock, Classic Rock",Comp. Est,https://www.discogs.com/release/2623129-The-Small-Faces-Amen-Corner-The-Small-Faces-Amen-Corner,Mickey Keen | Robin Shaw,Mickey Keen [Written-By] | Robin Shaw [Written-By],
"Gene Vincent, Little Richard",Story Of The Rockers,A1,2:12,Gene Vincent & Be-Bop-A-Lula / Little Richard,1982,Italy,Curcio,GSR - 76,Vinyl / LP | Compilation | Stereo,Rock,Rock & Roll,Comp. Est,https://www.discogs.com/release/7660138-Gene-Vincent-Little-Richard-Gene-Vincent-Be-Bop-A-Lula-Little-Richard,Jim Pewter,Jim Pewter [Written-By],
"Gene Vincent, Little Richard",Pickin' Poppies,A2,3:13,Gene Vincent & Be-Bop-A-Lula / Little Richard,1982,Italy,Curcio,GSR - 76,Vinyl / LP | Compilation | Stereo,Rock,Rock & Roll,Comp. Est,https://www.discogs.com/release/7660138-Gene-Vincent-Little-Richard-Gene-Vincent-Be-Bop-A-Lula-Little-Richard,Gene Vincent | Jackie Frisco,Gene Vincent [Written-By] | Jackie Frisco [Written-By],
"Gene Vincent, Little Richard",Be-Bop-A-Lula,A3,2:38,Gene Vincent & Be-Bop-A-Lula / Little Richard,1982,Italy,Curcio,GSR - 76,Vinyl / LP | Compilation | Stereo,Rock,Rock & Roll,Comp. Est,https://www.discogs.com/release/7660138-Gene-Vincent-Little-Richard-Gene-Vincent-Be-Bop-A-Lula-Little-Richard,Gene Vincent | Sheriff Tex Davis,Gene Vincent [Written-By] | Sheriff Tex Davis [Written-By],
"Gene Vincent, Little Richard",Pistol Packin' Mama,A4,2:01,Gene Vincent & Be-Bop-A-Lula / Little Richard,1982,Italy,Curcio,GSR - 76,Vinyl / LP | Compilation | Stereo,Rock,Rock & Roll,Comp. Est,https://www.discogs.com/release/7660138-Gene-Vincent-Little-Richard-Gene-Vincent-Be-Bop-A-Lula-Little-Richard,Al Dexter,Al Dexter [Written-By],
"Gene Vincent, Little Richard",Say Mama,A5,1:58,Gene Vincent & Be-Bop-A-Lula / Little Richard,1982,Italy,Curcio,GSR - 76,Vinyl / LP | Compilation | Stereo,Rock,Rock & Roll,Comp. Est,https://www.discogs.com/release/7660138-Gene-Vincent-Little-Richard-Gene-Vincent-Be-Bop-A-Lula-Little-Richard,Johnny Earl | Johnny Meeks,Johnny Earl [Written-By] | Johnny Meeks [Written-By],
"Gene Vincent, Little Richard",Rocky Road Blues,A6,2:19,Gene Vincent & Be-Bop-A-Lula / Little Richard,1982,Italy,Curcio,GSR - 76,Vinyl / LP | Compilation | Stereo,Rock,Rock & Roll,Comp. Est,https://www.discogs.com/release/7660138-Gene-Vincent-Little-Richard-Gene-Vincent-Be-Bop-A-Lula-Little-Richard,Bill Monroe,Bill Monroe [Written-By],
"Gene Vincent, Little Richard",Story Of The Rockers,A7,3:22,Gene Vincent & Be-Bop-A-Lula / Little Richard,1982,Italy,Curcio,GSR - 76,Vinyl / LP | Compilation | Stereo,Rock,Rock & Roll,Comp. Est,https://www.discogs.com/release/7660138-Gene-Vincent-Little-Richard-Gene-Vincent-Be-Bop-A-Lula-Little-Richard,Jim Pewter,Jim Pewter [Written-By],
"Gene Vincent, Little Richard",Keep A Knockin',B1,2:11,Gene Vincent & Be-Bop-A-Lula / Little Richard,1982,Italy,Curcio,GSR - 76,Vinyl / LP | Compilation | Stereo,Rock,Rock & Roll,Comp. Est,https://www.discogs.com/release/7660138-Gene-Vincent-Little-Richard-Gene-Vincent-Be-Bop-A-Lula-Little-Richard,Richard Penniman,Richard Penniman [Written-By],
"Gene Vincent, Little Richard",All Around The World,B2,2:19,Gene Vincent & Be-Bop-A-Lula / Little Richard,1982,Italy,Curcio,GSR - 76,Vinyl / LP | Compilation | Stereo,Rock,Rock & Roll,Comp. Est,https://www.discogs.com/release/7660138-Gene-Vincent-Little-Richard-Gene-Vincent-Be-Bop-A-Lula-Little-Richard,McKinley Millet | Robert Blackwell,McKinley Millet [Written-By] | Robert Blackwell [Written-By],
"Gene Vincent, Little Richard",She's Got It,B3,2:24,Gene Vincent & Be-Bop-A-Lula / Little Richard,1982,Italy,Curcio,GSR - 76,Vinyl / LP | Compilation | Stereo,Rock,Rock & Roll,Comp. Est,https://www.discogs.com/release/7660138-Gene-Vincent-Little-Richard-Gene-Vincent-Be-Bop-A-Lula-Little-Richard,John Marascalco | Richard Penniman,John Marascalco [Written-By] | Richard Penniman [Written-By],
"Gene Vincent, Little Richard",Send Me Some Lovin',B4,2:24,Gene Vincent & Be-Bop-A-Lula / Little Richard,1982,Italy,Curcio,GSR - 76,Vinyl / LP | Compilation | Stereo,Rock,Rock & Roll,Comp. Est,https://www.discogs.com/release/7660138-Gene-Vincent-Little-Richard-Gene-Vincent-Be-Bop-A-Lula-Little-Richard,John Marascalco | Leo Price (2),John Marascalco [Written-By] | Leo Price (2) [Written-By],
"Gene Vincent, Little Richard",Can't Believe You Wanna Leave,B5,2:26,Gene Vincent & Be-Bop-A-Lula / Little Richard,1982,Italy,Curcio,GSR - 76,Vinyl / LP | Compilation | Stereo,Rock,Rock & Roll,Comp. Est,https://www.discogs.com/release/7660138-Gene-Vincent-Little-Richard-Gene-Vincent-Be-Bop-A-Lula-Little-Richard,Leo Price (2),Leo Price (2) [Written-By],
"Gene Vincent, Little Richard",A Whole Lotta Shakin' Goin' On,B6,2:26,Gene Vincent & Be-Bop-A-Lula / Little Richard,1982,Italy,Curcio,GSR - 76,Vinyl / LP | Compilation | Stereo,Rock,Rock & Roll,Comp. Est,https://www.discogs.com/release/7660138-Gene-Vincent-Little-Richard-Gene-Vincent-Be-Bop-A-Lula-Little-Richard,Dave Williams (7) | Sunny David,Dave Williams (7) [Written-By] | Sunny David [Written-By],
"Gene Vincent, Little Richard",Groovy Little Suzy,B7,2:16,Gene Vincent & Be-Bop-A-Lula / Little Richard,1982,Italy,Curcio,GSR - 76,Vinyl / LP | Compilation | Stereo,Rock,Rock & Roll,Comp. Est,https://www.discogs.com/release/7660138-Gene-Vincent-Little-Richard-Gene-Vincent-Be-Bop-A-Lula-Little-Richard,John Marascalco,John Marascalco [Written-By],
"Fats Domino, Mike Bloomfield, The Electric Flag",I'm Walkin',A1,3:25,Fats Domino / Mike Bloomfield & Electric Flag,1982,Italy,Curcio,GSR - 77,Vinyl / LP | Compilation | Stereo,"Jazz, Blues",,Comp. Est,https://www.discogs.com/release/4608375-Fats-Domino-Mike-Bloomfield-Electric-Flag-Fats-Domino-Mike-Bloomfield-Electric-Flag,Domino & Bartholomew,Domino & Bartholomew [Written-By],
"Fats Domino, Mike Bloomfield, The Electric Flag",Blue Monday,A2,2:10,Fats Domino / Mike Bloomfield & Electric Flag,1982,Italy,Curcio,GSR - 77,Vinyl / LP | Compilation | Stereo,"Jazz, Blues",,Comp. Est,https://www.discogs.com/release/4608375-Fats-Domino-Mike-Bloomfield-Electric-Flag-Fats-Domino-Mike-Bloomfield-Electric-Flag,Domino & Bartholomew,Domino & Bartholomew [Written-By],
"Fats Domino, Mike Bloomfield, The Electric Flag",The Fat Man,A3,2:10,Fats Domino / Mike Bloomfield & Electric Flag,1982,Italy,Curcio,GSR - 77,Vinyl / LP | Compilation | Stereo,"Jazz, Blues",,Comp. Est,https://www.discogs.com/release/4608375-Fats-Domino-Mike-Bloomfield-Electric-Flag-Fats-Domino-Mike-Bloomfield-Electric-Flag,Domino & Bartholomew,Domino & Bartholomew [Written-By],
"Fats Domino, Mike Bloomfield, The Electric Flag",I'm In Love Again,A4,1:30,Fats Domino / Mike Bloomfield & Electric Flag,1982,Italy,Curcio,GSR - 77,Vinyl / LP | Compilation | Stereo,"Jazz, Blues",,Comp. Est,https://www.discogs.com/release/4608375-Fats-Domino-Mike-Bloomfield-Electric-Flag-Fats-Domino-Mike-Bloomfield-Electric-Flag,Domino & Bartholomew,Domino & Bartholomew [Written-By],
"Fats Domino, Mike Bloomfield, The Electric Flag",My Girl Josephine,A5,1:25,Fats Domino / Mike Bloomfield & Electric Flag,1982,Italy,Curcio,GSR - 77,Vinyl / LP | Compilation | Stereo,"Jazz, Blues",,Comp. Est,https://www.discogs.com/release/4608375-Fats-Domino-Mike-Bloomfield-Electric-Flag-Fats-Domino-Mike-Bloomfield-Electric-Flag,Domino & Bartholomew,Domino & Bartholomew [Written-By],
"Fats Domino, Mike Bloomfield, The Electric Flag",I Can't Go On This Way (Rosalie),A6,2:00,Fats Domino / Mike Bloomfield & Electric Flag,1982,Italy,Curcio,GSR - 77,Vinyl / LP | Compilation | Stereo,"Jazz, Blues",,Comp. Est,https://www.discogs.com/release/4608375-Fats-Domino-Mike-Bloomfield-Electric-Flag-Fats-Domino-Mike-Bloomfield-Electric-Flag,Domino & Bartholomew,Domino & Bartholomew [Written-By],
"Fats Domino, Mike Bloomfield, The Electric Flag",Lady Madonna,A7,2:05,Fats Domino / Mike Bloomfield & Electric Flag,1982,Italy,Curcio,GSR - 77,Vinyl / LP | Compilation | Stereo,"Jazz, Blues",,Comp. Est,https://www.discogs.com/release/4608375-Fats-Domino-Mike-Bloomfield-Electric-Flag-Fats-Domino-Mike-Bloomfield-Electric-Flag,Lennon-McCartney,Lennon-McCartney [Written-By],
"Fats Domino, Mike Bloomfield, The Electric Flag",I Want To Walk You Home,A8,2:30,Fats Domino / Mike Bloomfield & Electric Flag,1982,Italy,Curcio,GSR - 77,Vinyl / LP | Compilation | Stereo,"Jazz, Blues",,Comp. Est,https://www.discogs.com/release/4608375-Fats-Domino-Mike-Bloomfield-Electric-Flag-Fats-Domino-Mike-Bloomfield-Electric-Flag,Domino & Bartholomew,Domino & Bartholomew [Written-By],
"Fats Domino, Mike Bloomfield, The Electric Flag",Stardust,A9,2:45,Fats Domino / Mike Bloomfield & Electric Flag,1982,Italy,Curcio,GSR - 77,Vinyl / LP | Compilation | Stereo,"Jazz, Blues",,Comp. Est,https://www.discogs.com/release/4608375-Fats-Domino-Mike-Bloomfield-Electric-Flag-Fats-Domino-Mike-Bloomfield-Electric-Flag,Fats Domino,Fats Domino [Written-By],
"Fats Domino, Mike Bloomfield, The Electric Flag",Eyesight To The Blind,B1,4:12,Fats Domino / Mike Bloomfield & Electric Flag,1982,Italy,Curcio,GSR - 77,Vinyl / LP | Compilation | Stereo,"Jazz, Blues",,Comp. Est,https://www.discogs.com/release/4608375-Fats-Domino-Mike-Bloomfield-Electric-Flag-Fats-Domino-Mike-Bloomfield-Electric-Flag,David,David [Written By],
"Fats Domino, Mike Bloomfield, The Electric Flag",Women Lovin' Each Other,B2,8:20,Fats Domino / Mike Bloomfield & Electric Flag,1982,Italy,Curcio,GSR - 77,Vinyl / LP | Compilation | Stereo,"Jazz, Blues",,Comp. Est,https://www.discogs.com/release/4608375-Fats-Domino-Mike-Bloomfield-Electric-Flag-Fats-Domino-Mike-Bloomfield-Electric-Flag,David,David [Written By],
"Fats Domino, Mike Bloomfield, The Electric Flag",I'm Glad I'm Jewish,B3,3:10,Fats Domino / Mike Bloomfield & Electric Flag,1982,Italy,Curcio,GSR - 77,Vinyl / LP | Compilation | Stereo,"Jazz, Blues",,Comp. Est,https://www.discogs.com/release/4608375-Fats-Domino-Mike-Bloomfield-Electric-Flag-Fats-Domino-Mike-Bloomfield-Electric-Flag,David,David [Written By],
"Fats Domino, Mike Bloomfield, The Electric Flag","Lo, Though I Am With Thee",B4,3:38,Fats Domino / Mike Bloomfield & Electric Flag,1982,Italy,Curcio,GSR - 77,Vinyl / LP | Compilation | Stereo,"Jazz, Blues",,Comp. Est,https://www.discogs.com/release/4608375-Fats-Domino-Mike-Bloomfield-Electric-Flag-Fats-Domino-Mike-Bloomfield-Electric-Flag,David,David [Written By],
"Preston Epps, Limmie & Family Cookin'",Bongola,A1,2:05,Preston Epps / Limmie & Family Cookin',1982,Italy,Curcio,GSR - 78,Vinyl / LP | Compilation | Stereo,Funk / Soul,,Comp. Est,https://www.discogs.com/release/3231458-Preston-Epps-Limmie-Family-Cookin-Preston-Epps-Limmie-Family-Cookin,Arthur Egnoian | Preston Epps,Arthur Egnoian [Written-By] | Preston Epps [Written-By],
"Preston Epps, Limmie & Family Cookin'",Stormy Bongo,A2,2:27,Preston Epps / Limmie & Family Cookin',1982,Italy,Curcio,GSR - 78,Vinyl / LP | Compilation | Stereo,Funk / Soul,,Comp. Est,https://www.discogs.com/release/3231458-Preston-Epps-Limmie-Family-Cookin-Preston-Epps-Limmie-Family-Cookin,Arthur Egnoian | Preston Epps,Arthur Egnoian [Written-By] | Preston Epps [Written-By],
"Preston Epps, Limmie & Family Cookin'",Blue Bongo,A3,2:20,Preston Epps / Limmie & Family Cookin',1982,Italy,Curcio,GSR - 78,Vinyl / LP | Compilation | Stereo,Funk / Soul,,Comp. Est,https://www.discogs.com/release/3231458-Preston-Epps-Limmie-Family-Cookin-Preston-Epps-Limmie-Family-Cookin,Arthur Egnoian | Preston Epps,Arthur Egnoian [Written-By] | Preston Epps [Written-By],
"Preston Epps, Limmie & Family Cookin'",Tenderly,A4,3:05,Preston Epps / Limmie & Family Cookin',1982,Italy,Curcio,GSR - 78,Vinyl / LP | Compilation | Stereo,Funk / Soul,,Comp. Est,https://www.discogs.com/release/3231458-Preston-Epps-Limmie-Family-Cookin-Preston-Epps-Limmie-Family-Cookin,Jack Lawrence (2) | Walter Gross,Jack Lawrence (2) [Written-By] | Walter Gross [Written-By],
"Preston Epps, Limmie & Family Cookin'",Caravan,A5,1:50,Preston Epps / Limmie & Family Cookin',1982,Italy,Curcio,GSR - 78,Vinyl / LP | Compilation | Stereo,Funk / Soul,,Comp. Est,https://www.discogs.com/release/3231458-Preston-Epps-Limmie-Family-Cookin-Preston-Epps-Limmie-Family-Cookin,Duke Ellington | Irving Mills | Juan Tizol,Duke Ellington [Written-By] | Irving Mills [Written-By] | Juan Tizol [Written-By],
"Preston Epps, Limmie & Family Cookin'",Bongos In Paradise,A6,2:30,Preston Epps / Limmie & Family Cookin',1982,Italy,Curcio,GSR - 78,Vinyl / LP | Compilation | Stereo,Funk / Soul,,Comp. Est,https://www.discogs.com/release/3231458-Preston-Epps-Limmie-Family-Cookin-Preston-Epps-Limmie-Family-Cookin,Arthur Egnoian | Preston Epps,Arthur Egnoian [Written-By] | Preston Epps [Written-By],
"Preston Epps, Limmie & Family Cookin'",Cherokee,A7,1:45,Preston Epps / Limmie & Family Cookin',1982,Italy,Curcio,GSR - 78,Vinyl / LP | Compilation | Stereo,Funk / Soul,,Comp. Est,https://www.discogs.com/release/3231458-Preston-Epps-Limmie-Family-Cookin-Preston-Epps-Limmie-Family-Cookin,Ray Noble,Ray Noble [Written-By],
"Preston Epps, Limmie & Family Cookin'",Bongo Hop,A8,1:58,Preston Epps / Limmie & Family Cookin',1982,Italy,Curcio,GSR - 78,Vinyl / LP | Compilation | Stereo,Funk / Soul,,Comp. Est,https://www.discogs.com/release/3231458-Preston-Epps-Limmie-Family-Cookin-Preston-Epps-Limmie-Family-Cookin,Arthur Egnoian | Preston Epps,Arthur Egnoian [Written-By] | Preston Epps [Written-By],
"Preston Epps, Limmie & Family Cookin'",I Can Do It In My Sleep,B1,3:45,Preston Epps / Limmie & Family Cookin',1982,Italy,Curcio,GSR - 78,Vinyl / LP | Compilation | Stereo,Funk / Soul,,Comp. Est,https://www.discogs.com/release/3231458-Preston-Epps-Limmie-Family-Cookin-Preston-Epps-Limmie-Family-Cookin,Estelle Levitt | Helen Miller,Estelle Levitt [Written-By] | Helen Miller [Written-By],
"Preston Epps, Limmie & Family Cookin'",Good Man,B2,2:56,Preston Epps / Limmie & Family Cookin',1982,Italy,Curcio,GSR - 78,Vinyl / LP | Compilation | Stereo,Funk / Soul,,Comp. Est,https://www.discogs.com/release/3231458-Preston-Epps-Limmie-Family-Cookin-Preston-Epps-Limmie-Family-Cookin,Jones,Jones [Written By],
"Preston Epps, Limmie & Family Cookin'",I Don't Know What I'd Do,B3,3:20,Preston Epps / Limmie & Family Cookin',1982,Italy,Curcio,GSR - 78,Vinyl / LP | Compilation | Stereo,Funk / Soul,,Comp. Est,https://www.discogs.com/release/3231458-Preston-Epps-Limmie-Family-Cookin-Preston-Epps-Limmie-Family-Cookin,Ray Barnes | Victor Hall,Ray Barnes [Written-By] | Victor Hall [Written-By],
"Preston Epps, Limmie & Family Cookin'",Check It Out,B4,3:10,Preston Epps / Limmie & Family Cookin',1982,Italy,Curcio,GSR - 78,Vinyl / LP | Compilation | Stereo,Funk / Soul,,Comp. Est,https://www.discogs.com/release/3231458-Preston-Epps-Limmie-Family-Cookin-Preston-Epps-Limmie-Family-Cookin,Bobby Womack,Bobby Womack [Written-By],
"Preston Epps, Limmie & Family Cookin'",Disco Dance And Party,B5,2:50,Preston Epps / Limmie & Family Cookin',1982,Italy,Curcio,GSR - 78,Vinyl / LP | Compilation | Stereo,Funk / Soul,,Comp. Est,https://www.discogs.com/release/3231458-Preston-Epps-Limmie-Family-Cookin-Preston-Epps-Limmie-Family-Cookin,Harry Bowens | Ray Barnes,Harry Bowens [Written-By] | Ray Barnes [Written-By],
"Bobby Rydell, Robert & Johnny, Sonny Til And The Orioles",Volare,A1,2:39,Bobby Rydell / Robert And Johnny / Sonny Till & The Orioles,1982,Italy,Curcio,GSR - 79,Vinyl / LP | Compilation | Stereo,"Rock, Funk / Soul","Soul, Rhythm & Blues, Rock & Roll, Doo Wop",Comp. Est,https://www.discogs.com/release/5864028-Bobby-Rydell-Robert-And-Johnny-Sonny-Till-The-Orioles-Bobby-Rydell-Robert-And-Johnny-Sonny-Till-The-,Domenico Modugno | Mitchell Parish,Domenico Modugno [Written-By] | Mitchell Parish [Written-By],
"Bobby Rydell, Robert & Johnny, Sonny Til And The Orioles",Forget Him,A2,2:06,Bobby Rydell / Robert And Johnny / Sonny Till & The Orioles,1982,Italy,Curcio,GSR - 79,Vinyl / LP | Compilation | Stereo,"Rock, Funk / Soul","Soul, Rhythm & Blues, Rock & Roll, Doo Wop",Comp. Est,https://www.discogs.com/release/5864028-Bobby-Rydell-Robert-And-Johnny-Sonny-Till-The-Orioles-Bobby-Rydell-Robert-And-Johnny-Sonny-Till-The-,Mark Anthony (7),Mark Anthony (7) [Written-By],
"Bobby Rydell, Robert & Johnny, Sonny Til And The Orioles",Wild One,A3,2:16,Bobby Rydell / Robert And Johnny / Sonny Till & The Orioles,1982,Italy,Curcio,GSR - 79,Vinyl / LP | Compilation | Stereo,"Rock, Funk / Soul","Soul, Rhythm & Blues, Rock & Roll, Doo Wop",Comp. Est,https://www.discogs.com/release/5864028-Bobby-Rydell-Robert-And-Johnny-Sonny-Till-The-Orioles-Bobby-Rydell-Robert-And-Johnny-Sonny-Till-The-,Bernie Lowe | Dave Appell | Kal Mann,Bernie Lowe [Written-By] | Dave Appell [Written-By] | Kal Mann [Written-By],
"Bobby Rydell, Robert & Johnny, Sonny Til And The Orioles",We Got Love,A4,2:22,Bobby Rydell / Robert And Johnny / Sonny Till & The Orioles,1982,Italy,Curcio,GSR - 79,Vinyl / LP | Compilation | Stereo,"Rock, Funk / Soul","Soul, Rhythm & Blues, Rock & Roll, Doo Wop",Comp. Est,https://www.discogs.com/release/5864028-Bobby-Rydell-Robert-And-Johnny-Sonny-Till-The-Orioles-Bobby-Rydell-Robert-And-Johnny-Sonny-Till-The-,Bernie Lowe | Kal Mann,Bernie Lowe [Written-By] | Kal Mann [Written-By],
"Bobby Rydell, Robert & Johnny, Sonny Til And The Orioles",Swingin' School,A5,2:13,Bobby Rydell / Robert And Johnny / Sonny Till & The Orioles,1982,Italy,Curcio,GSR - 79,Vinyl / LP | Compilation | Stereo,"Rock, Funk / Soul","Soul, Rhythm & Blues, Rock & Roll, Doo Wop",Comp. Est,https://www.discogs.com/release/5864028-Bobby-Rydell-Robert-And-Johnny-Sonny-Till-The-Orioles-Bobby-Rydell-Robert-And-Johnny-Sonny-Till-The-,Bernie Lowe | Kal Mann,Bernie Lowe [Written-By] | Kal Mann [Written-By],
"Bobby Rydell, Robert & Johnny, Sonny Til And The Orioles",Togetherness,A6,2:28,Bobby Rydell / Robert And Johnny / Sonny Till & The Orioles,1982,Italy,Curcio,GSR - 79,Vinyl / LP | Compilation | Stereo,"Rock, Funk / Soul","Soul, Rhythm & Blues, Rock & Roll, Doo Wop",Comp. Est,https://www.discogs.com/release/5864028-Bobby-Rydell-Robert-And-Johnny-Sonny-Till-The-Orioles-Bobby-Rydell-Robert-And-Johnny-Sonny-Till-The-,Johnny Mitchell | Robert Carr,Johnny Mitchell [Written-By] | Robert Carr [Written-By],
"Bobby Rydell, Robert & Johnny, Sonny Til And The Orioles",Hear My Heart Beat,A7,2:28,Bobby Rydell / Robert And Johnny / Sonny Till & The Orioles,1982,Italy,Curcio,GSR - 79,Vinyl / LP | Compilation | Stereo,"Rock, Funk / Soul","Soul, Rhythm & Blues, Rock & Roll, Doo Wop",Comp. Est,https://www.discogs.com/release/5864028-Bobby-Rydell-Robert-And-Johnny-Sonny-Till-The-Orioles-Bobby-Rydell-Robert-And-Johnny-Sonny-Till-The-,Johnny Mitchell | Robert Carr,Johnny Mitchell [Written-By] | Robert Carr [Written-By],
"Bobby Rydell, Robert & Johnny, Sonny Til And The Orioles",I'm Truly Truly Yours,B1,2:40,Bobby Rydell / Robert And Johnny / Sonny Till & The Orioles,1982,Italy,Curcio,GSR - 79,Vinyl / LP | Compilation | Stereo,"Rock, Funk / Soul","Soul, Rhythm & Blues, Rock & Roll, Doo Wop",Comp. Est,https://www.discogs.com/release/5864028-Bobby-Rydell-Robert-And-Johnny-Sonny-Till-The-Orioles-Bobby-Rydell-Robert-And-Johnny-Sonny-Till-The-,Johnny Mitchell | Robert Carr,Johnny Mitchell [Written-By] | Robert Carr [Written-By],
"Bobby Rydell, Robert & Johnny, Sonny Til And The Orioles","Baby, Please Don't Go",B2,2:24,Bobby Rydell / Robert And Johnny / Sonny Till & The Orioles,1982,Italy,Curcio,GSR - 79,Vinyl / LP | Compilation | Stereo,"Rock, Funk / Soul","Soul, Rhythm & Blues, Rock & Roll, Doo Wop",Comp. Est,https://www.discogs.com/release/5864028-Bobby-Rydell-Robert-And-Johnny-Sonny-Till-The-Orioles-Bobby-Rydell-Robert-And-Johnny-Sonny-Till-The-,Big Joe Williams,Big Joe Williams [Written-By],
"Bobby Rydell, Robert & Johnny, Sonny Til And The Orioles",Secret Love,B3,2:08,Bobby Rydell / Robert And Johnny / Sonny Till & The Orioles,1982,Italy,Curcio,GSR - 79,Vinyl / LP | Compilation | Stereo,"Rock, Funk / Soul","Soul, Rhythm & Blues, Rock & Roll, Doo Wop",Comp. Est,https://www.discogs.com/release/5864028-Bobby-Rydell-Robert-And-Johnny-Sonny-Till-The-Orioles-Bobby-Rydell-Robert-And-Johnny-Sonny-Till-The-,Paul Francis Webster | Sammy Fain,Paul Francis Webster [Written-By] | Sammy Fain [Written-By],
"Bobby Rydell, Robert & Johnny, Sonny Til And The Orioles",Forgive And Forget,B4,3:05,Bobby Rydell / Robert And Johnny / Sonny Till & The Orioles,1982,Italy,Curcio,GSR - 79,Vinyl / LP | Compilation | Stereo,"Rock, Funk / Soul","Soul, Rhythm & Blues, Rock & Roll, Doo Wop",Comp. Est,https://www.discogs.com/release/5864028-Bobby-Rydell-Robert-And-Johnny-Sonny-Till-The-Orioles-Bobby-Rydell-Robert-And-Johnny-Sonny-Till-The-,Deborah Chessler,Deborah Chessler [Written-By],
"Bobby Rydell, Robert & Johnny, Sonny Til And The Orioles",Tell Me So,B5,3:10,Bobby Rydell / Robert And Johnny / Sonny Till & The Orioles,1982,Italy,Curcio,GSR - 79,Vinyl / LP | Compilation | Stereo,"Rock, Funk / Soul","Soul, Rhythm & Blues, Rock & Roll, Doo Wop",Comp. Est,https://www.discogs.com/release/5864028-Bobby-Rydell-Robert-And-Johnny-Sonny-Till-The-Orioles-Bobby-Rydell-Robert-And-Johnny-Sonny-Till-The-,Deborah Chessler,Deborah Chessler [Written-By],
"Bobby Rydell, Robert & Johnny, Sonny Til And The Orioles",It's Too Soon To Know,B6,2:22,Bobby Rydell / Robert And Johnny / Sonny Till & The Orioles,1982,Italy,Curcio,GSR - 79,Vinyl / LP | Compilation | Stereo,"Rock, Funk / Soul","Soul, Rhythm & Blues, Rock & Roll, Doo Wop",Comp. Est,https://www.discogs.com/release/5864028-Bobby-Rydell-Robert-And-Johnny-Sonny-Till-The-Orioles-Bobby-Rydell-Robert-And-Johnny-Sonny-Till-The-,Deborah Chessler,Deborah Chessler [Written-By],
I Condor,Medley: Cumparsita,,,Cumparsita Dance,1984,Italy,"Durium, Durium","ms AI 77443, msAI 77443",Vinyl / LP,"Electronic, Latin",Disco,Comp. Est,https://www.discogs.com/release/3319668-I-Condor-Cumparsita-Dance,,,
I Condor,"One, Two, Three",A1.a,2:40,Cumparsita Dance,1984,Italy,"Durium, Durium","ms AI 77443, msAI 77443",Vinyl / LP,"Electronic, Latin",Disco,Comp. Est,https://www.discogs.com/release/3319668-I-Condor-Cumparsita-Dance,John Raymonds | Lubiak | Obras,John Raymonds [Written-By] | Lubiak [Written-By] | Obras [Written-By],
I Condor,La Cumparsita,A1.b,2:38,Cumparsita Dance,1984,Italy,"Durium, Durium","ms AI 77443, msAI 77443",Vinyl / LP,"Electronic, Latin",Disco,Comp. Est,https://www.discogs.com/release/3319668-I-Condor-Cumparsita-Dance,Gerardo Matos Rodríguez,Gerardo Matos Rodríguez [Written-By],
I Condor,Medley: El Choclo,,,Cumparsita Dance,1984,Italy,"Durium, Durium","ms AI 77443, msAI 77443",Vinyl / LP,"Electronic, Latin",Disco,Comp. Est,https://www.discogs.com/release/3319668-I-Condor-Cumparsita-Dance,,,
I Condor,My Tango Is Playing Tonight,A2.a,3:22,Cumparsita Dance,1984,Italy,"Durium, Durium","ms AI 77443, msAI 77443",Vinyl / LP,"Electronic, Latin",Disco,Comp. Est,https://www.discogs.com/release/3319668-I-Condor-Cumparsita-Dance,Lubiak | Maurizio Bassi | Mike Logan (2),Lubiak [Written-By] | Maurizio Bassi [Written-By] | Mike Logan (2) [Written-By],
I Condor,El Choclo,A2.b,3:00,Cumparsita Dance,1984,Italy,"Durium, Durium","ms AI 77443, msAI 77443",Vinyl / LP,"Electronic, Latin",Disco,Comp. Est,https://www.discogs.com/release/3319668-I-Condor-Cumparsita-Dance,Angel Villoldo,Angel Villoldo [Written-By],
I Condor,Medley: Uno,,,Cumparsita Dance,1984,Italy,"Durium, Durium","ms AI 77443, msAI 77443",Vinyl / LP,"Electronic, Latin",Disco,Comp. Est,https://www.discogs.com/release/3319668-I-Condor-Cumparsita-Dance,,,
I Condor,Dancing A Tango,A3.a,2:22,Cumparsita Dance,1984,Italy,"Durium, Durium","ms AI 77443, msAI 77443",Vinyl / LP,"Electronic, Latin",Disco,Comp. Est,https://www.discogs.com/release/3319668-I-Condor-Cumparsita-Dance,John Raymonds | Obras,John Raymonds [Written-By] | Obras [Written-By],
I Condor,Uno,A3.b,3:00,Cumparsita Dance,1984,Italy,"Durium, Durium","ms AI 77443, msAI 77443",Vinyl / LP,"Electronic, Latin",Disco,Comp. Est,https://www.discogs.com/release/3319668-I-Condor-Cumparsita-Dance,Mariano Mores,Mariano Mores [Written-By],
I Condor,Medley: Adios Pampa Mia,,,Cumparsita Dance,1984,Italy,"Durium, Durium","ms AI 77443, msAI 77443",Vinyl / LP,"Electronic, Latin",Disco,Comp. Est,https://www.discogs.com/release/3319668-I-Condor-Cumparsita-Dance,,,
I Condor,Caramba Caballeros,B1.a,2:40,Cumparsita Dance,1984,Italy,"Durium, Durium","ms AI 77443, msAI 77443",Vinyl / LP,"Electronic, Latin",Disco,Comp. Est,https://www.discogs.com/release/3319668-I-Condor-Cumparsita-Dance,John Raymonds | Obras,John Raymonds [Written-By] | Obras [Written-By],
I Condor,Adios Pampa Mia,B1.b,2:36,Cumparsita Dance,1984,Italy,"Durium, Durium","ms AI 77443, msAI 77443",Vinyl / LP,"Electronic, Latin",Disco,Comp. Est,https://www.discogs.com/release/3319668-I-Condor-Cumparsita-Dance,Francisco Canaro | Ivo Pelay | Mariano Mores,Francisco Canaro [Written-By] | Ivo Pelay [Written-By] | Mariano Mores [Written-By],
I Condor,Medley: Adios Muchachos,,,Cumparsita Dance,1984,Italy,"Durium, Durium","ms AI 77443, msAI 77443",Vinyl / LP,"Electronic, Latin",Disco,Comp. Est,https://www.discogs.com/release/3319668-I-Condor-Cumparsita-Dance,,,
I Condor,Tango In Major,B2.a,3:04,Cumparsita Dance,1984,Italy,"Durium, Durium","ms AI 77443, msAI 77443",Vinyl / LP,"Electronic, Latin",Disco,Comp. Est,https://www.discogs.com/release/3319668-I-Condor-Cumparsita-Dance,Lubiak | Maurizio Bassi | Mike Logan (2),Lubiak [Written-By] | Maurizio Bassi [Written-By] | Mike Logan (2) [Written-By],
I Condor,Adios Muchachos,B2.b,3:10,Cumparsita Dance,1984,Italy,"Durium, Durium","ms AI 77443, msAI 77443",Vinyl / LP,"Electronic, Latin",Disco,Comp. Est,https://www.discogs.com/release/3319668-I-Condor-Cumparsita-Dance,Cesar F. Vedani | Julio Sanders | Nino Rastelli,Cesar F. Vedani [Written-By] | Julio Sanders [Written-By] | Nino Rastelli [Written-By],
I Condor,Medley: Caminito,,,Cumparsita Dance,1984,Italy,"Durium, Durium","ms AI 77443, msAI 77443",Vinyl / LP,"Electronic, Latin",Disco,Comp. Est,https://www.discogs.com/release/3319668-I-Condor-Cumparsita-Dance,,,
I Condor,Te Quiero Caminito,B3.a,3:05,Cumparsita Dance,1984,Italy,"Durium, Durium","ms AI 77443, msAI 77443",Vinyl / LP,"Electronic, Latin",Disco,Comp. Est,https://www.discogs.com/release/3319668-I-Condor-Cumparsita-Dance,Lubiak | Maurizio Bassi | Mike Logan (2),Lubiak [Written-By] | Maurizio Bassi [Written-By] | Mike Logan (2) [Written-By],
I Condor,Caminito,B3.b,3:04,Cumparsita Dance,1984,Italy,"Durium, Durium","ms AI 77443, msAI 77443",Vinyl / LP,"Electronic, Latin",Disco,Comp. Est,https://www.discogs.com/release/3319668-I-Condor-Cumparsita-Dance,Juan de Dios Filiberto,Juan de Dios Filiberto [Written-By],
Various,Cuesta Abajo,A1,3:20,Recordar Es Vivir - Tangos,1975,Peru,EMI,ELD 03.21.285,Vinyl / LP | Compilation | Stereo,Latin,Tango,Comp. Est,https://www.discogs.com/release/10358328-Various-Recordar-Es-Vivir-Tangos,,,
Various,"Yira, Yira",A2,2:49,Recordar Es Vivir - Tangos,1975,Peru,EMI,ELD 03.21.285,Vinyl / LP | Compilation | Stereo,Latin,Tango,Comp. Est,https://www.discogs.com/release/10358328-Various-Recordar-Es-Vivir-Tangos,,,
Various,Ave De Paso,A3,3:10,Recordar Es Vivir - Tangos,1975,Peru,EMI,ELD 03.21.285,Vinyl / LP | Compilation | Stereo,Latin,Tango,Comp. Est,https://www.discogs.com/release/10358328-Various-Recordar-Es-Vivir-Tangos,,,
Various,Percal,A4,2:54,Recordar Es Vivir - Tangos,1975,Peru,EMI,ELD 03.21.285,Vinyl / LP | Compilation | Stereo,Latin,Tango,Comp. Est,https://www.discogs.com/release/10358328-Various-Recordar-Es-Vivir-Tangos,,,
Various,Nostalgias,A5,3:04,Recordar Es Vivir - Tangos,1975,Peru,EMI,ELD 03.21.285,Vinyl / LP | Compilation | Stereo,Latin,Tango,Comp. Est,https://www.discogs.com/release/10358328-Various-Recordar-Es-Vivir-Tangos,,,
Various,En El Cielo,A6,3:05,Recordar Es Vivir - Tangos,1975,Peru,EMI,ELD 03.21.285,Vinyl / LP | Compilation | Stereo,Latin,Tango,Comp. Est,https://www.discogs.com/release/10358328-Various-Recordar-Es-Vivir-Tangos,,,
Various,Dandy,B1,3:00,Recordar Es Vivir - Tangos,1975,Peru,EMI,ELD 03.21.285,Vinyl / LP | Compilation | Stereo,Latin,Tango,Comp. Est,https://www.discogs.com/release/10358328-Various-Recordar-Es-Vivir-Tangos,,,
Various,Sentimiento Gaucho,B2,2:50,Recordar Es Vivir - Tangos,1975,Peru,EMI,ELD 03.21.285,Vinyl / LP | Compilation | Stereo,Latin,Tango,Comp. Est,https://www.discogs.com/release/10358328-Various-Recordar-Es-Vivir-Tangos,,,
Various,El Dia Que Me Quieras,B3,4:26,Recordar Es Vivir - Tangos,1975,Peru,EMI,ELD 03.21.285,Vinyl / LP | Compilation | Stereo,Latin,Tango,Comp. Est,https://www.discogs.com/release/10358328-Various-Recordar-Es-Vivir-Tangos,,,
Various,Frente Al Mar,B4,3:09,Recordar Es Vivir - Tangos,1975,Peru,EMI,ELD 03.21.285,Vinyl / LP | Compilation | Stereo,Latin,Tango,Comp. Est,https://www.discogs.com/release/10358328-Various-Recordar-Es-Vivir-Tangos,,,
Various,Un Boliche,B5,3:22,Recordar Es Vivir - Tangos,1975,Peru,EMI,ELD 03.21.285,Vinyl / LP | Compilation | Stereo,Latin,Tango,Comp. Est,https://www.discogs.com/release/10358328-Various-Recordar-Es-Vivir-Tangos,,,
Various,Hacelo Por La Vieja,B6,3:05,Recordar Es Vivir - Tangos,1975,Peru,EMI,ELD 03.21.285,Vinyl / LP | Compilation | Stereo,Latin,Tango,Comp. Est,https://www.discogs.com/release/10358328-Various-Recordar-Es-Vivir-Tangos,,,
Various,La Cumparsita,C1,2:06,Recordar Es Vivir - Tangos,1975,Peru,EMI,ELD 03.21.285,Vinyl / LP | Compilation | Stereo,Latin,Tango,Comp. Est,https://www.discogs.com/release/10358328-Various-Recordar-Es-Vivir-Tangos,,,
Various,Rondando Tu Esquina,C2,2:27,Recordar Es Vivir - Tangos,1975,Peru,EMI,ELD 03.21.285,Vinyl / LP | Compilation | Stereo,Latin,Tango,Comp. Est,https://www.discogs.com/release/10358328-Various-Recordar-Es-Vivir-Tangos,,,
Various,Caminito,C3,2:21,Recordar Es Vivir - Tangos,1975,Peru,EMI,ELD 03.21.285,Vinyl / LP | Compilation | Stereo,Latin,Tango,Comp. Est,https://www.discogs.com/release/10358328-Various-Recordar-Es-Vivir-Tangos,,,
Various,Al Compas De Mi Corazon,C4,2:47,Recordar Es Vivir - Tangos,1975,Peru,EMI,ELD 03.21.285,Vinyl / LP | Compilation | Stereo,Latin,Tango,Comp. Est,https://www.discogs.com/release/10358328-Various-Recordar-Es-Vivir-Tangos,,,
Various,Misa De Once,C5,3:00,Recordar Es Vivir - Tangos,1975,Peru,EMI,ELD 03.21.285,Vinyl / LP | Compilation | Stereo,Latin,Tango,Comp. Est,https://www.discogs.com/release/10358328-Various-Recordar-Es-Vivir-Tangos,,,
Various,Testamento De Arrabal,C6,2:43,Recordar Es Vivir - Tangos,1975,Peru,EMI,ELD 03.21.285,Vinyl / LP | Compilation | Stereo,Latin,Tango,Comp. Est,https://www.discogs.com/release/10358328-Various-Recordar-Es-Vivir-Tangos,,,
Various,Mi Buenos Aires Querido,D1,2:55,Recordar Es Vivir - Tangos,1975,Peru,EMI,ELD 03.21.285,Vinyl / LP | Compilation | Stereo,Latin,Tango,Comp. Est,https://www.discogs.com/release/10358328-Various-Recordar-Es-Vivir-Tangos,,,
Various,El Choclo,D2,1:46,Recordar Es Vivir - Tangos,1975,Peru,EMI,ELD 03.21.285,Vinyl / LP | Compilation | Stereo,Latin,Tango,Comp. Est,https://www.discogs.com/release/10358328-Various-Recordar-Es-Vivir-Tangos,,,
Various,Uno,D3,3:23,Recordar Es Vivir - Tangos,1975,Peru,EMI,ELD 03.21.285,Vinyl / LP | Compilation | Stereo,Latin,Tango,Comp. Est,https://www.discogs.com/release/10358328-Various-Recordar-Es-Vivir-Tangos,,,
Various,Adios Pampa Mia,D4,3:00,Recordar Es Vivir - Tangos,1975,Peru,EMI,ELD 03.21.285,Vinyl / LP | Compilation | Stereo,Latin,Tango,Comp. Est,https://www.discogs.com/release/10358328-Various-Recordar-Es-Vivir-Tangos,,,
Various,Volver,D5,2:34,Recordar Es Vivir - Tangos,1975,Peru,EMI,ELD 03.21.285,Vinyl / LP | Compilation | Stereo,Latin,Tango,Comp. Est,https://www.discogs.com/release/10358328-Various-Recordar-Es-Vivir-Tangos,,,
Various,A Media Luz,D6,2:40,Recordar Es Vivir - Tangos,1975,Peru,EMI,ELD 03.21.285,Vinyl / LP | Compilation | Stereo,Latin,Tango,Comp. Est,https://www.discogs.com/release/10358328-Various-Recordar-Es-Vivir-Tangos,,,
Various,Medley: In The Summertime / Love Of The Common People,A1,3:35,Summer Time,1984,Italy,Five,FM 13527,Vinyl / LP | Compilation,"Electronic, Rock, Reggae, Latin, Pop, Stage & Screen","Euro-Disco, Italo-Disco, Pop Rock",Comp. Est,https://www.discogs.com/release/4725356-Various-Summer-Time,,"Davide Romani [Arranged By, Producer]",
Various,Dance Hall Days,A2,3:47,Summer Time,1984,Italy,Five,FM 13527,Vinyl / LP | Compilation,"Electronic, Rock, Reggae, Latin, Pop, Stage & Screen","Euro-Disco, Italo-Disco, Pop Rock",Comp. Est,https://www.discogs.com/release/4725356-Various-Summer-Time,,,
Various,Be-Bop-A-Lula,A3,2:48,Summer Time,1984,Italy,Five,FM 13527,Vinyl / LP | Compilation,"Electronic, Rock, Reggae, Latin, Pop, Stage & Screen","Euro-Disco, Italo-Disco, Pop Rock",Comp. Est,https://www.discogs.com/release/4725356-Various-Summer-Time,,,
Various,Donna On The Rocks,A4,3:45,Summer Time,1984,Italy,Five,FM 13527,Vinyl / LP | Compilation,"Electronic, Rock, Reggae, Latin, Pop, Stage & Screen","Euro-Disco, Italo-Disco, Pop Rock",Comp. Est,https://www.discogs.com/release/4725356-Various-Summer-Time,,"Bob Lumbroso [Arranged By, Producer]",
Various,Chirpy Chirpy Cheep Cheep,A5,2:33,Summer Time,1984,Italy,Five,FM 13527,Vinyl / LP | Compilation,"Electronic, Rock, Reggae, Latin, Pop, Stage & Screen","Euro-Disco, Italo-Disco, Pop Rock",Comp. Est,https://www.discogs.com/release/4725356-Various-Summer-Time,,,
Various,White Horse,A6,3:50,Summer Time,1984,Italy,Five,FM 13527,Vinyl / LP | Compilation,"Electronic, Rock, Reggae, Latin, Pop, Stage & Screen","Euro-Disco, Italo-Disco, Pop Rock",Comp. Est,https://www.discogs.com/release/4725356-Various-Summer-Time,,,
Various,Audio / Video,B1,2:56,Summer Time,1984,Italy,Five,FM 13527,Vinyl / LP | Compilation,"Electronic, Rock, Reggae, Latin, Pop, Stage & Screen","Euro-Disco, Italo-Disco, Pop Rock",Comp. Est,https://www.discogs.com/release/4725356-Various-Summer-Time,,,
Various,Barbara Ann,B2,2:19,Summer Time,1984,Italy,Five,FM 13527,Vinyl / LP | Compilation,"Electronic, Rock, Reggae, Latin, Pop, Stage & Screen","Euro-Disco, Italo-Disco, Pop Rock",Comp. Est,https://www.discogs.com/release/4725356-Various-Summer-Time,,,
Various,Comment Ça Va,B3,3:31,Summer Time,1984,Italy,Five,FM 13527,Vinyl / LP | Compilation,"Electronic, Rock, Reggae, Latin, Pop, Stage & Screen","Euro-Disco, Italo-Disco, Pop Rock",Comp. Est,https://www.discogs.com/release/4725356-Various-Summer-Time,,,
Various,I Only Wanna Be With You,B4,3:44,Summer Time,1984,Italy,Five,FM 13527,Vinyl / LP | Compilation,"Electronic, Rock, Reggae, Latin, Pop, Stage & Screen","Euro-Disco, Italo-Disco, Pop Rock",Comp. Est,https://www.discogs.com/release/4725356-Various-Summer-Time,,,
Various,Senza Luce... Reggae,B5,3:35,Summer Time,1984,Italy,Five,FM 13527,Vinyl / LP | Compilation,"Electronic, Rock, Reggae, Latin, Pop, Stage & Screen","Euro-Disco, Italo-Disco, Pop Rock",Comp. Est,https://www.discogs.com/release/4725356-Various-Summer-Time,,Joe Vescovi [Executive-Producer],
Various,Moonflower,B6,4:13,Summer Time,1984,Italy,Five,FM 13527,Vinyl / LP | Compilation,"Electronic, Rock, Reggae, Latin, Pop, Stage & Screen","Euro-Disco, Italo-Disco, Pop Rock",Comp. Est,https://www.discogs.com/release/4725356-Various-Summer-Time,,,
Various,TSOP (Sound Of Philadelphia),A1,,Vetrina Di Hit Parade 2,1975,Italy,Jet (4),LP 50112,Vinyl / LP | Album,"Funk / Soul, Pop","Easy Listening, Disco, Chanson",Comp. Est,https://www.discogs.com/release/11821152-Various-Vetrina-Di-Hit-Parade-2,,,
Various,Se Mi Vuoi,A2,,Vetrina Di Hit Parade 2,1975,Italy,Jet (4),LP 50112,Vinyl / LP | Album,"Funk / Soul, Pop","Easy Listening, Disco, Chanson",Comp. Est,https://www.discogs.com/release/11821152-Various-Vetrina-Di-Hit-Parade-2,,,
Various,Devil Gate Drive,A3,,Vetrina Di Hit Parade 2,1975,Italy,Jet (4),LP 50112,Vinyl / LP | Album,"Funk / Soul, Pop","Easy Listening, Disco, Chanson",Comp. Est,https://www.discogs.com/release/11821152-Various-Vetrina-Di-Hit-Parade-2,,,
Various,Ave Maria,A4,,Vetrina Di Hit Parade 2,1975,Italy,Jet (4),LP 50112,Vinyl / LP | Album,"Funk / Soul, Pop","Easy Listening, Disco, Chanson",Comp. Est,https://www.discogs.com/release/11821152-Various-Vetrina-Di-Hit-Parade-2,,,
Various,Kung Fu Fighting,A5,,Vetrina Di Hit Parade 2,1975,Italy,Jet (4),LP 50112,Vinyl / LP | Album,"Funk / Soul, Pop","Easy Listening, Disco, Chanson",Comp. Est,https://www.discogs.com/release/11821152-Various-Vetrina-Di-Hit-Parade-2,,,
Various,Un'Altra Donna,A6,,Vetrina Di Hit Parade 2,1975,Italy,Jet (4),LP 50112,Vinyl / LP | Album,"Funk / Soul, Pop","Easy Listening, Disco, Chanson",Comp. Est,https://www.discogs.com/release/11821152-Various-Vetrina-Di-Hit-Parade-2,,,
Various,Simpatia,B1,,Vetrina Di Hit Parade 2,1975,Italy,Jet (4),LP 50112,Vinyl / LP | Album,"Funk / Soul, Pop","Easy Listening, Disco, Chanson",Comp. Est,https://www.discogs.com/release/11821152-Various-Vetrina-Di-Hit-Parade-2,,,
Various,Un Corpo E Un'Anima,B2,,Vetrina Di Hit Parade 2,1975,Italy,Jet (4),LP 50112,Vinyl / LP | Album,"Funk / Soul, Pop","Easy Listening, Disco, Chanson",Comp. Est,https://www.discogs.com/release/11821152-Various-Vetrina-Di-Hit-Parade-2,,,
Various,Sugar Baby Love,B3,,Vetrina Di Hit Parade 2,1975,Italy,Jet (4),LP 50112,Vinyl / LP | Album,"Funk / Soul, Pop","Easy Listening, Disco, Chanson",Comp. Est,https://www.discogs.com/release/11821152-Various-Vetrina-Di-Hit-Parade-2,,,
Various,Verde,B4,,Vetrina Di Hit Parade 2,1975,Italy,Jet (4),LP 50112,Vinyl / LP | Album,"Funk / Soul, Pop","Easy Listening, Disco, Chanson",Comp. Est,https://www.discogs.com/release/11821152-Various-Vetrina-Di-Hit-Parade-2,,,
Various,The Wild One,B5,,Vetrina Di Hit Parade 2,1975,Italy,Jet (4),LP 50112,Vinyl / LP | Album,"Funk / Soul, Pop","Easy Listening, Disco, Chanson",Comp. Est,https://www.discogs.com/release/11821152-Various-Vetrina-Di-Hit-Parade-2,,,
Various,Jenny,B6,,Vetrina Di Hit Parade 2,1975,Italy,Jet (4),LP 50112,Vinyl / LP | Album,"Funk / Soul, Pop","Easy Listening, Disco, Chanson",Comp. Est,https://www.discogs.com/release/11821152-Various-Vetrina-Di-Hit-Parade-2,,,
Louis Armstrong And His Orchestra,Blues In The Night,A1,3:23,1944 - 1945 ,1971,Italy,Joker (2),SM 3082,Vinyl / LP | Compilation,Jazz,"Dixieland, Swing",Comp. Est,https://www.discogs.com/release/3317017-Louis-Armstrong-And-His-Orchestra-1944-1945-,,,
Louis Armstrong And His Orchestra,A Pretty Girl Is Like A Melody,A2,3:03,1944 - 1945 ,1971,Italy,Joker (2),SM 3082,Vinyl / LP | Compilation,Jazz,"Dixieland, Swing",Comp. Est,https://www.discogs.com/release/3317017-Louis-Armstrong-And-His-Orchestra-1944-1945-,,,
Louis Armstrong And His Orchestra,Baby Don't You Cry,A3,3:53,1944 - 1945 ,1971,Italy,Joker (2),SM 3082,Vinyl / LP | Compilation,Jazz,"Dixieland, Swing",Comp. Est,https://www.discogs.com/release/3317017-Louis-Armstrong-And-His-Orchestra-1944-1945-,,,
Louis Armstrong And His Orchestra,Coquette,A4,2:27,1944 - 1945 ,1971,Italy,Joker (2),SM 3082,Vinyl / LP | Compilation,Jazz,"Dixieland, Swing",Comp. Est,https://www.discogs.com/release/3317017-Louis-Armstrong-And-His-Orchestra-1944-1945-,,,
Louis Armstrong And His Orchestra,Dear Old Southland,A5,2:34,1944 - 1945 ,1971,Italy,Joker (2),SM 3082,Vinyl / LP | Compilation,Jazz,"Dixieland, Swing",Comp. Est,https://www.discogs.com/release/3317017-Louis-Armstrong-And-His-Orchestra-1944-1945-,,,
Louis Armstrong And His Orchestra,Lazy River,A6,3:48,1944 - 1945 ,1971,Italy,Joker (2),SM 3082,Vinyl / LP | Compilation,Jazz,"Dixieland, Swing",Comp. Est,https://www.discogs.com/release/3317017-Louis-Armstrong-And-His-Orchestra-1944-1945-,,,
Louis Armstrong And His Orchestra,I've Got A Gal In Kalamazoo,B1,3:08,1944 - 1945 ,1971,Italy,Joker (2),SM 3082,Vinyl / LP | Compilation,Jazz,"Dixieland, Swing",Comp. Est,https://www.discogs.com/release/3317017-Louis-Armstrong-And-His-Orchestra-1944-1945-,,,
Louis Armstrong And His Orchestra,Ain't Misbehavin',B2,3:09,1944 - 1945 ,1971,Italy,Joker (2),SM 3082,Vinyl / LP | Compilation,Jazz,"Dixieland, Swing",Comp. Est,https://www.discogs.com/release/3317017-Louis-Armstrong-And-His-Orchestra-1944-1945-,,,
Louis Armstrong And His Orchestra,Is You Is Or Is You Ain't,B3,2:55,1944 - 1945 ,1971,Italy,Joker (2),SM 3082,Vinyl / LP | Compilation,Jazz,"Dixieland, Swing",Comp. Est,https://www.discogs.com/release/3317017-Louis-Armstrong-And-His-Orchestra-1944-1945-,,,
Louis Armstrong And His Orchestra,Perdido,B4,2:34,1944 - 1945 ,1971,Italy,Joker (2),SM 3082,Vinyl / LP | Compilation,Jazz,"Dixieland, Swing",Comp. Est,https://www.discogs.com/release/3317017-Louis-Armstrong-And-His-Orchestra-1944-1945-,,,
Louis Armstrong And His Orchestra,Accentuate The Positive,B5,4:30,1944 - 1945 ,1971,Italy,Joker (2),SM 3082,Vinyl / LP | Compilation,Jazz,"Dixieland, Swing",Comp. Est,https://www.discogs.com/release/3317017-Louis-Armstrong-And-His-Orchestra-1944-1945-,,,
Louis Armstrong And His Orchestra,Always,B6,2:59,1944 - 1945 ,1971,Italy,Joker (2),SM 3082,Vinyl / LP | Compilation,Jazz,"Dixieland, Swing",Comp. Est,https://www.discogs.com/release/3317017-Louis-Armstrong-And-His-Orchestra-1944-1945-,,,
Blue Marvin,Minuetto,A1,,Top Hits - International Hit Parade - Volume 5,1973,Italy,Joker (2),SM 3600,Vinyl / LP | Stereo,"Electronic, Jazz, Rock, Pop","Easy Listening, Pop Rock",Comp. Est,https://www.discogs.com/release/4284934-Blue-Marvin-Top-Hits-International-Hit-Parade-Volume-5,Dario Baldan Bembo | Franco Califano,Dario Baldan Bembo [Written-By] | Franco Califano [Written-By],
Blue Marvin,Pazza Idea,A2,,Top Hits - International Hit Parade - Volume 5,1973,Italy,Joker (2),SM 3600,Vinyl / LP | Stereo,"Electronic, Jazz, Rock, Pop","Easy Listening, Pop Rock",Comp. Est,https://www.discogs.com/release/4284934-Blue-Marvin-Top-Hits-International-Hit-Parade-Volume-5,Giovanni Ullu | Maurizio Monti | Paolo Dossena,Giovanni Ullu [Written-By] | Maurizio Monti [Written-By] | Paolo Dossena [Written-By],
Blue Marvin,My Love,A3,,Top Hits - International Hit Parade - Volume 5,1973,Italy,Joker (2),SM 3600,Vinyl / LP | Stereo,"Electronic, Jazz, Rock, Pop","Easy Listening, Pop Rock",Comp. Est,https://www.discogs.com/release/4284934-Blue-Marvin-Top-Hits-International-Hit-Parade-Volume-5,Paul McCartney,Paul McCartney [Written-By],
Blue Marvin,Perchè Ti Amo,A4,,Top Hits - International Hit Parade - Volume 5,1973,Italy,Joker (2),SM 3600,Vinyl / LP | Stereo,"Electronic, Jazz, Rock, Pop","Easy Listening, Pop Rock",Comp. Est,https://www.discogs.com/release/4284934-Blue-Marvin-Top-Hits-International-Hit-Parade-Volume-5,Gaetano Savio | Giancarlo Bigazzi,Gaetano Savio [Written-By] | Giancarlo Bigazzi [Written-By],
Blue Marvin,It Never Rains (In Southern California),A5,,Top Hits - International Hit Parade - Volume 5,1973,Italy,Joker (2),SM 3600,Vinyl / LP | Stereo,"Electronic, Jazz, Rock, Pop","Easy Listening, Pop Rock",Comp. Est,https://www.discogs.com/release/4284934-Blue-Marvin-Top-Hits-International-Hit-Parade-Volume-5,Albert Hammond | Michael Hazlewood,Albert Hammond [Written-By] | Michael Hazlewood [Written-By],
Blue Marvin,Mexicana Super Mama,A6,,Top Hits - International Hit Parade - Volume 5,1973,Italy,Joker (2),SM 3600,Vinyl / LP | Stereo,"Electronic, Jazz, Rock, Pop","Easy Listening, Pop Rock",Comp. Est,https://www.discogs.com/release/4284934-Blue-Marvin-Top-Hits-International-Hit-Parade-Volume-5,Cyril Azzam | Robert Rupen,Cyril Azzam [Written-By] | Robert Rupen [Written-By],
Blue Marvin,"Io, Domani",B1,,Top Hits - International Hit Parade - Volume 5,1973,Italy,Joker (2),SM 3600,Vinyl / LP | Stereo,"Electronic, Jazz, Rock, Pop","Easy Listening, Pop Rock",Comp. Est,https://www.discogs.com/release/4284934-Blue-Marvin-Top-Hits-International-Hit-Parade-Volume-5,Giancarlo Bigazzi | Gianni Bella,Giancarlo Bigazzi [Written-By] | Gianni Bella [Written-By],
Blue Marvin,Daniel,B2,,Top Hits - International Hit Parade - Volume 5,1973,Italy,Joker (2),SM 3600,Vinyl / LP | Stereo,"Electronic, Jazz, Rock, Pop","Easy Listening, Pop Rock",Comp. Est,https://www.discogs.com/release/4284934-Blue-Marvin-Top-Hits-International-Hit-Parade-Volume-5,Elton John & Bernie Taupin,Elton John & Bernie Taupin [Written-By],
Blue Marvin,He,B3,,Top Hits - International Hit Parade - Volume 5,1973,Italy,Joker (2),SM 3600,Vinyl / LP | Stereo,"Electronic, Jazz, Rock, Pop","Easy Listening, Pop Rock",Comp. Est,https://www.discogs.com/release/4284934-Blue-Marvin-Top-Hits-International-Hit-Parade-Volume-5,Lana & Paul Sebastian,Lana & Paul Sebastian [Written-By],
Blue Marvin,Sunshine Is Your Name,B4,,Top Hits - International Hit Parade - Volume 5,1973,Italy,Joker (2),SM 3600,Vinyl / LP | Stereo,"Electronic, Jazz, Rock, Pop","Easy Listening, Pop Rock",Comp. Est,https://www.discogs.com/release/4284934-Blue-Marvin-Top-Hits-International-Hit-Parade-Volume-5,Peter Malcor | Robert Rupen,Peter Malcor [Written-By] | Robert Rupen [Written-By],
Blue Marvin,Dimmi Di No,B5,,Top Hits - International Hit Parade - Volume 5,1973,Italy,Joker (2),SM 3600,Vinyl / LP | Stereo,"Electronic, Jazz, Rock, Pop","Easy Listening, Pop Rock",Comp. Est,https://www.discogs.com/release/4284934-Blue-Marvin-Top-Hits-International-Hit-Parade-Volume-5,Alberto Anelli | Paolo Limiti,Alberto Anelli [Written-By] | Paolo Limiti [Written-By],
Blue Marvin,It's Allright Bill,B6,,Top Hits - International Hit Parade - Volume 5,1973,Italy,Joker (2),SM 3600,Vinyl / LP | Stereo,"Electronic, Jazz, Rock, Pop","Easy Listening, Pop Rock",Comp. Est,https://www.discogs.com/release/4284934-Blue-Marvin-Top-Hits-International-Hit-Parade-Volume-5,Peter Bewley | Richard de Bois,Peter Bewley [Written-By] | Richard de Bois [Written-By],
Various,Superfly Guy (The Fluffy Bagel Mix),A1,6:50,Rappin' Up The House,1988,UK & Ireland,K-Tel,NE 1428,Vinyl / LP | Compilation,"Electronic, Hip Hop","Acid House, Cut-up/DJ, House",Comp. Est,https://www.discogs.com/release/25736-Various-Rappin-Up-The-House,,The Marks Brothers [Remix],
Various,We Don't Exist,A2,4:53,Rappin' Up The House,1988,UK & Ireland,K-Tel,NE 1428,Vinyl / LP | Compilation,"Electronic, Hip Hop","Acid House, Cut-up/DJ, House",Comp. Est,https://www.discogs.com/release/25736-Various-Rappin-Up-The-House,,,
Various,Dreamgirl (Ralphi Rosario Mix),A3,6:25,Rappin' Up The House,1988,UK & Ireland,K-Tel,NE 1428,Vinyl / LP | Compilation,"Electronic, Hip Hop","Acid House, Cut-up/DJ, House",Comp. Est,https://www.discogs.com/release/25736-Various-Rappin-Up-The-House,,Ralphi Rosario [Remix],
Various,Can You Feel It,A4,5:45,Rappin' Up The House,1988,UK & Ireland,K-Tel,NE 1428,Vinyl / LP | Compilation,"Electronic, Hip Hop","Acid House, Cut-up/DJ, House",Comp. Est,https://www.discogs.com/release/25736-Various-Rappin-Up-The-House,,,
Various,I'll House You,A5,5:03,Rappin' Up The House,1988,UK & Ireland,K-Tel,NE 1428,Vinyl / LP | Compilation,"Electronic, Hip Hop","Acid House, Cut-up/DJ, House",Comp. Est,https://www.discogs.com/release/25736-Various-Rappin-Up-The-House,,,
Various,Check This Out,B1,5:45,Rappin' Up The House,1988,UK & Ireland,K-Tel,NE 1428,Vinyl / LP | Compilation,"Electronic, Hip Hop","Acid House, Cut-up/DJ, House",Comp. Est,https://www.discogs.com/release/25736-Various-Rappin-Up-The-House,,,
Various,House Arrest,B2,6:27,Rappin' Up The House,1988,UK & Ireland,K-Tel,NE 1428,Vinyl / LP | Compilation,"Electronic, Hip Hop","Acid House, Cut-up/DJ, House",Comp. Est,https://www.discogs.com/release/25736-Various-Rappin-Up-The-House,,,
Various,Listen To This,B3,6:10,Rappin' Up The House,1988,UK & Ireland,K-Tel,NE 1428,Vinyl / LP | Compilation,"Electronic, Hip Hop","Acid House, Cut-up/DJ, House",Comp. Est,https://www.discogs.com/release/25736-Various-Rappin-Up-The-House,,,
Various,To The Rhythm,B4,6:45,Rappin' Up The House,1988,UK & Ireland,K-Tel,NE 1428,Vinyl / LP | Compilation,"Electronic, Hip Hop","Acid House, Cut-up/DJ, House",Comp. Est,https://www.discogs.com/release/25736-Various-Rappin-Up-The-House,,,
Various,Move The Crowd (Album Mix),B5,3:44,Rappin' Up The House,1988,UK & Ireland,K-Tel,NE 1428,Vinyl / LP | Compilation,"Electronic, Hip Hop","Acid House, Cut-up/DJ, House",Comp. Est,https://www.discogs.com/release/25736-Various-Rappin-Up-The-House,,,
Various,The Payback Mix,C1,4:59,Rappin' Up The House,1988,UK & Ireland,K-Tel,NE 1428,Vinyl / LP | Compilation,"Electronic, Hip Hop","Acid House, Cut-up/DJ, House",Comp. Est,https://www.discogs.com/release/25736-Various-Rappin-Up-The-House,,,
Various,It Takes Two,C2,4:51,Rappin' Up The House,1988,UK & Ireland,K-Tel,NE 1428,Vinyl / LP | Compilation,"Electronic, Hip Hop","Acid House, Cut-up/DJ, House",Comp. Est,https://www.discogs.com/release/25736-Various-Rappin-Up-The-House,,,
Various,Gittin' Funky (UK Remix),C3,6:21,Rappin' Up The House,1988,UK & Ireland,K-Tel,NE 1428,Vinyl / LP | Compilation,"Electronic, Hip Hop","Acid House, Cut-up/DJ, House",Comp. Est,https://www.discogs.com/release/25736-Various-Rappin-Up-The-House,,Dancin' Danny D [Remix],
Various,Harry's House (Full Blast Club Mix),C4,6:47,Rappin' Up The House,1988,UK & Ireland,K-Tel,NE 1428,Vinyl / LP | Compilation,"Electronic, Hip Hop","Acid House, Cut-up/DJ, House",Comp. Est,https://www.discogs.com/release/25736-Various-Rappin-Up-The-House,,,
Various,Six Gun (44 Mag Mix),C5,4:51,Rappin' Up The House,1988,UK & Ireland,K-Tel,NE 1428,Vinyl / LP | Compilation,"Electronic, Hip Hop","Acid House, Cut-up/DJ, House",Comp. Est,https://www.discogs.com/release/25736-Various-Rappin-Up-The-House,,Dr. Dre [Remix],
Various,Stop This Crazy Thing,D1,7:25,Rappin' Up The House,1988,UK & Ireland,K-Tel,NE 1428,Vinyl / LP | Compilation,"Electronic, Hip Hop","Acid House, Cut-up/DJ, House",Comp. Est,https://www.discogs.com/release/25736-Various-Rappin-Up-The-House,,,
Various,Everything I Own,D2,4:05,Rappin' Up The House,1988,UK & Ireland,K-Tel,NE 1428,Vinyl / LP | Compilation,"Electronic, Hip Hop","Acid House, Cut-up/DJ, House",Comp. Est,https://www.discogs.com/release/25736-Various-Rappin-Up-The-House,,,
Various,I'm Tired Of Getting Pushed Around,D3,6:15,Rappin' Up The House,1988,UK & Ireland,K-Tel,NE 1428,Vinyl / LP | Compilation,"Electronic, Hip Hop","Acid House, Cut-up/DJ, House",Comp. Est,https://www.discogs.com/release/25736-Various-Rappin-Up-The-House,,,
Various,Stomp,D4,4:12,Rappin' Up The House,1988,UK & Ireland,K-Tel,NE 1428,Vinyl / LP | Compilation,"Electronic, Hip Hop","Acid House, Cut-up/DJ, House",Comp. Est,https://www.discogs.com/release/25736-Various-Rappin-Up-The-House,,,
Various,Love House (Black Pyramid Mix),D5,6:35,Rappin' Up The House,1988,UK & Ireland,K-Tel,NE 1428,Vinyl / LP | Compilation,"Electronic, Hip Hop","Acid House, Cut-up/DJ, House",Comp. Est,https://www.discogs.com/release/25736-Various-Rappin-Up-The-House,,,
Various,Pony Time,A1,,Rock 'N' Roll Show,1979,Italy,K-Tel,TI 115,Vinyl / LP | Compilation,"Rock, Pop","Rock & Roll, Twist, Surf, Garage Rock, Pop Rock, Rhythm & Blues, Novelty",Comp. Est,https://www.discogs.com/release/4577960-Various-Rock-N-Roll-Show,,,
Various,Da Doo Ron Ron,A2,,Rock 'N' Roll Show,1979,Italy,K-Tel,TI 115,Vinyl / LP | Compilation,"Rock, Pop","Rock & Roll, Twist, Surf, Garage Rock, Pop Rock, Rhythm & Blues, Novelty",Comp. Est,https://www.discogs.com/release/4577960-Various-Rock-N-Roll-Show,,,
Various,Willie And The Hand Five,A3,,Rock 'N' Roll Show,1979,Italy,K-Tel,TI 115,Vinyl / LP | Compilation,"Rock, Pop","Rock & Roll, Twist, Surf, Garage Rock, Pop Rock, Rhythm & Blues, Novelty",Comp. Est,https://www.discogs.com/release/4577960-Various-Rock-N-Roll-Show,,,
Various,Party Doll,A4,,Rock 'N' Roll Show,1979,Italy,K-Tel,TI 115,Vinyl / LP | Compilation,"Rock, Pop","Rock & Roll, Twist, Surf, Garage Rock, Pop Rock, Rhythm & Blues, Novelty",Comp. Est,https://www.discogs.com/release/4577960-Various-Rock-N-Roll-Show,,,
Various,Rockin Robbin,A5,,Rock 'N' Roll Show,1979,Italy,K-Tel,TI 115,Vinyl / LP | Compilation,"Rock, Pop","Rock & Roll, Twist, Surf, Garage Rock, Pop Rock, Rhythm & Blues, Novelty",Comp. Est,https://www.discogs.com/release/4577960-Various-Rock-N-Roll-Show,,,
Various,Talahassie Lassie,A6,,Rock 'N' Roll Show,1979,Italy,K-Tel,TI 115,Vinyl / LP | Compilation,"Rock, Pop","Rock & Roll, Twist, Surf, Garage Rock, Pop Rock, Rhythm & Blues, Novelty",Comp. Est,https://www.discogs.com/release/4577960-Various-Rock-N-Roll-Show,,,
Various,One Fine Day,A7,,Rock 'N' Roll Show,1979,Italy,K-Tel,TI 115,Vinyl / LP | Compilation,"Rock, Pop","Rock & Roll, Twist, Surf, Garage Rock, Pop Rock, Rhythm & Blues, Novelty",Comp. Est,https://www.discogs.com/release/4577960-Various-Rock-N-Roll-Show,,,
Various,The Twist,B1,,Rock 'N' Roll Show,1979,Italy,K-Tel,TI 115,Vinyl / LP | Compilation,"Rock, Pop","Rock & Roll, Twist, Surf, Garage Rock, Pop Rock, Rhythm & Blues, Novelty",Comp. Est,https://www.discogs.com/release/4577960-Various-Rock-N-Roll-Show,,,
Various,Sh-Boom,B2,,Rock 'N' Roll Show,1979,Italy,K-Tel,TI 115,Vinyl / LP | Compilation,"Rock, Pop","Rock & Roll, Twist, Surf, Garage Rock, Pop Rock, Rhythm & Blues, Novelty",Comp. Est,https://www.discogs.com/release/4577960-Various-Rock-N-Roll-Show,,,
Various,Long Tally Sally,B3,,Rock 'N' Roll Show,1979,Italy,K-Tel,TI 115,Vinyl / LP | Compilation,"Rock, Pop","Rock & Roll, Twist, Surf, Garage Rock, Pop Rock, Rhythm & Blues, Novelty",Comp. Est,https://www.discogs.com/release/4577960-Various-Rock-N-Roll-Show,,,
Various,Do You Wanna Dance,B4,,Rock 'N' Roll Show,1979,Italy,K-Tel,TI 115,Vinyl / LP | Compilation,"Rock, Pop","Rock & Roll, Twist, Surf, Garage Rock, Pop Rock, Rhythm & Blues, Novelty",Comp. Est,https://www.discogs.com/release/4577960-Various-Rock-N-Roll-Show,,,
Various,My Special Angel,B5,,Rock 'N' Roll Show,1979,Italy,K-Tel,TI 115,Vinyl / LP | Compilation,"Rock, Pop","Rock & Roll, Twist, Surf, Garage Rock, Pop Rock, Rhythm & Blues, Novelty",Comp. Est,https://www.discogs.com/release/4577960-Various-Rock-N-Roll-Show,,,
Various,Wipe Out,B6,,Rock 'N' Roll Show,1979,Italy,K-Tel,TI 115,Vinyl / LP | Compilation,"Rock, Pop","Rock & Roll, Twist, Surf, Garage Rock, Pop Rock, Rhythm & Blues, Novelty",Comp. Est,https://www.discogs.com/release/4577960-Various-Rock-N-Roll-Show,,,
Various,Make The World Go Away,B7,,Rock 'N' Roll Show,1979,Italy,K-Tel,TI 115,Vinyl / LP | Compilation,"Rock, Pop","Rock & Roll, Twist, Surf, Garage Rock, Pop Rock, Rhythm & Blues, Novelty",Comp. Est,https://www.discogs.com/release/4577960-Various-Rock-N-Roll-Show,,,
Various,Lucille Lucille,C1,,Rock 'N' Roll Show,1979,Italy,K-Tel,TI 115,Vinyl / LP | Compilation,"Rock, Pop","Rock & Roll, Twist, Surf, Garage Rock, Pop Rock, Rhythm & Blues, Novelty",Comp. Est,https://www.discogs.com/release/4577960-Various-Rock-N-Roll-Show,,,
Various,Poison Ivy,C2,,Rock 'N' Roll Show,1979,Italy,K-Tel,TI 115,Vinyl / LP | Compilation,"Rock, Pop","Rock & Roll, Twist, Surf, Garage Rock, Pop Rock, Rhythm & Blues, Novelty",Comp. Est,https://www.discogs.com/release/4577960-Various-Rock-N-Roll-Show,,,
Various,Rubber Ball,C3,,Rock 'N' Roll Show,1979,Italy,K-Tel,TI 115,Vinyl / LP | Compilation,"Rock, Pop","Rock & Roll, Twist, Surf, Garage Rock, Pop Rock, Rhythm & Blues, Novelty",Comp. Est,https://www.discogs.com/release/4577960-Various-Rock-N-Roll-Show,,,
Various,Yakety Yak,C4,,Rock 'N' Roll Show,1979,Italy,K-Tel,TI 115,Vinyl / LP | Compilation,"Rock, Pop","Rock & Roll, Twist, Surf, Garage Rock, Pop Rock, Rhythm & Blues, Novelty",Comp. Est,https://www.discogs.com/release/4577960-Various-Rock-N-Roll-Show,,,
Various,Hey Paula,C5,,Rock 'N' Roll Show,1979,Italy,K-Tel,TI 115,Vinyl / LP | Compilation,"Rock, Pop","Rock & Roll, Twist, Surf, Garage Rock, Pop Rock, Rhythm & Blues, Novelty",Comp. Est,https://www.discogs.com/release/4577960-Various-Rock-N-Roll-Show,,,
Various,Then You Can Tell Me Goodbye,C6,,Rock 'N' Roll Show,1979,Italy,K-Tel,TI 115,Vinyl / LP | Compilation,"Rock, Pop","Rock & Roll, Twist, Surf, Garage Rock, Pop Rock, Rhythm & Blues, Novelty",Comp. Est,https://www.discogs.com/release/4577960-Various-Rock-N-Roll-Show,,,
Various,Sugar Shak,C7,,Rock 'N' Roll Show,1979,Italy,K-Tel,TI 115,Vinyl / LP | Compilation,"Rock, Pop","Rock & Roll, Twist, Surf, Garage Rock, Pop Rock, Rhythm & Blues, Novelty",Comp. Est,https://www.discogs.com/release/4577960-Various-Rock-N-Roll-Show,,,
Various,Teen Angel,C8,,Rock 'N' Roll Show,1979,Italy,K-Tel,TI 115,Vinyl / LP | Compilation,"Rock, Pop","Rock & Roll, Twist, Surf, Garage Rock, Pop Rock, Rhythm & Blues, Novelty",Comp. Est,https://www.discogs.com/release/4577960-Various-Rock-N-Roll-Show,,,
Various,Rip It Up,D1,,Rock 'N' Roll Show,1979,Italy,K-Tel,TI 115,Vinyl / LP | Compilation,"Rock, Pop","Rock & Roll, Twist, Surf, Garage Rock, Pop Rock, Rhythm & Blues, Novelty",Comp. Est,https://www.discogs.com/release/4577960-Various-Rock-N-Roll-Show,,,
Various,Little Town Flirt,D2,,Rock 'N' Roll Show,1979,Italy,K-Tel,TI 115,Vinyl / LP | Compilation,"Rock, Pop","Rock & Roll, Twist, Surf, Garage Rock, Pop Rock, Rhythm & Blues, Novelty",Comp. Est,https://www.discogs.com/release/4577960-Various-Rock-N-Roll-Show,,,
Various,Louie Louie,D3,,Rock 'N' Roll Show,1979,Italy,K-Tel,TI 115,Vinyl / LP | Compilation,"Rock, Pop","Rock & Roll, Twist, Surf, Garage Rock, Pop Rock, Rhythm & Blues, Novelty",Comp. Est,https://www.discogs.com/release/4577960-Various-Rock-N-Roll-Show,,,
Various,Young Girl,D4,,Rock 'N' Roll Show,1979,Italy,K-Tel,TI 115,Vinyl / LP | Compilation,"Rock, Pop","Rock & Roll, Twist, Surf, Garage Rock, Pop Rock, Rhythm & Blues, Novelty",Comp. Est,https://www.discogs.com/release/4577960-Various-Rock-N-Roll-Show,,,
Various,With A Girl Like You,D5,,Rock 'N' Roll Show,1979,Italy,K-Tel,TI 115,Vinyl / LP | Compilation,"Rock, Pop","Rock & Roll, Twist, Surf, Garage Rock, Pop Rock, Rhythm & Blues, Novelty",Comp. Est,https://www.discogs.com/release/4577960-Various-Rock-N-Roll-Show,,,
Various,Nut Rocker,D6,,Rock 'N' Roll Show,1979,Italy,K-Tel,TI 115,Vinyl / LP | Compilation,"Rock, Pop","Rock & Roll, Twist, Surf, Garage Rock, Pop Rock, Rhythm & Blues, Novelty",Comp. Est,https://www.discogs.com/release/4577960-Various-Rock-N-Roll-Show,,,
Various,Wild Thing,D7,,Rock 'N' Roll Show,1979,Italy,K-Tel,TI 115,Vinyl / LP | Compilation,"Rock, Pop","Rock & Roll, Twist, Surf, Garage Rock, Pop Rock, Rhythm & Blues, Novelty",Comp. Est,https://www.discogs.com/release/4577960-Various-Rock-N-Roll-Show,,,
Various,The Letter,D8,,Rock 'N' Roll Show,1979,Italy,K-Tel,TI 115,Vinyl / LP | Compilation,"Rock, Pop","Rock & Roll, Twist, Surf, Garage Rock, Pop Rock, Rhythm & Blues, Novelty",Comp. Est,https://www.discogs.com/release/4577960-Various-Rock-N-Roll-Show,,,
Various,Sorry Seems To Be The Hardest Word,A1,,Private Collection,1984,Italy,K-Tel,TI 223,Vinyl / LP | Compilation,Pop,,Comp. Est,https://www.discogs.com/release/3524037-Various-Private-Collection,,,
Various,Bourree,A2,,Private Collection,1984,Italy,K-Tel,TI 223,Vinyl / LP | Compilation,Pop,,Comp. Est,https://www.discogs.com/release/3524037-Various-Private-Collection,,,
Various,Walk On The Wild Side,A3,,Private Collection,1984,Italy,K-Tel,TI 223,Vinyl / LP | Compilation,Pop,,Comp. Est,https://www.discogs.com/release/3524037-Various-Private-Collection,,,
Various,Everybody's Talking,A4,,Private Collection,1984,Italy,K-Tel,TI 223,Vinyl / LP | Compilation,Pop,,Comp. Est,https://www.discogs.com/release/3524037-Various-Private-Collection,,,
Various,Year Of The Cat,A5,,Private Collection,1984,Italy,K-Tel,TI 223,Vinyl / LP | Compilation,Pop,,Comp. Est,https://www.discogs.com/release/3524037-Various-Private-Collection,,,
Various,Heart Of Glass,A6,,Private Collection,1984,Italy,K-Tel,TI 223,Vinyl / LP | Compilation,Pop,,Comp. Est,https://www.discogs.com/release/3524037-Various-Private-Collection,,,
Various,Sultans Of Swing,A7,,Private Collection,1984,Italy,K-Tel,TI 223,Vinyl / LP | Compilation,Pop,,Comp. Est,https://www.discogs.com/release/3524037-Various-Private-Collection,,,
Various,Avalon,B1,,Private Collection,1984,Italy,K-Tel,TI 223,Vinyl / LP | Compilation,Pop,,Comp. Est,https://www.discogs.com/release/3524037-Various-Private-Collection,,,
Various,Do You Really Want To Hurt Me?,B2,,Private Collection,1984,Italy,K-Tel,TI 223,Vinyl / LP | Compilation,Pop,,Comp. Est,https://www.discogs.com/release/3524037-Various-Private-Collection,,,
Various,Only You,B3,,Private Collection,1984,Italy,K-Tel,TI 223,Vinyl / LP | Compilation,Pop,,Comp. Est,https://www.discogs.com/release/3524037-Various-Private-Collection,,,
Various,To France,B4,,Private Collection,1984,Italy,K-Tel,TI 223,Vinyl / LP | Compilation,Pop,,Comp. Est,https://www.discogs.com/release/3524037-Various-Private-Collection,,,
Various,Vienna,B5,,Private Collection,1984,Italy,K-Tel,TI 223,Vinyl / LP | Compilation,Pop,,Comp. Est,https://www.discogs.com/release/3524037-Various-Private-Collection,,,
Various,Up On The Catwalk,B6,,Private Collection,1984,Italy,K-Tel,TI 223,Vinyl / LP | Compilation,Pop,,Comp. Est,https://www.discogs.com/release/3524037-Various-Private-Collection,,,
Various,You Make Lovin' Fun,B7,,Private Collection,1984,Italy,K-Tel,TI 223,Vinyl / LP | Compilation,Pop,,Comp. Est,https://www.discogs.com/release/3524037-Various-Private-Collection,,,
Various,It's In His Kiss,A1,,Soul Seeking,1989,UK,Knight Records,KNLP 12008,Vinyl / LP | Compilation,Funk / Soul,"Soul, Disco",Comp. Est,https://www.discogs.com/release/1620340-Various-Soul-Seeking,,,
Various,The Love I Lost,A2,,Soul Seeking,1989,UK,Knight Records,KNLP 12008,Vinyl / LP | Compilation,Funk / Soul,"Soul, Disco",Comp. Est,https://www.discogs.com/release/1620340-Various-Soul-Seeking,,,
Various,Take Good Care Of Yourself,A3,,Soul Seeking,1989,UK,Knight Records,KNLP 12008,Vinyl / LP | Compilation,Funk / Soul,"Soul, Disco",Comp. Est,https://www.discogs.com/release/1620340-Various-Soul-Seeking,,,
Various,Can't Give You Anything But My Love,A4,,Soul Seeking,1989,UK,Knight Records,KNLP 12008,Vinyl / LP | Compilation,Funk / Soul,"Soul, Disco",Comp. Est,https://www.discogs.com/release/1620340-Various-Soul-Seeking,,,
Various,I Will,A5,,Soul Seeking,1989,UK,Knight Records,KNLP 12008,Vinyl / LP | Compilation,Funk / Soul,"Soul, Disco",Comp. Est,https://www.discogs.com/release/1620340-Various-Soul-Seeking,,,
Various,Let 'Em In,A6,,Soul Seeking,1989,UK,Knight Records,KNLP 12008,Vinyl / LP | Compilation,Funk / Soul,"Soul, Disco",Comp. Est,https://www.discogs.com/release/1620340-Various-Soul-Seeking,,,
Various,Zing Went The Strings Of My Heart,A7,,Soul Seeking,1989,UK,Knight Records,KNLP 12008,Vinyl / LP | Compilation,Funk / Soul,"Soul, Disco",Comp. Est,https://www.discogs.com/release/1620340-Various-Soul-Seeking,,,
Various,Let The Music Play,B1,,Soul Seeking,1989,UK,Knight Records,KNLP 12008,Vinyl / LP | Compilation,Funk / Soul,"Soul, Disco",Comp. Est,https://www.discogs.com/release/1620340-Various-Soul-Seeking,,,
Various,Down On The Beach Tonight,B2,,Soul Seeking,1989,UK,Knight Records,KNLP 12008,Vinyl / LP | Compilation,Funk / Soul,"Soul, Disco",Comp. Est,https://www.discogs.com/release/1620340-Various-Soul-Seeking,,,
Various,Pillow Talk,B3,,Soul Seeking,1989,UK,Knight Records,KNLP 12008,Vinyl / LP | Compilation,Funk / Soul,"Soul, Disco",Comp. Est,https://www.discogs.com/release/1620340-Various-Soul-Seeking,,,
Various,You Little Trust Maker,B4,,Soul Seeking,1989,UK,Knight Records,KNLP 12008,Vinyl / LP | Compilation,Funk / Soul,"Soul, Disco",Comp. Est,https://www.discogs.com/release/1620340-Various-Soul-Seeking,,,
Various,You Don't Have To Go,B5,,Soul Seeking,1989,UK,Knight Records,KNLP 12008,Vinyl / LP | Compilation,Funk / Soul,"Soul, Disco",Comp. Est,https://www.discogs.com/release/1620340-Various-Soul-Seeking,,,
Various,Baby Don't Change Your Mind,B6,,Soul Seeking,1989,UK,Knight Records,KNLP 12008,Vinyl / LP | Compilation,Funk / Soul,"Soul, Disco",Comp. Est,https://www.discogs.com/release/1620340-Various-Soul-Seeking,,,
Various,It May Be Winter Outside But In My Heart Its Spring,B7,,Soul Seeking,1989,UK,Knight Records,KNLP 12008,Vinyl / LP | Compilation,Funk / Soul,"Soul, Disco",Comp. Est,https://www.discogs.com/release/1620340-Various-Soul-Seeking,,,
Various,Your Love Is King,A1,,Heart To Heart,1989,UK,Knight Records,KNLP 12012,Vinyl / LP | Compilation,Pop,,Comp. Est,https://www.discogs.com/release/656239-Various-Heart-To-Heart,Sade Adu/Matthewman,Sade Adu/Matthewman [Written By],
Various,Lovely Day,A2,,Heart To Heart,1989,UK,Knight Records,KNLP 12012,Vinyl / LP | Compilation,Pop,,Comp. Est,https://www.discogs.com/release/656239-Various-Heart-To-Heart,Withers/Scarborough,Withers/Scarborough [Written By],
Various,Longer,A3,,Heart To Heart,1989,UK,Knight Records,KNLP 12012,Vinyl / LP | Compilation,Pop,,Comp. Est,https://www.discogs.com/release/656239-Various-Heart-To-Heart,Fogelberg,Fogelberg [Written By],
Various,Answer Me,A4,,Heart To Heart,1989,UK,Knight Records,KNLP 12012,Vinyl / LP | Compilation,Pop,,Comp. Est,https://www.discogs.com/release/656239-Various-Heart-To-Heart,Carl Sigman | Fred Rauch | Gerhard Winkler,Carl Sigman [Written-By] | Fred Rauch [Written-By] | Gerhard Winkler [Written-By],
Various,"Forever Autumn (From Jeff Wayne's ""War Of The Worlds"")",A5,,Heart To Heart,1989,UK,Knight Records,KNLP 12012,Vinyl / LP | Compilation,Pop,,Comp. Est,https://www.discogs.com/release/656239-Various-Heart-To-Heart,Vigrass/Osbourne/Wayne,Vigrass/Osbourne/Wayne [Written By],
Various,Laughter In The Rain,A6,,Heart To Heart,1989,UK,Knight Records,KNLP 12012,Vinyl / LP | Compilation,Pop,,Comp. Est,https://www.discogs.com/release/656239-Various-Heart-To-Heart,Sedaka/Cody/Kirshner,Sedaka/Cody/Kirshner [Written By],
Various,Music,A7,,Heart To Heart,1989,UK,Knight Records,KNLP 12012,Vinyl / LP | Compilation,Pop,,Comp. Est,https://www.discogs.com/release/656239-Various-Heart-To-Heart,Miles,Miles [Written By],
Various,Taste Of Your Tears,B1,,Heart To Heart,1989,UK,Knight Records,KNLP 12012,Vinyl / LP | Compilation,Pop,,Comp. Est,https://www.discogs.com/release/656239-Various-Heart-To-Heart,King,King [Written By],
Various,Right Time Of The Night,B2,,Heart To Heart,1989,UK,Knight Records,KNLP 12012,Vinyl / LP | Compilation,Pop,,Comp. Est,https://www.discogs.com/release/656239-Various-Heart-To-Heart,McCann,McCann [Written By],
Various,The Things We Do For Love,B3,,Heart To Heart,1989,UK,Knight Records,KNLP 12012,Vinyl / LP | Compilation,Pop,,Comp. Est,https://www.discogs.com/release/656239-Various-Heart-To-Heart,Stewart/Gouldman,Stewart/Gouldman [Written By],
Various,Torn Between Two Lovers,B4,,Heart To Heart,1989,UK,Knight Records,KNLP 12012,Vinyl / LP | Compilation,Pop,,Comp. Est,https://www.discogs.com/release/656239-Various-Heart-To-Heart,Yarrow/Jarrell,Yarrow/Jarrell [Written By],
Various,Uptown Uptempo Woman,B5,,Heart To Heart,1989,UK,Knight Records,KNLP 12012,Vinyl / LP | Compilation,Pop,,Comp. Est,https://www.discogs.com/release/656239-Various-Heart-To-Heart,Edelman,Edelman [Written By],
Various,You Should See How She Talks About You,B6,,Heart To Heart,1989,UK,Knight Records,KNLP 12012,Vinyl / LP | Compilation,Pop,,Comp. Est,https://www.discogs.com/release/656239-Various-Heart-To-Heart,SNow/Pitchford,SNow/Pitchford [Written By],
Various,I Know Him So Well,B7,,Heart To Heart,1989,UK,Knight Records,KNLP 12012,Vinyl / LP | Compilation,Pop,,Comp. Est,https://www.discogs.com/release/656239-Various-Heart-To-Heart,Anderson/Rice/Ulvaeus,Anderson/Rice/Ulvaeus [Written By],
Papillon (22),Cha Cha Cha,A1,,Poker Mix,1984,Italy,"Liquirizia, Alpharecord","LP 1110, AR 3093","Vinyl / 12"" | 33 ⅓ RPM | Maxi-Single",Electronic,Italo-Disco,Comp. Est,https://www.discogs.com/release/2585630-Papillon-22-Poker-Mix,,,
Papillon (22),La Raspa,A2,,Poker Mix,1984,Italy,"Liquirizia, Alpharecord","LP 1110, AR 3093","Vinyl / 12"" | 33 ⅓ RPM | Maxi-Single",Electronic,Italo-Disco,Comp. Est,https://www.discogs.com/release/2585630-Papillon-22-Poker-Mix,,,
Papillon (22),Sambao,B1,7:44,Poker Mix,1984,Italy,"Liquirizia, Alpharecord","LP 1110, AR 3093","Vinyl / 12"" | 33 ⅓ RPM | Maxi-Single",Electronic,Italo-Disco,Comp. Est,https://www.discogs.com/release/2585630-Papillon-22-Poker-Mix,,,
Papillon (22),La Bamba,B2,5:34,Poker Mix,1984,Italy,"Liquirizia, Alpharecord","LP 1110, AR 3093","Vinyl / 12"" | 33 ⅓ RPM | Maxi-Single",Electronic,Italo-Disco,Comp. Est,https://www.discogs.com/release/2585630-Papillon-22-Poker-Mix,,,
Papillon (22),Cha Cha Cha,A1,,Poker Mix,1984,Italy,"Liquirizia, Alpharecord","LP 1110, AR 3093","Vinyl / 12"" | 33 ⅓ RPM | Maxi-Single",Electronic,Italo-Disco,Comp. Est,https://www.discogs.com/release/2585630-Papillon-22-Poker-Mix,,,
Papillon (22),La Raspa,A2,,Poker Mix,1984,Italy,"Liquirizia, Alpharecord","LP 1110, AR 3093","Vinyl / 12"" | 33 ⅓ RPM | Maxi-Single",Electronic,Italo-Disco,Comp. Est,https://www.discogs.com/release/2585630-Papillon-22-Poker-Mix,,,
Papillon (22),Sambao,B1,7:44,Poker Mix,1984,Italy,"Liquirizia, Alpharecord","LP 1110, AR 3093","Vinyl / 12"" | 33 ⅓ RPM | Maxi-Single",Electronic,Italo-Disco,Comp. Est,https://www.discogs.com/release/2585630-Papillon-22-Poker-Mix,,,
Papillon (22),La Bamba,B2,5:34,Poker Mix,1984,Italy,"Liquirizia, Alpharecord","LP 1110, AR 3093","Vinyl / 12"" | 33 ⅓ RPM | Maxi-Single",Electronic,Italo-Disco,Comp. Est,https://www.discogs.com/release/2585630-Papillon-22-Poker-Mix,,,
Various,(We're Gonna) Rock Around The Clock,A1,2:08,American Graffiti (Colonna Sonora Originale Del Film Omonimo),1974,Italy,MCA Records,MAPD 7038,Vinyl / LP | Compilation / Gatefold,"Rock, Stage & Screen","Soundtrack, Rock & Roll",Comp. Est,https://www.discogs.com/release/1800842-Various-American-Graffiti-Colonna-Sonora-Originale-Del-Film-Omonimo,,,
Various,Sixteen Candles,A2,2:48,American Graffiti (Colonna Sonora Originale Del Film Omonimo),1974,Italy,MCA Records,MAPD 7038,Vinyl / LP | Compilation / Gatefold,"Rock, Stage & Screen","Soundtrack, Rock & Roll",Comp. Est,https://www.discogs.com/release/1800842-Various-American-Graffiti-Colonna-Sonora-Originale-Del-Film-Omonimo,,,
Various,Runaway,A3,2:18,American Graffiti (Colonna Sonora Originale Del Film Omonimo),1974,Italy,MCA Records,MAPD 7038,Vinyl / LP | Compilation / Gatefold,"Rock, Stage & Screen","Soundtrack, Rock & Roll",Comp. Est,https://www.discogs.com/release/1800842-Various-American-Graffiti-Colonna-Sonora-Originale-Del-Film-Omonimo,,,
Various,Why Do Fools Fall In Love,A4,2:14,American Graffiti (Colonna Sonora Originale Del Film Omonimo),1974,Italy,MCA Records,MAPD 7038,Vinyl / LP | Compilation / Gatefold,"Rock, Stage & Screen","Soundtrack, Rock & Roll",Comp. Est,https://www.discogs.com/release/1800842-Various-American-Graffiti-Colonna-Sonora-Originale-Del-Film-Omonimo,,,
Various,That'll Be The Day,A5,2:14,American Graffiti (Colonna Sonora Originale Del Film Omonimo),1974,Italy,MCA Records,MAPD 7038,Vinyl / LP | Compilation / Gatefold,"Rock, Stage & Screen","Soundtrack, Rock & Roll",Comp. Est,https://www.discogs.com/release/1800842-Various-American-Graffiti-Colonna-Sonora-Originale-Del-Film-Omonimo,,,
Various,Fanny Mae,A6,2:52,American Graffiti (Colonna Sonora Originale Del Film Omonimo),1974,Italy,MCA Records,MAPD 7038,Vinyl / LP | Compilation / Gatefold,"Rock, Stage & Screen","Soundtrack, Rock & Roll",Comp. Est,https://www.discogs.com/release/1800842-Various-American-Graffiti-Colonna-Sonora-Originale-Del-Film-Omonimo,,,
Various,At The Hop,A7,2:25,American Graffiti (Colonna Sonora Originale Del Film Omonimo),1974,Italy,MCA Records,MAPD 7038,Vinyl / LP | Compilation / Gatefold,"Rock, Stage & Screen","Soundtrack, Rock & Roll",Comp. Est,https://www.discogs.com/release/1800842-Various-American-Graffiti-Colonna-Sonora-Originale-Del-Film-Omonimo,,,
Various,She's So Fine,A8,2:18,American Graffiti (Colonna Sonora Originale Del Film Omonimo),1974,Italy,MCA Records,MAPD 7038,Vinyl / LP | Compilation / Gatefold,"Rock, Stage & Screen","Soundtrack, Rock & Roll",Comp. Est,https://www.discogs.com/release/1800842-Various-American-Graffiti-Colonna-Sonora-Originale-Del-Film-Omonimo,,,
Various,The Stroll,A9,2:26,American Graffiti (Colonna Sonora Originale Del Film Omonimo),1974,Italy,MCA Records,MAPD 7038,Vinyl / LP | Compilation / Gatefold,"Rock, Stage & Screen","Soundtrack, Rock & Roll",Comp. Est,https://www.discogs.com/release/1800842-Various-American-Graffiti-Colonna-Sonora-Originale-Del-Film-Omonimo,,,
Various,See You In September,A10,2:03,American Graffiti (Colonna Sonora Originale Del Film Omonimo),1974,Italy,MCA Records,MAPD 7038,Vinyl / LP | Compilation / Gatefold,"Rock, Stage & Screen","Soundtrack, Rock & Roll",Comp. Est,https://www.discogs.com/release/1800842-Various-American-Graffiti-Colonna-Sonora-Originale-Del-Film-Omonimo,,,
Various,Surfin' Safari,B1,2:05,American Graffiti (Colonna Sonora Originale Del Film Omonimo),1974,Italy,MCA Records,MAPD 7038,Vinyl / LP | Compilation / Gatefold,"Rock, Stage & Screen","Soundtrack, Rock & Roll",Comp. Est,https://www.discogs.com/release/1800842-Various-American-Graffiti-Colonna-Sonora-Originale-Del-Film-Omonimo,,,
Various,He's The Great Imposter,B2,1:33,American Graffiti (Colonna Sonora Originale Del Film Omonimo),1974,Italy,MCA Records,MAPD 7038,Vinyl / LP | Compilation / Gatefold,"Rock, Stage & Screen","Soundtrack, Rock & Roll",Comp. Est,https://www.discogs.com/release/1800842-Various-American-Graffiti-Colonna-Sonora-Originale-Del-Film-Omonimo,,,
Various,Almost Grown,B3,2:09,American Graffiti (Colonna Sonora Originale Del Film Omonimo),1974,Italy,MCA Records,MAPD 7038,Vinyl / LP | Compilation / Gatefold,"Rock, Stage & Screen","Soundtrack, Rock & Roll",Comp. Est,https://www.discogs.com/release/1800842-Various-American-Graffiti-Colonna-Sonora-Originale-Del-Film-Omonimo,,,
Various,Smoke Gets In Your Eyes,B4,2:37,American Graffiti (Colonna Sonora Originale Del Film Omonimo),1974,Italy,MCA Records,MAPD 7038,Vinyl / LP | Compilation / Gatefold,"Rock, Stage & Screen","Soundtrack, Rock & Roll",Comp. Est,https://www.discogs.com/release/1800842-Various-American-Graffiti-Colonna-Sonora-Originale-Del-Film-Omonimo,,,
Various,Little Darlin',B5,2:04,American Graffiti (Colonna Sonora Originale Del Film Omonimo),1974,Italy,MCA Records,MAPD 7038,Vinyl / LP | Compilation / Gatefold,"Rock, Stage & Screen","Soundtrack, Rock & Roll",Comp. Est,https://www.discogs.com/release/1800842-Various-American-Graffiti-Colonna-Sonora-Originale-Del-Film-Omonimo,,,
Various,Peppermint Twist,B6,1:58,American Graffiti (Colonna Sonora Originale Del Film Omonimo),1974,Italy,MCA Records,MAPD 7038,Vinyl / LP | Compilation / Gatefold,"Rock, Stage & Screen","Soundtrack, Rock & Roll",Comp. Est,https://www.discogs.com/release/1800842-Various-American-Graffiti-Colonna-Sonora-Originale-Del-Film-Omonimo,,,
Various,Barbara Anne,B7,2:14,American Graffiti (Colonna Sonora Originale Del Film Omonimo),1974,Italy,MCA Records,MAPD 7038,Vinyl / LP | Compilation / Gatefold,"Rock, Stage & Screen","Soundtrack, Rock & Roll",Comp. Est,https://www.discogs.com/release/1800842-Various-American-Graffiti-Colonna-Sonora-Originale-Del-Film-Omonimo,,,
Various,Book Of Love,B8,2:17,American Graffiti (Colonna Sonora Originale Del Film Omonimo),1974,Italy,MCA Records,MAPD 7038,Vinyl / LP | Compilation / Gatefold,"Rock, Stage & Screen","Soundtrack, Rock & Roll",Comp. Est,https://www.discogs.com/release/1800842-Various-American-Graffiti-Colonna-Sonora-Originale-Del-Film-Omonimo,,,
Various,Maybe Baby,B9,2:01,American Graffiti (Colonna Sonora Originale Del Film Omonimo),1974,Italy,MCA Records,MAPD 7038,Vinyl / LP | Compilation / Gatefold,"Rock, Stage & Screen","Soundtrack, Rock & Roll",Comp. Est,https://www.discogs.com/release/1800842-Various-American-Graffiti-Colonna-Sonora-Originale-Del-Film-Omonimo,,,
Various,Ya Ya,B10,2:22,American Graffiti (Colonna Sonora Originale Del Film Omonimo),1974,Italy,MCA Records,MAPD 7038,Vinyl / LP | Compilation / Gatefold,"Rock, Stage & Screen","Soundtrack, Rock & Roll",Comp. Est,https://www.discogs.com/release/1800842-Various-American-Graffiti-Colonna-Sonora-Originale-Del-Film-Omonimo,,,
Various,The Great Pretenders,B11,2:35,American Graffiti (Colonna Sonora Originale Del Film Omonimo),1974,Italy,MCA Records,MAPD 7038,Vinyl / LP | Compilation / Gatefold,"Rock, Stage & Screen","Soundtrack, Rock & Roll",Comp. Est,https://www.discogs.com/release/1800842-Various-American-Graffiti-Colonna-Sonora-Originale-Del-Film-Omonimo,,,
Various,Ain't That A Shame,C1,2:31,American Graffiti (Colonna Sonora Originale Del Film Omonimo),1974,Italy,MCA Records,MAPD 7038,Vinyl / LP | Compilation / Gatefold,"Rock, Stage & Screen","Soundtrack, Rock & Roll",Comp. Est,https://www.discogs.com/release/1800842-Various-American-Graffiti-Colonna-Sonora-Originale-Del-Film-Omonimo,,,
Various,Johnny B. Goode,C2,2:38,American Graffiti (Colonna Sonora Originale Del Film Omonimo),1974,Italy,MCA Records,MAPD 7038,Vinyl / LP | Compilation / Gatefold,"Rock, Stage & Screen","Soundtrack, Rock & Roll",Comp. Est,https://www.discogs.com/release/1800842-Various-American-Graffiti-Colonna-Sonora-Originale-Del-Film-Omonimo,,,
Various,I Only Have Eyes For You,C3,3:09,American Graffiti (Colonna Sonora Originale Del Film Omonimo),1974,Italy,MCA Records,MAPD 7038,Vinyl / LP | Compilation / Gatefold,"Rock, Stage & Screen","Soundtrack, Rock & Roll",Comp. Est,https://www.discogs.com/release/1800842-Various-American-Graffiti-Colonna-Sonora-Originale-Del-Film-Omonimo,,,
Various,Get A Job,C4,2:37,American Graffiti (Colonna Sonora Originale Del Film Omonimo),1974,Italy,MCA Records,MAPD 7038,Vinyl / LP | Compilation / Gatefold,"Rock, Stage & Screen","Soundtrack, Rock & Roll",Comp. Est,https://www.discogs.com/release/1800842-Various-American-Graffiti-Colonna-Sonora-Originale-Del-Film-Omonimo,,,
Various,To The Aisle,C5,2:44,American Graffiti (Colonna Sonora Originale Del Film Omonimo),1974,Italy,MCA Records,MAPD 7038,Vinyl / LP | Compilation / Gatefold,"Rock, Stage & Screen","Soundtrack, Rock & Roll",Comp. Est,https://www.discogs.com/release/1800842-Various-American-Graffiti-Colonna-Sonora-Originale-Del-Film-Omonimo,,,
Various,Do You Wanna Dance,C6,2:35,American Graffiti (Colonna Sonora Originale Del Film Omonimo),1974,Italy,MCA Records,MAPD 7038,Vinyl / LP | Compilation / Gatefold,"Rock, Stage & Screen","Soundtrack, Rock & Roll",Comp. Est,https://www.discogs.com/release/1800842-Various-American-Graffiti-Colonna-Sonora-Originale-Del-Film-Omonimo,,,
Various,Party Doll,C7,1:54,American Graffiti (Colonna Sonora Originale Del Film Omonimo),1974,Italy,MCA Records,MAPD 7038,Vinyl / LP | Compilation / Gatefold,"Rock, Stage & Screen","Soundtrack, Rock & Roll",Comp. Est,https://www.discogs.com/release/1800842-Various-American-Graffiti-Colonna-Sonora-Originale-Del-Film-Omonimo,,,
Various,Come Go With Me,C8,2:37,American Graffiti (Colonna Sonora Originale Del Film Omonimo),1974,Italy,MCA Records,MAPD 7038,Vinyl / LP | Compilation / Gatefold,"Rock, Stage & Screen","Soundtrack, Rock & Roll",Comp. Est,https://www.discogs.com/release/1800842-Various-American-Graffiti-Colonna-Sonora-Originale-Del-Film-Omonimo,,,
Various,You're Sixteen - You're Beautiful (And You're Mine),C9,1:56,American Graffiti (Colonna Sonora Originale Del Film Omonimo),1974,Italy,MCA Records,MAPD 7038,Vinyl / LP | Compilation / Gatefold,"Rock, Stage & Screen","Soundtrack, Rock & Roll",Comp. Est,https://www.discogs.com/release/1800842-Various-American-Graffiti-Colonna-Sonora-Originale-Del-Film-Omonimo,,,
Various,Love Potion No.9,C10,1:53,American Graffiti (Colonna Sonora Originale Del Film Omonimo),1974,Italy,MCA Records,MAPD 7038,Vinyl / LP | Compilation / Gatefold,"Rock, Stage & Screen","Soundtrack, Rock & Roll",Comp. Est,https://www.discogs.com/release/1800842-Various-American-Graffiti-Colonna-Sonora-Originale-Del-Film-Omonimo,,,
Various,Since I Don't Have You,D1,2:35,American Graffiti (Colonna Sonora Originale Del Film Omonimo),1974,Italy,MCA Records,MAPD 7038,Vinyl / LP | Compilation / Gatefold,"Rock, Stage & Screen","Soundtrack, Rock & Roll",Comp. Est,https://www.discogs.com/release/1800842-Various-American-Graffiti-Colonna-Sonora-Originale-Del-Film-Omonimo,,,
Various,Chantilly Lace,D2,2:21,American Graffiti (Colonna Sonora Originale Del Film Omonimo),1974,Italy,MCA Records,MAPD 7038,Vinyl / LP | Compilation / Gatefold,"Rock, Stage & Screen","Soundtrack, Rock & Roll",Comp. Est,https://www.discogs.com/release/1800842-Various-American-Graffiti-Colonna-Sonora-Originale-Del-Film-Omonimo,,,
Various,Teen Angel,D3,2:35,American Graffiti (Colonna Sonora Originale Del Film Omonimo),1974,Italy,MCA Records,MAPD 7038,Vinyl / LP | Compilation / Gatefold,"Rock, Stage & Screen","Soundtrack, Rock & Roll",Comp. Est,https://www.discogs.com/release/1800842-Various-American-Graffiti-Colonna-Sonora-Originale-Del-Film-Omonimo,,,
Various,Crying In The Chapel,D4,3:04,American Graffiti (Colonna Sonora Originale Del Film Omonimo),1974,Italy,MCA Records,MAPD 7038,Vinyl / LP | Compilation / Gatefold,"Rock, Stage & Screen","Soundtrack, Rock & Roll",Comp. Est,https://www.discogs.com/release/1800842-Various-American-Graffiti-Colonna-Sonora-Originale-Del-Film-Omonimo,,,
Various,A Thousand Miles Away,D5,2:25,American Graffiti (Colonna Sonora Originale Del Film Omonimo),1974,Italy,MCA Records,MAPD 7038,Vinyl / LP | Compilation / Gatefold,"Rock, Stage & Screen","Soundtrack, Rock & Roll",Comp. Est,https://www.discogs.com/release/1800842-Various-American-Graffiti-Colonna-Sonora-Originale-Del-Film-Omonimo,,,
Various,Heart And Soul,D6,1:49,American Graffiti (Colonna Sonora Originale Del Film Omonimo),1974,Italy,MCA Records,MAPD 7038,Vinyl / LP | Compilation / Gatefold,"Rock, Stage & Screen","Soundtrack, Rock & Roll",Comp. Est,https://www.discogs.com/release/1800842-Various-American-Graffiti-Colonna-Sonora-Originale-Del-Film-Omonimo,,,
Various,Green Onions,D7,2:25,American Graffiti (Colonna Sonora Originale Del Film Omonimo),1974,Italy,MCA Records,MAPD 7038,Vinyl / LP | Compilation / Gatefold,"Rock, Stage & Screen","Soundtrack, Rock & Roll",Comp. Est,https://www.discogs.com/release/1800842-Various-American-Graffiti-Colonna-Sonora-Originale-Del-Film-Omonimo,,,
Various,Only You (And You Alone),D8,2:35,American Graffiti (Colonna Sonora Originale Del Film Omonimo),1974,Italy,MCA Records,MAPD 7038,Vinyl / LP | Compilation / Gatefold,"Rock, Stage & Screen","Soundtrack, Rock & Roll",Comp. Est,https://www.discogs.com/release/1800842-Various-American-Graffiti-Colonna-Sonora-Originale-Del-Film-Omonimo,,,
Various,"Goodnight, Well It's Time To Go",D9,2:43,American Graffiti (Colonna Sonora Originale Del Film Omonimo),1974,Italy,MCA Records,MAPD 7038,Vinyl / LP | Compilation / Gatefold,"Rock, Stage & Screen","Soundtrack, Rock & Roll",Comp. Est,https://www.discogs.com/release/1800842-Various-American-Graffiti-Colonna-Sonora-Originale-Del-Film-Omonimo,,,
Various,All Summer Long,D10,2:05,American Graffiti (Colonna Sonora Originale Del Film Omonimo),1974,Italy,MCA Records,MAPD 7038,Vinyl / LP | Compilation / Gatefold,"Rock, Stage & Screen","Soundtrack, Rock & Roll",Comp. Est,https://www.discogs.com/release/1800842-Various-American-Graffiti-Colonna-Sonora-Originale-Del-Film-Omonimo,,,
Stan Kenton,Dynaflow,A1,3:15,Stan Kenton,1987,Italy,Musica Jazz,2MJP 1047,Vinyl / LP | Compilation,Jazz,Big Band,Comp. Est,https://www.discogs.com/release/2068949-Stan-Kenton-Stan-Kenton,Art Pepper | Stan Kenton,Art Pepper [Written-By] | Stan Kenton [Written-By],
Stan Kenton,Collaboration,A2,2:31,Stan Kenton,1987,Italy,Musica Jazz,2MJP 1047,Vinyl / LP | Compilation,Jazz,Big Band,Comp. Est,https://www.discogs.com/release/2068949-Stan-Kenton-Stan-Kenton,Pete Rugolo | Stan Kenton,Pete Rugolo [Written-By] | Stan Kenton [Written-By],
Stan Kenton,Easy Go,A3,2:56,Stan Kenton,1987,Italy,Musica Jazz,2MJP 1047,Vinyl / LP | Compilation,Jazz,Big Band,Comp. Est,https://www.discogs.com/release/2068949-Stan-Kenton-Stan-Kenton,Joe Garland | Stan Kenton,Joe Garland [Written-By] | Stan Kenton [Written-By],
Stan Kenton,Round Robin,A4,2:02,Stan Kenton,1987,Italy,Musica Jazz,2MJP 1047,Vinyl / LP | Compilation,Jazz,Big Band,Comp. Est,https://www.discogs.com/release/2068949-Stan-Kenton-Stan-Kenton,Shorty Rogers,Shorty Rogers [Written-By],
Stan Kenton,Laura,A5,2:39,Stan Kenton,1987,Italy,Musica Jazz,2MJP 1047,Vinyl / LP | Compilation,Jazz,Big Band,Comp. Est,https://www.discogs.com/release/2068949-Stan-Kenton-Stan-Kenton,David Raksin | Johnny Mercer,David Raksin [Written-By] | Johnny Mercer [Written-By],
Stan Kenton,Viva Prado,A6,5:31,Stan Kenton,1987,Italy,Musica Jazz,2MJP 1047,Vinyl / LP | Compilation,Jazz,Big Band,Comp. Est,https://www.discogs.com/release/2068949-Stan-Kenton-Stan-Kenton,Shorty Rogers,Shorty Rogers [Written-By],
Stan Kenton,Walking Shoes,B1,3:24,Stan Kenton,1987,Italy,Musica Jazz,2MJP 1047,Vinyl / LP | Compilation,Jazz,Big Band,Comp. Est,https://www.discogs.com/release/2068949-Stan-Kenton-Stan-Kenton,Gerry Mulligan,Gerry Mulligan [Written-By],
Stan Kenton,Solo For Alto,B2,2:43,Stan Kenton,1987,Italy,Musica Jazz,2MJP 1047,Vinyl / LP | Compilation,Jazz,Big Band,Comp. Est,https://www.discogs.com/release/2068949-Stan-Kenton-Stan-Kenton,Bill Holman,Bill Holman [Written-By],
Stan Kenton,Solitaire,B3,3:51,Stan Kenton,1987,Italy,Musica Jazz,2MJP 1047,Vinyl / LP | Compilation,Jazz,Big Band,Comp. Est,https://www.discogs.com/release/2068949-Stan-Kenton-Stan-Kenton,Bill Russo,Bill Russo [Written-By],
Stan Kenton,Young Blood,B4,5:04,Stan Kenton,1987,Italy,Musica Jazz,2MJP 1047,Vinyl / LP | Compilation,Jazz,Big Band,Comp. Est,https://www.discogs.com/release/2068949-Stan-Kenton-Stan-Kenton,Gerry Mulligan,Gerry Mulligan [Written-By],
Stan Kenton,Limelight,B5,3:55,Stan Kenton,1987,Italy,Musica Jazz,2MJP 1047,Vinyl / LP | Compilation,Jazz,Big Band,Comp. Est,https://www.discogs.com/release/2068949-Stan-Kenton-Stan-Kenton,Gerry Mulligan,Gerry Mulligan [Written-By],
Unknown Artist,Singin' In The Rain,A1,4:07,Vetrina Di Hit Parade Vol. 16,1978,Italy,"Penny (2), Penny (2)","REL ST 19362, REL-ST 19362",Vinyl / LP,"Electronic, Pop","Chanson, Disco",Comp. Est,https://www.discogs.com/release/2548983-Unknown-Artist-Vetrina-Di-Hit-Parade-Vol-16,Arthur Freed | Nacio Herb Brown,Arthur Freed [Written-By] | Nacio Herb Brown [Written-By],
Unknown Artist,I Love You,A2,4:13,Vetrina Di Hit Parade Vol. 16,1978,Italy,"Penny (2), Penny (2)","REL ST 19362, REL-ST 19362",Vinyl / LP,"Electronic, Pop","Chanson, Disco",Comp. Est,https://www.discogs.com/release/2548983-Unknown-Artist-Vetrina-Di-Hit-Parade-Vol-16,Donna Summer | John Barry,Donna Summer [Written-By] | John Barry [Written-By],
Unknown Artist,1.2.3.4. Gimme Some More,A3,3:10,Vetrina Di Hit Parade Vol. 16,1978,Italy,"Penny (2), Penny (2)","REL ST 19362, REL-ST 19362",Vinyl / LP,"Electronic, Pop","Chanson, Disco",Comp. Est,https://www.discogs.com/release/2548983-Unknown-Artist-Vetrina-Di-Hit-Parade-Vol-16,La Bionda | Lucy O'Neale | Richard Palmer-James,La Bionda [Written-By] | Lucy O'Neale [Written-By] | Richard Palmer-James [Written-By],
Unknown Artist,Queen Of China-Town,A4,4:15,Vetrina Di Hit Parade Vol. 16,1978,Italy,"Penny (2), Penny (2)","REL ST 19362, REL-ST 19362",Vinyl / LP,"Electronic, Pop","Chanson, Disco",Comp. Est,https://www.discogs.com/release/2548983-Unknown-Artist-Vetrina-Di-Hit-Parade-Vol-16,Amanda Lear | Anthony Monn,Amanda Lear [Written-By] | Anthony Monn [Written-By],
Unknown Artist,E Così Sia,A5,3:53,Vetrina Di Hit Parade Vol. 16,1978,Italy,"Penny (2), Penny (2)","REL ST 19362, REL-ST 19362",Vinyl / LP,"Electronic, Pop","Chanson, Disco",Comp. Est,https://www.discogs.com/release/2548983-Unknown-Artist-Vetrina-Di-Hit-Parade-Vol-16,Alec R. Costandinos | Bruno Lauzi | Célestin Ganou | Martial Carcélès,Alec R. Costandinos [Written-By] | Bruno Lauzi [Written-By] | Célestin Ganou [Written-By] | Martial Carcélès [Written-By],
Unknown Artist,Respiro,A6,3:10,Vetrina Di Hit Parade Vol. 16,1978,Italy,"Penny (2), Penny (2)","REL ST 19362, REL-ST 19362",Vinyl / LP,"Electronic, Pop","Chanson, Disco",Comp. Est,https://www.discogs.com/release/2548983-Unknown-Artist-Vetrina-Di-Hit-Parade-Vol-16,Franco Simone,Franco Simone [Written-By],
Unknown Artist,La Vie En Rose,B1,3:35,Vetrina Di Hit Parade Vol. 16,1978,Italy,"Penny (2), Penny (2)","REL ST 19362, REL-ST 19362",Vinyl / LP,"Electronic, Pop","Chanson, Disco",Comp. Est,https://www.discogs.com/release/2548983-Unknown-Artist-Vetrina-Di-Hit-Parade-Vol-16,Edith Piaf | Louiguy,Edith Piaf [Written-By] | Louiguy [Written-By],
Unknown Artist,My Name Is Potato,B2,3:35,Vetrina Di Hit Parade Vol. 16,1978,Italy,"Penny (2), Penny (2)","REL ST 19362, REL-ST 19362",Vinyl / LP,"Electronic, Pop","Chanson, Disco",Comp. Est,https://www.discogs.com/release/2548983-Unknown-Artist-Vetrina-Di-Hit-Parade-Vol-16,Fabrizio Federighi | Susy Bellucci,Fabrizio Federighi [Written-By] | Susy Bellucci [Written-By],
Unknown Artist,When Love,B3,4:25,Vetrina Di Hit Parade Vol. 16,1978,Italy,"Penny (2), Penny (2)","REL ST 19362, REL-ST 19362",Vinyl / LP,"Electronic, Pop","Chanson, Disco",Comp. Est,https://www.discogs.com/release/2548983-Unknown-Artist-Vetrina-Di-Hit-Parade-Vol-16,D.B. Besquet | Michele del Prete,D.B. Besquet [Written-By] | Michele del Prete [Written-By],
Unknown Artist,Non Stop,B4,3:15,Vetrina Di Hit Parade Vol. 16,1978,Italy,"Penny (2), Penny (2)","REL ST 19362, REL-ST 19362",Vinyl / LP,"Electronic, Pop","Chanson, Disco",Comp. Est,https://www.discogs.com/release/2548983-Unknown-Artist-Vetrina-Di-Hit-Parade-Vol-16,El Pasador,El Pasador [Written-By],
Unknown Artist,Sono Io,B5,4:30,Vetrina Di Hit Parade Vol. 16,1978,Italy,"Penny (2), Penny (2)","REL ST 19362, REL-ST 19362",Vinyl / LP,"Electronic, Pop","Chanson, Disco",Comp. Est,https://www.discogs.com/release/2548983-Unknown-Artist-Vetrina-Di-Hit-Parade-Vol-16,Alberto Anelli | Gerardo Gargiulo,Alberto Anelli [Written-By] | Gerardo Gargiulo [Written-By],
Unknown Artist,Love Me Baby,B6,3:37,Vetrina Di Hit Parade Vol. 16,1978,Italy,"Penny (2), Penny (2)","REL ST 19362, REL-ST 19362",Vinyl / LP,"Electronic, Pop","Chanson, Disco",Comp. Est,https://www.discogs.com/release/2548983-Unknown-Artist-Vetrina-Di-Hit-Parade-Vol-16,Copperman | Mike Wickfield | Pamela Marion Forrest | Paul Racer,Copperman [Written-By] | Mike Wickfield [Written-By] | Pamela Marion Forrest [Written-By] | Paul Racer [Written-By],
Various,Apache,A1,,Da Nashville A Dallas - 16 Grandi Successi Della Country Music,0,Italy,RCA,CYL 45421,Vinyl / LP | Compilation,"Folk, World, & Country",Country,Comp. Est,https://www.discogs.com/release/7697002-Various-Da-Nashville-A-Dallas-16-Grandi-Successi-Della-Country-Music,,,
Various,Down Yonder,A2,,Da Nashville A Dallas - 16 Grandi Successi Della Country Music,0,Italy,RCA,CYL 45421,Vinyl / LP | Compilation,"Folk, World, & Country",Country,Comp. Est,https://www.discogs.com/release/7697002-Various-Da-Nashville-A-Dallas-16-Grandi-Successi-Della-Country-Music,,,
Various,Red River Valley,A3,,Da Nashville A Dallas - 16 Grandi Successi Della Country Music,0,Italy,RCA,CYL 45421,Vinyl / LP | Compilation,"Folk, World, & Country",Country,Comp. Est,https://www.discogs.com/release/7697002-Various-Da-Nashville-A-Dallas-16-Grandi-Successi-Della-Country-Music,,,
Various,Early Morning Rain,A4,,Da Nashville A Dallas - 16 Grandi Successi Della Country Music,0,Italy,RCA,CYL 45421,Vinyl / LP | Compilation,"Folk, World, & Country",Country,Comp. Est,https://www.discogs.com/release/7697002-Various-Da-Nashville-A-Dallas-16-Grandi-Successi-Della-Country-Music,,,
Various,Welcome To My World,A5,,Da Nashville A Dallas - 16 Grandi Successi Della Country Music,0,Italy,RCA,CYL 45421,Vinyl / LP | Compilation,"Folk, World, & Country",Country,Comp. Est,https://www.discogs.com/release/7697002-Various-Da-Nashville-A-Dallas-16-Grandi-Successi-Della-Country-Music,,,
Various,Language Of Love,A6,,Da Nashville A Dallas - 16 Grandi Successi Della Country Music,0,Italy,RCA,CYL 45421,Vinyl / LP | Compilation,"Folk, World, & Country",Country,Comp. Est,https://www.discogs.com/release/7697002-Various-Da-Nashville-A-Dallas-16-Grandi-Successi-Della-Country-Music,,,
Various,I Can't Stop Lovin You,A7,,Da Nashville A Dallas - 16 Grandi Successi Della Country Music,0,Italy,RCA,CYL 45421,Vinyl / LP | Compilation,"Folk, World, & Country",Country,Comp. Est,https://www.discogs.com/release/7697002-Various-Da-Nashville-A-Dallas-16-Grandi-Successi-Della-Country-Music,,,
Various,Everybody's Talkin,A8,,Da Nashville A Dallas - 16 Grandi Successi Della Country Music,0,Italy,RCA,CYL 45421,Vinyl / LP | Compilation,"Folk, World, & Country",Country,Comp. Est,https://www.discogs.com/release/7697002-Various-Da-Nashville-A-Dallas-16-Grandi-Successi-Della-Country-Music,,,
Various,Just To Satisfy You,B1,,Da Nashville A Dallas - 16 Grandi Successi Della Country Music,0,Italy,RCA,CYL 45421,Vinyl / LP | Compilation,"Folk, World, & Country",Country,Comp. Est,https://www.discogs.com/release/7697002-Various-Da-Nashville-A-Dallas-16-Grandi-Successi-Della-Country-Music,,,
Various,Any Day Now,B2,,Da Nashville A Dallas - 16 Grandi Successi Della Country Music,0,Italy,RCA,CYL 45421,Vinyl / LP | Compilation,"Folk, World, & Country",Country,Comp. Est,https://www.discogs.com/release/7697002-Various-Da-Nashville-A-Dallas-16-Grandi-Successi-Della-Country-Music,,,
Various,The Man With The Golden Thumb,B3,,Da Nashville A Dallas - 16 Grandi Successi Della Country Music,0,Italy,RCA,CYL 45421,Vinyl / LP | Compilation,"Folk, World, & Country",Country,Comp. Est,https://www.discogs.com/release/7697002-Various-Da-Nashville-A-Dallas-16-Grandi-Successi-Della-Country-Music,,,
Various,Heart On The Mend,B4,,Da Nashville A Dallas - 16 Grandi Successi Della Country Music,0,Italy,RCA,CYL 45421,Vinyl / LP | Compilation,"Folk, World, & Country",Country,Comp. Est,https://www.discogs.com/release/7697002-Various-Da-Nashville-A-Dallas-16-Grandi-Successi-Della-Country-Music,,,
Various,Midnight Rodeo,B5,,Da Nashville A Dallas - 16 Grandi Successi Della Country Music,0,Italy,RCA,CYL 45421,Vinyl / LP | Compilation,"Folk, World, & Country",Country,Comp. Est,https://www.discogs.com/release/7697002-Various-Da-Nashville-A-Dallas-16-Grandi-Successi-Della-Country-Music,,,
Various,By Now,B6,,Da Nashville A Dallas - 16 Grandi Successi Della Country Music,0,Italy,RCA,CYL 45421,Vinyl / LP | Compilation,"Folk, World, & Country",Country,Comp. Est,https://www.discogs.com/release/7697002-Various-Da-Nashville-A-Dallas-16-Grandi-Successi-Della-Country-Music,,,
Various,Applejack,B7,,Da Nashville A Dallas - 16 Grandi Successi Della Country Music,0,Italy,RCA,CYL 45421,Vinyl / LP | Compilation,"Folk, World, & Country",Country,Comp. Est,https://www.discogs.com/release/7697002-Various-Da-Nashville-A-Dallas-16-Grandi-Successi-Della-Country-Music,,,
Various,Tennessee River,B8,,Da Nashville A Dallas - 16 Grandi Successi Della Country Music,0,Italy,RCA,CYL 45421,Vinyl / LP | Compilation,"Folk, World, & Country",Country,Comp. Est,https://www.discogs.com/release/7697002-Various-Da-Nashville-A-Dallas-16-Grandi-Successi-Della-Country-Music,,,
Various,Stayin' Alive,A1,4:43,La Febbre Del Sabato Sera = Saturday Night Fever (Colonna Sonora Originale Del Film),1978,Italy,"RSO, RSO, RSO","2658 123, 2479 199, 2479 200",Vinyl / LP | Album | Compilation | Stereo / Gatefold,"Electronic, Stage & Screen","Soundtrack, Disco",Comp. Est,https://www.discogs.com/release/709215-Various-La-Febbre-Del-Sabato-Sera-Saturday-Night-Fever-Colonna-Sonora-Originale-Del-Film,,"Albhy Galuten [Co-producer] | Karl Richardson [Co-producer, Engineer] | Michel Marie [Engineer [Assistant]] | Bee Gees [Producer]",
Various,How Deep Is Your Love,A2,4:03,La Febbre Del Sabato Sera = Saturday Night Fever (Colonna Sonora Originale Del Film),1978,Italy,"RSO, RSO, RSO","2658 123, 2479 199, 2479 200",Vinyl / LP | Album | Compilation | Stereo / Gatefold,"Electronic, Stage & Screen","Soundtrack, Disco",Comp. Est,https://www.discogs.com/release/709215-Various-La-Febbre-Del-Sabato-Sera-Saturday-Night-Fever-Colonna-Sonora-Originale-Del-Film,,"Albhy Galuten [Co-producer] | Karl Richardson [Co-producer, Engineer] | Michel Marie [Engineer [Assistant]] | Bee Gees [Producer]",
Various,Night Fever,A3,3:33,La Febbre Del Sabato Sera = Saturday Night Fever (Colonna Sonora Originale Del Film),1978,Italy,"RSO, RSO, RSO","2658 123, 2479 199, 2479 200",Vinyl / LP | Album | Compilation | Stereo / Gatefold,"Electronic, Stage & Screen","Soundtrack, Disco",Comp. Est,https://www.discogs.com/release/709215-Various-La-Febbre-Del-Sabato-Sera-Saturday-Night-Fever-Colonna-Sonora-Originale-Del-Film,,"Albhy Galuten [Co-producer] | Karl Richardson [Co-producer, Engineer] | Michel Marie [Engineer [Assistant]] | Bee Gees [Producer]",
Various,More Than A Woman,A4,3:15,La Febbre Del Sabato Sera = Saturday Night Fever (Colonna Sonora Originale Del Film),1978,Italy,"RSO, RSO, RSO","2658 123, 2479 199, 2479 200",Vinyl / LP | Album | Compilation | Stereo / Gatefold,"Electronic, Stage & Screen","Soundtrack, Disco",Comp. Est,https://www.discogs.com/release/709215-Various-La-Febbre-Del-Sabato-Sera-Saturday-Night-Fever-Colonna-Sonora-Originale-Del-Film,,"Albhy Galuten [Co-producer] | Karl Richardson [Co-producer, Engineer] | Michel Marie [Engineer [Assistant]] | Bee Gees [Producer]",
Various,If I Can't Have You,A5,2:15,La Febbre Del Sabato Sera = Saturday Night Fever (Colonna Sonora Originale Del Film),1978,Italy,"RSO, RSO, RSO","2658 123, 2479 199, 2479 200",Vinyl / LP | Album | Compilation | Stereo / Gatefold,"Electronic, Stage & Screen","Soundtrack, Disco",Comp. Est,https://www.discogs.com/release/709215-Various-La-Febbre-Del-Sabato-Sera-Saturday-Night-Fever-Colonna-Sonora-Originale-Del-Film,,Larry Miles [Engineer] | Steve Pouliot [Engineer] | Jim Nau [Engineer [Assistant]] | Tyrone Williams [Engineer [Assistant]] | Freddie Perren [Producer],
Various,A Fifth Of Beethoven,B1,3:01,La Febbre Del Sabato Sera = Saturday Night Fever (Colonna Sonora Originale Del Film),1978,Italy,"RSO, RSO, RSO","2658 123, 2479 199, 2479 200",Vinyl / LP | Album | Compilation | Stereo / Gatefold,"Electronic, Stage & Screen","Soundtrack, Disco",Comp. Est,https://www.discogs.com/release/709215-Various-La-Febbre-Del-Sabato-Sera-Saturday-Night-Fever-Colonna-Sonora-Originale-Del-Film,,Thomas J. Valentino [Producer],
Various,More Than A Woman,B2,3:16,La Febbre Del Sabato Sera = Saturday Night Fever (Colonna Sonora Originale Del Film),1978,Italy,"RSO, RSO, RSO","2658 123, 2479 199, 2479 200",Vinyl / LP | Album | Compilation | Stereo / Gatefold,"Electronic, Stage & Screen","Soundtrack, Disco",Comp. Est,https://www.discogs.com/release/709215-Various-La-Febbre-Del-Sabato-Sera-Saturday-Night-Fever-Colonna-Sonora-Originale-Del-Film,,Larry Miles [Engineer] | Steve Pouliot [Engineer] | Freddie Perren [Producer],
Various,Manhattan Skyline,B3,4:43,La Febbre Del Sabato Sera = Saturday Night Fever (Colonna Sonora Originale Del Film),1978,Italy,"RSO, RSO, RSO","2658 123, 2479 199, 2479 200",Vinyl / LP | Album | Compilation | Stereo / Gatefold,"Electronic, Stage & Screen","Soundtrack, Disco",Comp. Est,https://www.discogs.com/release/709215-Various-La-Febbre-Del-Sabato-Sera-Saturday-Night-Fever-Colonna-Sonora-Originale-Del-Film,,Bill Oakes [Co-producer] | David Shire [Co-producer] | Dan Wallin [Engineer] | Jerry Crawford [Engineer [Assistant]],
Various,Calypso Breakdown,B4,7:50,La Febbre Del Sabato Sera = Saturday Night Fever (Colonna Sonora Originale Del Film),1978,Italy,"RSO, RSO, RSO","2658 123, 2479 199, 2479 200",Vinyl / LP | Album | Compilation | Stereo / Gatefold,"Electronic, Stage & Screen","Soundtrack, Disco",Comp. Est,https://www.discogs.com/release/709215-Various-La-Febbre-Del-Sabato-Sera-Saturday-Night-Fever-Colonna-Sonora-Originale-Del-Film,,William Salter [Co-producer],
Various,Night On Disco Mountain,C1,5:12,La Febbre Del Sabato Sera = Saturday Night Fever (Colonna Sonora Originale Del Film),1978,Italy,"RSO, RSO, RSO","2658 123, 2479 199, 2479 200",Vinyl / LP | Album | Compilation | Stereo / Gatefold,"Electronic, Stage & Screen","Soundtrack, Disco",Comp. Est,https://www.discogs.com/release/709215-Various-La-Febbre-Del-Sabato-Sera-Saturday-Night-Fever-Colonna-Sonora-Originale-Del-Film,,Bill Oakes [Co-producer] | David Shire [Co-producer] | Dan Wallin [Engineer] | Jerry Crawford [Engineer [Assistant]],
Various,Open Sesame,C2,3:59,La Febbre Del Sabato Sera = Saturday Night Fever (Colonna Sonora Originale Del Film),1978,Italy,"RSO, RSO, RSO","2658 123, 2479 199, 2479 200",Vinyl / LP | Album | Compilation | Stereo / Gatefold,"Electronic, Stage & Screen","Soundtrack, Disco",Comp. Est,https://www.discogs.com/release/709215-Various-La-Febbre-Del-Sabato-Sera-Saturday-Night-Fever-Colonna-Sonora-Originale-Del-Film,,,
Various,Jive Talkin',C3,3:44,La Febbre Del Sabato Sera = Saturday Night Fever (Colonna Sonora Originale Del Film),1978,Italy,"RSO, RSO, RSO","2658 123, 2479 199, 2479 200",Vinyl / LP | Album | Compilation | Stereo / Gatefold,"Electronic, Stage & Screen","Soundtrack, Disco",Comp. Est,https://www.discogs.com/release/709215-Various-La-Febbre-Del-Sabato-Sera-Saturday-Night-Fever-Colonna-Sonora-Originale-Del-Film,,Karl Richardson [Engineer] | Ray Thompson [Engineer] | Arif Mardin [Producer] | Bee Gees [Producer],
Various,You Should Be Dancing,C4,4:15,La Febbre Del Sabato Sera = Saturday Night Fever (Colonna Sonora Originale Del Film),1978,Italy,"RSO, RSO, RSO","2658 123, 2479 199, 2479 200",Vinyl / LP | Album | Compilation | Stereo / Gatefold,"Electronic, Stage & Screen","Soundtrack, Disco",Comp. Est,https://www.discogs.com/release/709215-Various-La-Febbre-Del-Sabato-Sera-Saturday-Night-Fever-Colonna-Sonora-Originale-Del-Film,,"Albhy Galuten [Co-producer] | Karl Richardson [Co-producer, Engineer] | Ed Mashal [Engineer [Assistant; Miami]] | Nick Blagona [Engineer [Assistant; Quebec]] | John Blanche [Engineer [Assistant]] | Bee Gees [Producer]",
Various,Boogie Shoes,C5,2:16,La Febbre Del Sabato Sera = Saturday Night Fever (Colonna Sonora Originale Del Film),1978,Italy,"RSO, RSO, RSO","2658 123, 2479 199, 2479 200",Vinyl / LP | Album | Compilation | Stereo / Gatefold,"Electronic, Stage & Screen","Soundtrack, Disco",Comp. Est,https://www.discogs.com/release/709215-Various-La-Febbre-Del-Sabato-Sera-Saturday-Night-Fever-Colonna-Sonora-Originale-Del-Film,,,
Various,Salsation,D1,3:50,La Febbre Del Sabato Sera = Saturday Night Fever (Colonna Sonora Originale Del Film),1978,Italy,"RSO, RSO, RSO","2658 123, 2479 199, 2479 200",Vinyl / LP | Album | Compilation | Stereo / Gatefold,"Electronic, Stage & Screen","Soundtrack, Disco",Comp. Est,https://www.discogs.com/release/709215-Various-La-Febbre-Del-Sabato-Sera-Saturday-Night-Fever-Colonna-Sonora-Originale-Del-Film,,Bill Oakes [Co-producer] | David Shire [Co-producer] | Dan Wallin [Engineer] | Jerry Crawford [Engineer [Assistant]],
Various,K-Jee,D2,4:15,La Febbre Del Sabato Sera = Saturday Night Fever (Colonna Sonora Originale Del Film),1978,Italy,"RSO, RSO, RSO","2658 123, 2479 199, 2479 200",Vinyl / LP | Album | Compilation | Stereo / Gatefold,"Electronic, Stage & Screen","Soundtrack, Disco",Comp. Est,https://www.discogs.com/release/709215-Various-La-Febbre-Del-Sabato-Sera-Saturday-Night-Fever-Colonna-Sonora-Originale-Del-Film,,Bobby Martin [Producer] | Broadway Eddie [Producer],
Various,Disco Inferno,D3,10:52,La Febbre Del Sabato Sera = Saturday Night Fever (Colonna Sonora Originale Del Film),1978,Italy,"RSO, RSO, RSO","2658 123, 2479 199, 2479 200",Vinyl / LP | Album | Compilation | Stereo / Gatefold,"Electronic, Stage & Screen","Soundtrack, Disco",Comp. Est,https://www.discogs.com/release/709215-Various-La-Febbre-Del-Sabato-Sera-Saturday-Night-Fever-Colonna-Sonora-Originale-Del-Film,,,
Various,Stayin' Alive,A1,4:43,La Febbre Del Sabato Sera = Saturday Night Fever (Colonna Sonora Originale Del Film),1978,Italy,"RSO, RSO, RSO","2658 123, 2479 199, 2479 200",Vinyl / LP | Album | Compilation | Stereo / Gatefold,"Electronic, Stage & Screen","Soundtrack, Disco",Comp. Est,https://www.discogs.com/release/709215-Various-La-Febbre-Del-Sabato-Sera-Saturday-Night-Fever-Colonna-Sonora-Originale-Del-Film,,"Albhy Galuten [Co-producer] | Karl Richardson [Co-producer, Engineer] | Michel Marie [Engineer [Assistant]] | Bee Gees [Producer]",
Various,How Deep Is Your Love,A2,4:03,La Febbre Del Sabato Sera = Saturday Night Fever (Colonna Sonora Originale Del Film),1978,Italy,"RSO, RSO, RSO","2658 123, 2479 199, 2479 200",Vinyl / LP | Album | Compilation | Stereo / Gatefold,"Electronic, Stage & Screen","Soundtrack, Disco",Comp. Est,https://www.discogs.com/release/709215-Various-La-Febbre-Del-Sabato-Sera-Saturday-Night-Fever-Colonna-Sonora-Originale-Del-Film,,"Albhy Galuten [Co-producer] | Karl Richardson [Co-producer, Engineer] | Michel Marie [Engineer [Assistant]] | Bee Gees [Producer]",
Various,Night Fever,A3,3:33,La Febbre Del Sabato Sera = Saturday Night Fever (Colonna Sonora Originale Del Film),1978,Italy,"RSO, RSO, RSO","2658 123, 2479 199, 2479 200",Vinyl / LP | Album | Compilation | Stereo / Gatefold,"Electronic, Stage & Screen","Soundtrack, Disco",Comp. Est,https://www.discogs.com/release/709215-Various-La-Febbre-Del-Sabato-Sera-Saturday-Night-Fever-Colonna-Sonora-Originale-Del-Film,,"Albhy Galuten [Co-producer] | Karl Richardson [Co-producer, Engineer] | Michel Marie [Engineer [Assistant]] | Bee Gees [Producer]",
Various,More Than A Woman,A4,3:15,La Febbre Del Sabato Sera = Saturday Night Fever (Colonna Sonora Originale Del Film),1978,Italy,"RSO, RSO, RSO","2658 123, 2479 199, 2479 200",Vinyl / LP | Album | Compilation | Stereo / Gatefold,"Electronic, Stage & Screen","Soundtrack, Disco",Comp. Est,https://www.discogs.com/release/709215-Various-La-Febbre-Del-Sabato-Sera-Saturday-Night-Fever-Colonna-Sonora-Originale-Del-Film,,"Albhy Galuten [Co-producer] | Karl Richardson [Co-producer, Engineer] | Michel Marie [Engineer [Assistant]] | Bee Gees [Producer]",
Various,If I Can't Have You,A5,2:15,La Febbre Del Sabato Sera = Saturday Night Fever (Colonna Sonora Originale Del Film),1978,Italy,"RSO, RSO, RSO","2658 123, 2479 199, 2479 200",Vinyl / LP | Album | Compilation | Stereo / Gatefold,"Electronic, Stage & Screen","Soundtrack, Disco",Comp. Est,https://www.discogs.com/release/709215-Various-La-Febbre-Del-Sabato-Sera-Saturday-Night-Fever-Colonna-Sonora-Originale-Del-Film,,Larry Miles [Engineer] | Steve Pouliot [Engineer] | Jim Nau [Engineer [Assistant]] | Tyrone Williams [Engineer [Assistant]] | Freddie Perren [Producer],
Various,A Fifth Of Beethoven,B1,3:01,La Febbre Del Sabato Sera = Saturday Night Fever (Colonna Sonora Originale Del Film),1978,Italy,"RSO, RSO, RSO","2658 123, 2479 199, 2479 200",Vinyl / LP | Album | Compilation | Stereo / Gatefold,"Electronic, Stage & Screen","Soundtrack, Disco",Comp. Est,https://www.discogs.com/release/709215-Various-La-Febbre-Del-Sabato-Sera-Saturday-Night-Fever-Colonna-Sonora-Originale-Del-Film,,Thomas J. Valentino [Producer],
Various,More Than A Woman,B2,3:16,La Febbre Del Sabato Sera = Saturday Night Fever (Colonna Sonora Originale Del Film),1978,Italy,"RSO, RSO, RSO","2658 123, 2479 199, 2479 200",Vinyl / LP | Album | Compilation | Stereo / Gatefold,"Electronic, Stage & Screen","Soundtrack, Disco",Comp. Est,https://www.discogs.com/release/709215-Various-La-Febbre-Del-Sabato-Sera-Saturday-Night-Fever-Colonna-Sonora-Originale-Del-Film,,Larry Miles [Engineer] | Steve Pouliot [Engineer] | Freddie Perren [Producer],
Various,Manhattan Skyline,B3,4:43,La Febbre Del Sabato Sera = Saturday Night Fever (Colonna Sonora Originale Del Film),1978,Italy,"RSO, RSO, RSO","2658 123, 2479 199, 2479 200",Vinyl / LP | Album | Compilation | Stereo / Gatefold,"Electronic, Stage & Screen","Soundtrack, Disco",Comp. Est,https://www.discogs.com/release/709215-Various-La-Febbre-Del-Sabato-Sera-Saturday-Night-Fever-Colonna-Sonora-Originale-Del-Film,,Bill Oakes [Co-producer] | David Shire [Co-producer] | Dan Wallin [Engineer] | Jerry Crawford [Engineer [Assistant]],
Various,Calypso Breakdown,B4,7:50,La Febbre Del Sabato Sera = Saturday Night Fever (Colonna Sonora Originale Del Film),1978,Italy,"RSO, RSO, RSO","2658 123, 2479 199, 2479 200",Vinyl / LP | Album | Compilation | Stereo / Gatefold,"Electronic, Stage & Screen","Soundtrack, Disco",Comp. Est,https://www.discogs.com/release/709215-Various-La-Febbre-Del-Sabato-Sera-Saturday-Night-Fever-Colonna-Sonora-Originale-Del-Film,,William Salter [Co-producer],
Various,Night On Disco Mountain,C1,5:12,La Febbre Del Sabato Sera = Saturday Night Fever (Colonna Sonora Originale Del Film),1978,Italy,"RSO, RSO, RSO","2658 123, 2479 199, 2479 200",Vinyl / LP | Album | Compilation | Stereo / Gatefold,"Electronic, Stage & Screen","Soundtrack, Disco",Comp. Est,https://www.discogs.com/release/709215-Various-La-Febbre-Del-Sabato-Sera-Saturday-Night-Fever-Colonna-Sonora-Originale-Del-Film,,Bill Oakes [Co-producer] | David Shire [Co-producer] | Dan Wallin [Engineer] | Jerry Crawford [Engineer [Assistant]],
Various,Open Sesame,C2,3:59,La Febbre Del Sabato Sera = Saturday Night Fever (Colonna Sonora Originale Del Film),1978,Italy,"RSO, RSO, RSO","2658 123, 2479 199, 2479 200",Vinyl / LP | Album | Compilation | Stereo / Gatefold,"Electronic, Stage & Screen","Soundtrack, Disco",Comp. Est,https://www.discogs.com/release/709215-Various-La-Febbre-Del-Sabato-Sera-Saturday-Night-Fever-Colonna-Sonora-Originale-Del-Film,,,
Various,Jive Talkin',C3,3:44,La Febbre Del Sabato Sera = Saturday Night Fever (Colonna Sonora Originale Del Film),1978,Italy,"RSO, RSO, RSO","2658 123, 2479 199, 2479 200",Vinyl / LP | Album | Compilation | Stereo / Gatefold,"Electronic, Stage & Screen","Soundtrack, Disco",Comp. Est,https://www.discogs.com/release/709215-Various-La-Febbre-Del-Sabato-Sera-Saturday-Night-Fever-Colonna-Sonora-Originale-Del-Film,,Karl Richardson [Engineer] | Ray Thompson [Engineer] | Arif Mardin [Producer] | Bee Gees [Producer],
Various,You Should Be Dancing,C4,4:15,La Febbre Del Sabato Sera = Saturday Night Fever (Colonna Sonora Originale Del Film),1978,Italy,"RSO, RSO, RSO","2658 123, 2479 199, 2479 200",Vinyl / LP | Album | Compilation | Stereo / Gatefold,"Electronic, Stage & Screen","Soundtrack, Disco",Comp. Est,https://www.discogs.com/release/709215-Various-La-Febbre-Del-Sabato-Sera-Saturday-Night-Fever-Colonna-Sonora-Originale-Del-Film,,"Albhy Galuten [Co-producer] | Karl Richardson [Co-producer, Engineer] | Ed Mashal [Engineer [Assistant; Miami]] | Nick Blagona [Engineer [Assistant; Quebec]] | John Blanche [Engineer [Assistant]] | Bee Gees [Producer]",
Various,Boogie Shoes,C5,2:16,La Febbre Del Sabato Sera = Saturday Night Fever (Colonna Sonora Originale Del Film),1978,Italy,"RSO, RSO, RSO","2658 123, 2479 199, 2479 200",Vinyl / LP | Album | Compilation | Stereo / Gatefold,"Electronic, Stage & Screen","Soundtrack, Disco",Comp. Est,https://www.discogs.com/release/709215-Various-La-Febbre-Del-Sabato-Sera-Saturday-Night-Fever-Colonna-Sonora-Originale-Del-Film,,,
Various,Salsation,D1,3:50,La Febbre Del Sabato Sera = Saturday Night Fever (Colonna Sonora Originale Del Film),1978,Italy,"RSO, RSO, RSO","2658 123, 2479 199, 2479 200",Vinyl / LP | Album | Compilation | Stereo / Gatefold,"Electronic, Stage & Screen","Soundtrack, Disco",Comp. Est,https://www.discogs.com/release/709215-Various-La-Febbre-Del-Sabato-Sera-Saturday-Night-Fever-Colonna-Sonora-Originale-Del-Film,,Bill Oakes [Co-producer] | David Shire [Co-producer] | Dan Wallin [Engineer] | Jerry Crawford [Engineer [Assistant]],
Various,K-Jee,D2,4:15,La Febbre Del Sabato Sera = Saturday Night Fever (Colonna Sonora Originale Del Film),1978,Italy,"RSO, RSO, RSO","2658 123, 2479 199, 2479 200",Vinyl / LP | Album | Compilation | Stereo / Gatefold,"Electronic, Stage & Screen","Soundtrack, Disco",Comp. Est,https://www.discogs.com/release/709215-Various-La-Febbre-Del-Sabato-Sera-Saturday-Night-Fever-Colonna-Sonora-Originale-Del-Film,,Bobby Martin [Producer] | Broadway Eddie [Producer],
Various,Disco Inferno,D3,10:52,La Febbre Del Sabato Sera = Saturday Night Fever (Colonna Sonora Originale Del Film),1978,Italy,"RSO, RSO, RSO","2658 123, 2479 199, 2479 200",Vinyl / LP | Album | Compilation | Stereo / Gatefold,"Electronic, Stage & Screen","Soundtrack, Disco",Comp. Est,https://www.discogs.com/release/709215-Various-La-Febbre-Del-Sabato-Sera-Saturday-Night-Fever-Colonna-Sonora-Originale-Del-Film,,,
Various,Are You Sure,A1,3:08,The Best Of Reggae,1976,Italy,Variety (2),RLV-ST 90518,Vinyl / LP | Compilation,Reggae,,Comp. Est,https://www.discogs.com/release/3079597-Various-The-Best-Of-Reggae,,,
Various,Some Woman Must Cry,A2,3:09,The Best Of Reggae,1976,Italy,Variety (2),RLV-ST 90518,Vinyl / LP | Compilation,Reggae,,Comp. Est,https://www.discogs.com/release/3079597-Various-The-Best-Of-Reggae,,,
Various,You Keep Me Hanging On,A3,3:50,The Best Of Reggae,1976,Italy,Variety (2),RLV-ST 90518,Vinyl / LP | Compilation,Reggae,,Comp. Est,https://www.discogs.com/release/3079597-Various-The-Best-Of-Reggae,,,
Various,The Meducia,A4,3:45,The Best Of Reggae,1976,Italy,Variety (2),RLV-ST 90518,Vinyl / LP | Compilation,Reggae,,Comp. Est,https://www.discogs.com/release/3079597-Various-The-Best-Of-Reggae,,,
Various,Wolf In Sheep's Clothing,A5,2:55,The Best Of Reggae,1976,Italy,Variety (2),RLV-ST 90518,Vinyl / LP | Compilation,Reggae,,Comp. Est,https://www.discogs.com/release/3079597-Various-The-Best-Of-Reggae,,,
Various,No Jestering,B1,3:00,The Best Of Reggae,1976,Italy,Variety (2),RLV-ST 90518,Vinyl / LP | Compilation,Reggae,,Comp. Est,https://www.discogs.com/release/3079597-Various-The-Best-Of-Reggae,,,
Various,Speak Softly,B2,2:53,The Best Of Reggae,1976,Italy,Variety (2),RLV-ST 90518,Vinyl / LP | Compilation,Reggae,,Comp. Est,https://www.discogs.com/release/3079597-Various-The-Best-Of-Reggae,,,
Various,Dance With Me,B3,2:47,The Best Of Reggae,1976,Italy,Variety (2),RLV-ST 90518,Vinyl / LP | Compilation,Reggae,,Comp. Est,https://www.discogs.com/release/3079597-Various-The-Best-Of-Reggae,,,
Various,Touch Me In The Morning,B4,3:47,The Best Of Reggae,1976,Italy,Variety (2),RLV-ST 90518,Vinyl / LP | Compilation,Reggae,,Comp. Est,https://www.discogs.com/release/3079597-Various-The-Best-Of-Reggae,,,
Various,Natty Dread Don't Cry,B5,3:15,The Best Of Reggae,1976,Italy,Variety (2),RLV-ST 90518,Vinyl / LP | Compilation,Reggae,,Comp. Est,https://www.discogs.com/release/3079597-Various-The-Best-Of-Reggae,,,
Various,Che Sia,A1,3:45,Canzoni Per L'Inverno Uno,1984,Italy,CBS,CBS 26322,Vinyl / LP | Compilation,"Electronic, Pop","Synth-pop, Vocal",Comp. Ita,https://www.discogs.com/release/2113656-Various-Canzoni-Per-LInverno-Uno,,,
Various,Tienimi Dentro Te,A2,3:55,Canzoni Per L'Inverno Uno,1984,Italy,CBS,CBS 26322,Vinyl / LP | Compilation,"Electronic, Pop","Synth-pop, Vocal",Comp. Ita,https://www.discogs.com/release/2113656-Various-Canzoni-Per-LInverno-Uno,,,
Various,Cara Sconosciuta,A3,4:35,Canzoni Per L'Inverno Uno,1984,Italy,CBS,CBS 26322,Vinyl / LP | Compilation,"Electronic, Pop","Synth-pop, Vocal",Comp. Ita,https://www.discogs.com/release/2113656-Various-Canzoni-Per-LInverno-Uno,,"Dodi Battaglia [Arranged By, Producer] | Red Canzian [Arranged By, Producer] | Roby Facchinetti [Arranged By, Producer] | Stefano D'Orazio [Arranged By, Producer] | Franco Monaldi [Musical Assistance]",
Various,Savoir Faire,A4,3:47,Canzoni Per L'Inverno Uno,1984,Italy,CBS,CBS 26322,Vinyl / LP | Compilation,"Electronic, Pop","Synth-pop, Vocal",Comp. Ita,https://www.discogs.com/release/2113656-Various-Canzoni-Per-LInverno-Uno,,,
Various,Giulia,A5,4:03,Canzoni Per L'Inverno Uno,1984,Italy,CBS,CBS 26322,Vinyl / LP | Compilation,"Electronic, Pop","Synth-pop, Vocal",Comp. Ita,https://www.discogs.com/release/2113656-Various-Canzoni-Per-LInverno-Uno,,Fio Zanotti [Arranged By] | Gianni Togni [Producer],
Various,Oro,A6,3:47,Canzoni Per L'Inverno Uno,1984,Italy,CBS,CBS 26322,Vinyl / LP | Compilation,"Electronic, Pop","Synth-pop, Vocal",Comp. Ita,https://www.discogs.com/release/2113656-Various-Canzoni-Per-LInverno-Uno,,,
Various,Sarà Falso Sarà Vero,A7,3:00,Canzoni Per L'Inverno Uno,1984,Italy,CBS,CBS 26322,Vinyl / LP | Compilation,"Electronic, Pop","Synth-pop, Vocal",Comp. Ita,https://www.discogs.com/release/2113656-Various-Canzoni-Per-LInverno-Uno,,,
Various,Belle Mulatte,A8,3:00,Canzoni Per L'Inverno Uno,1984,Italy,CBS,CBS 26322,Vinyl / LP | Compilation,"Electronic, Pop","Synth-pop, Vocal",Comp. Ita,https://www.discogs.com/release/2113656-Various-Canzoni-Per-LInverno-Uno,,,
Various,Colpa D'Alfredo,B1,3:30,Canzoni Per L'Inverno Uno,1984,Italy,CBS,CBS 26322,Vinyl / LP | Compilation,"Electronic, Pop","Synth-pop, Vocal",Comp. Ita,https://www.discogs.com/release/2113656-Various-Canzoni-Per-LInverno-Uno,,,
Various,Kolossal,B2,3:37,Canzoni Per L'Inverno Uno,1984,Italy,CBS,CBS 26322,Vinyl / LP | Compilation,"Electronic, Pop","Synth-pop, Vocal",Comp. Ita,https://www.discogs.com/release/2113656-Various-Canzoni-Per-LInverno-Uno,,,
Various,Buongiorno Bambina,B3,3:45,Canzoni Per L'Inverno Uno,1984,Italy,CBS,CBS 26322,Vinyl / LP | Compilation,"Electronic, Pop","Synth-pop, Vocal",Comp. Ita,https://www.discogs.com/release/2113656-Various-Canzoni-Per-LInverno-Uno,,,
Various,Non È La Cocaina...,B4,3:50,Canzoni Per L'Inverno Uno,1984,Italy,CBS,CBS 26322,Vinyl / LP | Compilation,"Electronic, Pop","Synth-pop, Vocal",Comp. Ita,https://www.discogs.com/release/2113656-Various-Canzoni-Per-LInverno-Uno,,,
Various,Plastic Mexico,B5,4:05,Canzoni Per L'Inverno Uno,1984,Italy,CBS,CBS 26322,Vinyl / LP | Compilation,"Electronic, Pop","Synth-pop, Vocal",Comp. Ita,https://www.discogs.com/release/2113656-Various-Canzoni-Per-LInverno-Uno,,,
Various,Viaggio A Sorpresa,B6,3:35,Canzoni Per L'Inverno Uno,1984,Italy,CBS,CBS 26322,Vinyl / LP | Compilation,"Electronic, Pop","Synth-pop, Vocal",Comp. Ita,https://www.discogs.com/release/2113656-Various-Canzoni-Per-LInverno-Uno,,,
Various,Sulla Tua Pelle,B7,3:45,Canzoni Per L'Inverno Uno,1984,Italy,CBS,CBS 26322,Vinyl / LP | Compilation,"Electronic, Pop","Synth-pop, Vocal",Comp. Ita,https://www.discogs.com/release/2113656-Various-Canzoni-Per-LInverno-Uno,,,
Various,Torna A Sorridere,B8,3:20,Canzoni Per L'Inverno Uno,1984,Italy,CBS,CBS 26322,Vinyl / LP | Compilation,"Electronic, Pop","Synth-pop, Vocal",Comp. Ita,https://www.discogs.com/release/2113656-Various-Canzoni-Per-LInverno-Uno,,"Maurizio Fabrizio [Arranged By, Directed By] | Giancarlo Lucariello [Producer]",
Orchestra Classica Del Liscio,Chitarra Romana,A1,,Wanna Marchi Presenta ... Il Liscio A 24 Carati,1985,Italy,CGD,CGD 17201,Vinyl / LP | Album,"Folk, World, & Country",Liscio,Comp. Ita,https://www.discogs.com/release/7076907-Orchestra-Classica-Del-Liscio-Wanna-Marchi-Presenta--Il-Liscio-A-24-Carati,,,
Orchestra Classica Del Liscio,A Media Luz,A2,,Wanna Marchi Presenta ... Il Liscio A 24 Carati,1985,Italy,CGD,CGD 17201,Vinyl / LP | Album,"Folk, World, & Country",Liscio,Comp. Ita,https://www.discogs.com/release/7076907-Orchestra-Classica-Del-Liscio-Wanna-Marchi-Presenta--Il-Liscio-A-24-Carati,,,
Orchestra Classica Del Liscio,Para Ti,A3,,Wanna Marchi Presenta ... Il Liscio A 24 Carati,1985,Italy,CGD,CGD 17201,Vinyl / LP | Album,"Folk, World, & Country",Liscio,Comp. Ita,https://www.discogs.com/release/7076907-Orchestra-Classica-Del-Liscio-Wanna-Marchi-Presenta--Il-Liscio-A-24-Carati,,,
Orchestra Classica Del Liscio,Eulalia Torricelli,A4,,Wanna Marchi Presenta ... Il Liscio A 24 Carati,1985,Italy,CGD,CGD 17201,Vinyl / LP | Album,"Folk, World, & Country",Liscio,Comp. Ita,https://www.discogs.com/release/7076907-Orchestra-Classica-Del-Liscio-Wanna-Marchi-Presenta--Il-Liscio-A-24-Carati,,,
Orchestra Classica Del Liscio,La Romanina,A5,,Wanna Marchi Presenta ... Il Liscio A 24 Carati,1985,Italy,CGD,CGD 17201,Vinyl / LP | Album,"Folk, World, & Country",Liscio,Comp. Ita,https://www.discogs.com/release/7076907-Orchestra-Classica-Del-Liscio-Wanna-Marchi-Presenta--Il-Liscio-A-24-Carati,,,
Orchestra Classica Del Liscio,Caramba,A6,,Wanna Marchi Presenta ... Il Liscio A 24 Carati,1985,Italy,CGD,CGD 17201,Vinyl / LP | Album,"Folk, World, & Country",Liscio,Comp. Ita,https://www.discogs.com/release/7076907-Orchestra-Classica-Del-Liscio-Wanna-Marchi-Presenta--Il-Liscio-A-24-Carati,,,
Orchestra Classica Del Liscio,Clarinetto Pazzo,A7,,Wanna Marchi Presenta ... Il Liscio A 24 Carati,1985,Italy,CGD,CGD 17201,Vinyl / LP | Album,"Folk, World, & Country",Liscio,Comp. Ita,https://www.discogs.com/release/7076907-Orchestra-Classica-Del-Liscio-Wanna-Marchi-Presenta--Il-Liscio-A-24-Carati,,,
Orchestra Classica Del Liscio,La Paloma Blanca,A8,,Wanna Marchi Presenta ... Il Liscio A 24 Carati,1985,Italy,CGD,CGD 17201,Vinyl / LP | Album,"Folk, World, & Country",Liscio,Comp. Ita,https://www.discogs.com/release/7076907-Orchestra-Classica-Del-Liscio-Wanna-Marchi-Presenta--Il-Liscio-A-24-Carati,,,
Orchestra Classica Del Liscio,Ba ... Ba ... Baciami Piccina,A9,,Wanna Marchi Presenta ... Il Liscio A 24 Carati,1985,Italy,CGD,CGD 17201,Vinyl / LP | Album,"Folk, World, & Country",Liscio,Comp. Ita,https://www.discogs.com/release/7076907-Orchestra-Classica-Del-Liscio-Wanna-Marchi-Presenta--Il-Liscio-A-24-Carati,,,
Orchestra Classica Del Liscio,Fiorellin Del Prato,A10,,Wanna Marchi Presenta ... Il Liscio A 24 Carati,1985,Italy,CGD,CGD 17201,Vinyl / LP | Album,"Folk, World, & Country",Liscio,Comp. Ita,https://www.discogs.com/release/7076907-Orchestra-Classica-Del-Liscio-Wanna-Marchi-Presenta--Il-Liscio-A-24-Carati,,,
Orchestra Classica Del Liscio,Kriminal Tango,B1,,Wanna Marchi Presenta ... Il Liscio A 24 Carati,1985,Italy,CGD,CGD 17201,Vinyl / LP | Album,"Folk, World, & Country",Liscio,Comp. Ita,https://www.discogs.com/release/7076907-Orchestra-Classica-Del-Liscio-Wanna-Marchi-Presenta--Il-Liscio-A-24-Carati,,,
Orchestra Classica Del Liscio,Mi Dolor,B2,,Wanna Marchi Presenta ... Il Liscio A 24 Carati,1985,Italy,CGD,CGD 17201,Vinyl / LP | Album,"Folk, World, & Country",Liscio,Comp. Ita,https://www.discogs.com/release/7076907-Orchestra-Classica-Del-Liscio-Wanna-Marchi-Presenta--Il-Liscio-A-24-Carati,,,
Orchestra Classica Del Liscio,No Te Quiero Mas,B3,,Wanna Marchi Presenta ... Il Liscio A 24 Carati,1985,Italy,CGD,CGD 17201,Vinyl / LP | Album,"Folk, World, & Country",Liscio,Comp. Ita,https://www.discogs.com/release/7076907-Orchestra-Classica-Del-Liscio-Wanna-Marchi-Presenta--Il-Liscio-A-24-Carati,,,
Orchestra Classica Del Liscio,Mi Jaca,B4,,Wanna Marchi Presenta ... Il Liscio A 24 Carati,1985,Italy,CGD,CGD 17201,Vinyl / LP | Album,"Folk, World, & Country",Liscio,Comp. Ita,https://www.discogs.com/release/7076907-Orchestra-Classica-Del-Liscio-Wanna-Marchi-Presenta--Il-Liscio-A-24-Carati,,,
Orchestra Classica Del Liscio,Espana Cani,B5,,Wanna Marchi Presenta ... Il Liscio A 24 Carati,1985,Italy,CGD,CGD 17201,Vinyl / LP | Album,"Folk, World, & Country",Liscio,Comp. Ita,https://www.discogs.com/release/7076907-Orchestra-Classica-Del-Liscio-Wanna-Marchi-Presenta--Il-Liscio-A-24-Carati,,,
Orchestra Classica Del Liscio,Lettera A Pinocchio,B6,,Wanna Marchi Presenta ... Il Liscio A 24 Carati,1985,Italy,CGD,CGD 17201,Vinyl / LP | Album,"Folk, World, & Country",Liscio,Comp. Ita,https://www.discogs.com/release/7076907-Orchestra-Classica-Del-Liscio-Wanna-Marchi-Presenta--Il-Liscio-A-24-Carati,,,
Orchestra Classica Del Liscio,Vienna Vienna,B7,,Wanna Marchi Presenta ... Il Liscio A 24 Carati,1985,Italy,CGD,CGD 17201,Vinyl / LP | Album,"Folk, World, & Country",Liscio,Comp. Ita,https://www.discogs.com/release/7076907-Orchestra-Classica-Del-Liscio-Wanna-Marchi-Presenta--Il-Liscio-A-24-Carati,,,
Orchestra Classica Del Liscio,Fiorin Fiorello,B8,,Wanna Marchi Presenta ... Il Liscio A 24 Carati,1985,Italy,CGD,CGD 17201,Vinyl / LP | Album,"Folk, World, & Country",Liscio,Comp. Ita,https://www.discogs.com/release/7076907-Orchestra-Classica-Del-Liscio-Wanna-Marchi-Presenta--Il-Liscio-A-24-Carati,,,
Orchestra Classica Del Liscio,La Piccina,B9,,Wanna Marchi Presenta ... Il Liscio A 24 Carati,1985,Italy,CGD,CGD 17201,Vinyl / LP | Album,"Folk, World, & Country",Liscio,Comp. Ita,https://www.discogs.com/release/7076907-Orchestra-Classica-Del-Liscio-Wanna-Marchi-Presenta--Il-Liscio-A-24-Carati,,,
Orchestra Classica Del Liscio,Boccuccia Di Rosa,B10,,Wanna Marchi Presenta ... Il Liscio A 24 Carati,1985,Italy,CGD,CGD 17201,Vinyl / LP | Album,"Folk, World, & Country",Liscio,Comp. Ita,https://www.discogs.com/release/7076907-Orchestra-Classica-Del-Liscio-Wanna-Marchi-Presenta--Il-Liscio-A-24-Carati,,,
Orchestra Classica Del Liscio,Gelosia,C1,,Wanna Marchi Presenta ... Il Liscio A 24 Carati,1985,Italy,CGD,CGD 17201,Vinyl / LP | Album,"Folk, World, & Country",Liscio,Comp. Ita,https://www.discogs.com/release/7076907-Orchestra-Classica-Del-Liscio-Wanna-Marchi-Presenta--Il-Liscio-A-24-Carati,,,
Orchestra Classica Del Liscio,Como No,C2,,Wanna Marchi Presenta ... Il Liscio A 24 Carati,1985,Italy,CGD,CGD 17201,Vinyl / LP | Album,"Folk, World, & Country",Liscio,Comp. Ita,https://www.discogs.com/release/7076907-Orchestra-Classica-Del-Liscio-Wanna-Marchi-Presenta--Il-Liscio-A-24-Carati,,,
Orchestra Classica Del Liscio,Adios Muchachos,C3,,Wanna Marchi Presenta ... Il Liscio A 24 Carati,1985,Italy,CGD,CGD 17201,Vinyl / LP | Album,"Folk, World, & Country",Liscio,Comp. Ita,https://www.discogs.com/release/7076907-Orchestra-Classica-Del-Liscio-Wanna-Marchi-Presenta--Il-Liscio-A-24-Carati,,,
Orchestra Classica Del Liscio,El Relicario,C4,,Wanna Marchi Presenta ... Il Liscio A 24 Carati,1985,Italy,CGD,CGD 17201,Vinyl / LP | Album,"Folk, World, & Country",Liscio,Comp. Ita,https://www.discogs.com/release/7076907-Orchestra-Classica-Del-Liscio-Wanna-Marchi-Presenta--Il-Liscio-A-24-Carati,,,
Orchestra Classica Del Liscio,Limon Limonero,C5,,Wanna Marchi Presenta ... Il Liscio A 24 Carati,1985,Italy,CGD,CGD 17201,Vinyl / LP | Album,"Folk, World, & Country",Liscio,Comp. Ita,https://www.discogs.com/release/7076907-Orchestra-Classica-Del-Liscio-Wanna-Marchi-Presenta--Il-Liscio-A-24-Carati,,,
Orchestra Classica Del Liscio,Amore Baciami,C6,,Wanna Marchi Presenta ... Il Liscio A 24 Carati,1985,Italy,CGD,CGD 17201,Vinyl / LP | Album,"Folk, World, & Country",Liscio,Comp. Ita,https://www.discogs.com/release/7076907-Orchestra-Classica-Del-Liscio-Wanna-Marchi-Presenta--Il-Liscio-A-24-Carati,,,
Orchestra Classica Del Liscio,Non Ti Scordar Di Me,C7,,Wanna Marchi Presenta ... Il Liscio A 24 Carati,1985,Italy,CGD,CGD 17201,Vinyl / LP | Album,"Folk, World, & Country",Liscio,Comp. Ita,https://www.discogs.com/release/7076907-Orchestra-Classica-Del-Liscio-Wanna-Marchi-Presenta--Il-Liscio-A-24-Carati,,,
Orchestra Classica Del Liscio,Addormentarmi Così,C8,,Wanna Marchi Presenta ... Il Liscio A 24 Carati,1985,Italy,CGD,CGD 17201,Vinyl / LP | Album,"Folk, World, & Country",Liscio,Comp. Ita,https://www.discogs.com/release/7076907-Orchestra-Classica-Del-Liscio-Wanna-Marchi-Presenta--Il-Liscio-A-24-Carati,,,
Orchestra Classica Del Liscio,Tango Bolero,C9,,Wanna Marchi Presenta ... Il Liscio A 24 Carati,1985,Italy,CGD,CGD 17201,Vinyl / LP | Album,"Folk, World, & Country",Liscio,Comp. Ita,https://www.discogs.com/release/7076907-Orchestra-Classica-Del-Liscio-Wanna-Marchi-Presenta--Il-Liscio-A-24-Carati,,,
Orchestra Classica Del Liscio,Rose Rosse,C10,,Wanna Marchi Presenta ... Il Liscio A 24 Carati,1985,Italy,CGD,CGD 17201,Vinyl / LP | Album,"Folk, World, & Country",Liscio,Comp. Ita,https://www.discogs.com/release/7076907-Orchestra-Classica-Del-Liscio-Wanna-Marchi-Presenta--Il-Liscio-A-24-Carati,,,
Orchestra Classica Del Liscio,Poema,D1,,Wanna Marchi Presenta ... Il Liscio A 24 Carati,1985,Italy,CGD,CGD 17201,Vinyl / LP | Album,"Folk, World, & Country",Liscio,Comp. Ita,https://www.discogs.com/release/7076907-Orchestra-Classica-Del-Liscio-Wanna-Marchi-Presenta--Il-Liscio-A-24-Carati,,,
Orchestra Classica Del Liscio,Mi Corazon,D2,,Wanna Marchi Presenta ... Il Liscio A 24 Carati,1985,Italy,CGD,CGD 17201,Vinyl / LP | Album,"Folk, World, & Country",Liscio,Comp. Ita,https://www.discogs.com/release/7076907-Orchestra-Classica-Del-Liscio-Wanna-Marchi-Presenta--Il-Liscio-A-24-Carati,,,
Orchestra Classica Del Liscio,Il Valzer Del Buon Umore,D3,,Wanna Marchi Presenta ... Il Liscio A 24 Carati,1985,Italy,CGD,CGD 17201,Vinyl / LP | Album,"Folk, World, & Country",Liscio,Comp. Ita,https://www.discogs.com/release/7076907-Orchestra-Classica-Del-Liscio-Wanna-Marchi-Presenta--Il-Liscio-A-24-Carati,,,
Orchestra Classica Del Liscio,Valzer Della Fisarmonica,D4,,Wanna Marchi Presenta ... Il Liscio A 24 Carati,1985,Italy,CGD,CGD 17201,Vinyl / LP | Album,"Folk, World, & Country",Liscio,Comp. Ita,https://www.discogs.com/release/7076907-Orchestra-Classica-Del-Liscio-Wanna-Marchi-Presenta--Il-Liscio-A-24-Carati,,,
Orchestra Classica Del Liscio,Valzer Della Fortuna,D5,,Wanna Marchi Presenta ... Il Liscio A 24 Carati,1985,Italy,CGD,CGD 17201,Vinyl / LP | Album,"Folk, World, & Country",Liscio,Comp. Ita,https://www.discogs.com/release/7076907-Orchestra-Classica-Del-Liscio-Wanna-Marchi-Presenta--Il-Liscio-A-24-Carati,,,
Orchestra Classica Del Liscio,Gita In Romagna,D6,,Wanna Marchi Presenta ... Il Liscio A 24 Carati,1985,Italy,CGD,CGD 17201,Vinyl / LP | Album,"Folk, World, & Country",Liscio,Comp. Ita,https://www.discogs.com/release/7076907-Orchestra-Classica-Del-Liscio-Wanna-Marchi-Presenta--Il-Liscio-A-24-Carati,,,
Orchestra Classica Del Liscio,Suona La Fisarmonica,D7,,Wanna Marchi Presenta ... Il Liscio A 24 Carati,1985,Italy,CGD,CGD 17201,Vinyl / LP | Album,"Folk, World, & Country",Liscio,Comp. Ita,https://www.discogs.com/release/7076907-Orchestra-Classica-Del-Liscio-Wanna-Marchi-Presenta--Il-Liscio-A-24-Carati,,,
Orchestra Classica Del Liscio,Viva La Polca,D8,,Wanna Marchi Presenta ... Il Liscio A 24 Carati,1985,Italy,CGD,CGD 17201,Vinyl / LP | Album,"Folk, World, & Country",Liscio,Comp. Ita,https://www.discogs.com/release/7076907-Orchestra-Classica-Del-Liscio-Wanna-Marchi-Presenta--Il-Liscio-A-24-Carati,,,
Orchestra Classica Del Liscio,Love In Portofino,D9,,Wanna Marchi Presenta ... Il Liscio A 24 Carati,1985,Italy,CGD,CGD 17201,Vinyl / LP | Album,"Folk, World, & Country",Liscio,Comp. Ita,https://www.discogs.com/release/7076907-Orchestra-Classica-Del-Liscio-Wanna-Marchi-Presenta--Il-Liscio-A-24-Carati,,,
Orchestra Classica Del Liscio,Azzurro,D10,,Wanna Marchi Presenta ... Il Liscio A 24 Carati,1985,Italy,CGD,CGD 17201,Vinyl / LP | Album,"Folk, World, & Country",Liscio,Comp. Ita,https://www.discogs.com/release/7076907-Orchestra-Classica-Del-Liscio-Wanna-Marchi-Presenta--Il-Liscio-A-24-Carati,,,
Orchestra Classica Del Liscio,Reginella Campagnola,D11,,Wanna Marchi Presenta ... Il Liscio A 24 Carati,1985,Italy,CGD,CGD 17201,Vinyl / LP | Album,"Folk, World, & Country",Liscio,Comp. Ita,https://www.discogs.com/release/7076907-Orchestra-Classica-Del-Liscio-Wanna-Marchi-Presenta--Il-Liscio-A-24-Carati,,,
Various,Il Libro Della Giungla,A1,3:03,Fivelandia 9,1991,Italy,Five,FM 13697,Vinyl / LP | Compilation,"Pop, Children's",Vocal,Comp. Ita,https://www.discogs.com/release/2151403-Various-Fivelandia-9,,,
Various,Ciao Sabrina,A2,3:07,Fivelandia 9,1991,Italy,Five,FM 13697,Vinyl / LP | Compilation,"Pop, Children's",Vocal,Comp. Ita,https://www.discogs.com/release/2151403-Various-Fivelandia-9,,,
Various,Il Mistero Della Pietra Azzurra,A3,3:40,Fivelandia 9,1991,Italy,Five,FM 13697,Vinyl / LP | Compilation,"Pop, Children's",Vocal,Comp. Ita,https://www.discogs.com/release/2151403-Various-Fivelandia-9,,,
Various,I Nonni Ascoltano,A4,3:23,Fivelandia 9,1991,Italy,Five,FM 13697,Vinyl / LP | Compilation,"Pop, Children's",Vocal,Comp. Ita,https://www.discogs.com/release/2151403-Various-Fivelandia-9,,,
Various,Papà Gambalunga,A5,3:07,Fivelandia 9,1991,Italy,Five,FM 13697,Vinyl / LP | Compilation,"Pop, Children's",Vocal,Comp. Ita,https://www.discogs.com/release/2151403-Various-Fivelandia-9,,,
Various,Bravo Moliere,A6,3:21,Fivelandia 9,1991,Italy,Five,FM 13697,Vinyl / LP | Compilation,"Pop, Children's",Vocal,Comp. Ita,https://www.discogs.com/release/2151403-Various-Fivelandia-9,,,
Various,Quando E' In Onda Bim Bum Bam,A7,3:31,Fivelandia 9,1991,Italy,Five,FM 13697,Vinyl / LP | Compilation,"Pop, Children's",Vocal,Comp. Ita,https://www.discogs.com/release/2151403-Various-Fivelandia-9,,,
Various,L'Europa Siamo Noi,B1,4:09,Fivelandia 9,1991,Italy,Five,FM 13697,Vinyl / LP | Compilation,"Pop, Children's",Vocal,Comp. Ita,https://www.discogs.com/release/2151403-Various-Fivelandia-9,,,
Various,Dolceluna,B2,3:40,Fivelandia 9,1991,Italy,Five,FM 13697,Vinyl / LP | Compilation,"Pop, Children's",Vocal,Comp. Ita,https://www.discogs.com/release/2151403-Various-Fivelandia-9,,,
Various,Luna Party,B3,3:36,Fivelandia 9,1991,Italy,Five,FM 13697,Vinyl / LP | Compilation,"Pop, Children's",Vocal,Comp. Ita,https://www.discogs.com/release/2151403-Various-Fivelandia-9,,,
Various,Mille Luci Nel Bosco,B4,3:04,Fivelandia 9,1991,Italy,Five,FM 13697,Vinyl / LP | Compilation,"Pop, Children's",Vocal,Comp. Ita,https://www.discogs.com/release/2151403-Various-Fivelandia-9,,,
Various,D'Artacan,B5,3:12,Fivelandia 9,1991,Italy,Five,FM 13697,Vinyl / LP | Compilation,"Pop, Children's",Vocal,Comp. Ita,https://www.discogs.com/release/2151403-Various-Fivelandia-9,,,
Various,Il Ritorno Dei Cavalieri Dello Zodiaco,B6,3:44,Fivelandia 9,1991,Italy,Five,FM 13697,Vinyl / LP | Compilation,"Pop, Children's",Vocal,Comp. Ita,https://www.discogs.com/release/2151403-Various-Fivelandia-9,,,
Various,Corre Il Treno Di Ciao Ciao,B7,3:16,Fivelandia 9,1991,Italy,Five,FM 13697,Vinyl / LP | Compilation,"Pop, Children's",Vocal,Comp. Ita,https://www.discogs.com/release/2151403-Various-Fivelandia-9,,,
Various,Una Lacrima Sul Viso,A1,,C'Era Una Volta Il Festival ,1989,Italy,Five,FM 14206,Vinyl / LP | Compilation | Stereo / Gatefold,"Funk / Soul, Pop","Soft Rock, Rhythm & Blues, Pop Rock, Chanson",Comp. Ita,https://www.discogs.com/release/5251688-Various-CEra-Una-Volta-Il-Festival-,,,
Various,Romantica,A2,,C'Era Una Volta Il Festival ,1989,Italy,Five,FM 14206,Vinyl / LP | Compilation | Stereo / Gatefold,"Funk / Soul, Pop","Soft Rock, Rhythm & Blues, Pop Rock, Chanson",Comp. Ita,https://www.discogs.com/release/5251688-Various-CEra-Una-Volta-Il-Festival-,,,
Various,Taxi,A3,,C'Era Una Volta Il Festival ,1989,Italy,Five,FM 14206,Vinyl / LP | Compilation | Stereo / Gatefold,"Funk / Soul, Pop","Soft Rock, Rhythm & Blues, Pop Rock, Chanson",Comp. Ita,https://www.discogs.com/release/5251688-Various-CEra-Una-Volta-Il-Festival-,,,
Various,Il Cuore È Uno Zingaro,A4,,C'Era Una Volta Il Festival ,1989,Italy,Five,FM 14206,Vinyl / LP | Compilation | Stereo / Gatefold,"Funk / Soul, Pop","Soft Rock, Rhythm & Blues, Pop Rock, Chanson",Comp. Ita,https://www.discogs.com/release/5251688-Various-CEra-Una-Volta-Il-Festival-,,,
Various,Cuore Matto,A5,,C'Era Una Volta Il Festival ,1989,Italy,Five,FM 14206,Vinyl / LP | Compilation | Stereo / Gatefold,"Funk / Soul, Pop","Soft Rock, Rhythm & Blues, Pop Rock, Chanson",Comp. Ita,https://www.discogs.com/release/5251688-Various-CEra-Una-Volta-Il-Festival-,,,
Various,Gli Occhi Miei,A6,,C'Era Una Volta Il Festival ,1989,Italy,Five,FM 14206,Vinyl / LP | Compilation | Stereo / Gatefold,"Funk / Soul, Pop","Soft Rock, Rhythm & Blues, Pop Rock, Chanson",Comp. Ita,https://www.discogs.com/release/5251688-Various-CEra-Una-Volta-Il-Festival-,,,
Various,Io Tu E Le Rose,A7,,C'Era Una Volta Il Festival ,1989,Italy,Five,FM 14206,Vinyl / LP | Compilation | Stereo / Gatefold,"Funk / Soul, Pop","Soft Rock, Rhythm & Blues, Pop Rock, Chanson",Comp. Ita,https://www.discogs.com/release/5251688-Various-CEra-Una-Volta-Il-Festival-,,,
Various,Le Colline Sono In Fiore,B1,,C'Era Una Volta Il Festival ,1989,Italy,Five,FM 14206,Vinyl / LP | Compilation | Stereo / Gatefold,"Funk / Soul, Pop","Soft Rock, Rhythm & Blues, Pop Rock, Chanson",Comp. Ita,https://www.discogs.com/release/5251688-Various-CEra-Una-Volta-Il-Festival-,,,
Various,Che Sarà,B2,,C'Era Una Volta Il Festival ,1989,Italy,Five,FM 14206,Vinyl / LP | Compilation | Stereo / Gatefold,"Funk / Soul, Pop","Soft Rock, Rhythm & Blues, Pop Rock, Chanson",Comp. Ita,https://www.discogs.com/release/5251688-Various-CEra-Una-Volta-Il-Festival-,,,
Various,L'Immensità,B3,,C'Era Una Volta Il Festival ,1989,Italy,Five,FM 14206,Vinyl / LP | Compilation | Stereo / Gatefold,"Funk / Soul, Pop","Soft Rock, Rhythm & Blues, Pop Rock, Chanson",Comp. Ita,https://www.discogs.com/release/5251688-Various-CEra-Una-Volta-Il-Festival-,,,
Various,Eternità,B4 ,,C'Era Una Volta Il Festival ,1989,Italy,Five,FM 14206,Vinyl / LP | Compilation | Stereo / Gatefold,"Funk / Soul, Pop","Soft Rock, Rhythm & Blues, Pop Rock, Chanson",Comp. Ita,https://www.discogs.com/release/5251688-Various-CEra-Una-Volta-Il-Festival-,,,
Various,Zingara,B5,,C'Era Una Volta Il Festival ,1989,Italy,Five,FM 14206,Vinyl / LP | Compilation | Stereo / Gatefold,"Funk / Soul, Pop","Soft Rock, Rhythm & Blues, Pop Rock, Chanson",Comp. Ita,https://www.discogs.com/release/5251688-Various-CEra-Una-Volta-Il-Festival-,,,
Various,Bisogna Saper Perdere,B6,,C'Era Una Volta Il Festival ,1989,Italy,Five,FM 14206,Vinyl / LP | Compilation | Stereo / Gatefold,"Funk / Soul, Pop","Soft Rock, Rhythm & Blues, Pop Rock, Chanson",Comp. Ita,https://www.discogs.com/release/5251688-Various-CEra-Una-Volta-Il-Festival-,,,
Various,Vado Via ,B7,,C'Era Una Volta Il Festival ,1989,Italy,Five,FM 14206,Vinyl / LP | Compilation | Stereo / Gatefold,"Funk / Soul, Pop","Soft Rock, Rhythm & Blues, Pop Rock, Chanson",Comp. Ita,https://www.discogs.com/release/5251688-Various-CEra-Una-Volta-Il-Festival-,,,
Various,Pietre,C1,,C'Era Una Volta Il Festival ,1989,Italy,Five,FM 14206,Vinyl / LP | Compilation | Stereo / Gatefold,"Funk / Soul, Pop","Soft Rock, Rhythm & Blues, Pop Rock, Chanson",Comp. Ita,https://www.discogs.com/release/5251688-Various-CEra-Una-Volta-Il-Festival-,,,
Various,Non Ho L'Età,C2,,C'Era Una Volta Il Festival ,1989,Italy,Five,FM 14206,Vinyl / LP | Compilation | Stereo / Gatefold,"Funk / Soul, Pop","Soft Rock, Rhythm & Blues, Pop Rock, Chanson",Comp. Ita,https://www.discogs.com/release/5251688-Various-CEra-Una-Volta-Il-Festival-,,,
Various,Io Mi Fermo Qui,C3,,C'Era Una Volta Il Festival ,1989,Italy,Five,FM 14206,Vinyl / LP | Compilation | Stereo / Gatefold,"Funk / Soul, Pop","Soft Rock, Rhythm & Blues, Pop Rock, Chanson",Comp. Ita,https://www.discogs.com/release/5251688-Various-CEra-Una-Volta-Il-Festival-,,,
Various,Al Di Là,C4,,C'Era Una Volta Il Festival ,1989,Italy,Five,FM 14206,Vinyl / LP | Compilation | Stereo / Gatefold,"Funk / Soul, Pop","Soft Rock, Rhythm & Blues, Pop Rock, Chanson",Comp. Ita,https://www.discogs.com/release/5251688-Various-CEra-Una-Volta-Il-Festival-,,,
Various,La Tramontana,C5,,C'Era Una Volta Il Festival ,1989,Italy,Five,FM 14206,Vinyl / LP | Compilation | Stereo / Gatefold,"Funk / Soul, Pop","Soft Rock, Rhythm & Blues, Pop Rock, Chanson",Comp. Ita,https://www.discogs.com/release/5251688-Various-CEra-Una-Volta-Il-Festival-,,,
Various,Serena,C6,,C'Era Una Volta Il Festival ,1989,Italy,Five,FM 14206,Vinyl / LP | Compilation | Stereo / Gatefold,"Funk / Soul, Pop","Soft Rock, Rhythm & Blues, Pop Rock, Chanson",Comp. Ita,https://www.discogs.com/release/5251688-Various-CEra-Una-Volta-Il-Festival-,,,
Various,Tu Sei Bella Come Sei,C7,,C'Era Una Volta Il Festival ,1989,Italy,Five,FM 14206,Vinyl / LP | Compilation | Stereo / Gatefold,"Funk / Soul, Pop","Soft Rock, Rhythm & Blues, Pop Rock, Chanson",Comp. Ita,https://www.discogs.com/release/5251688-Various-CEra-Una-Volta-Il-Festival-,,,
Various,Vacanze Romane,D1,,C'Era Una Volta Il Festival ,1989,Italy,Five,FM 14206,Vinyl / LP | Compilation | Stereo / Gatefold,"Funk / Soul, Pop","Soft Rock, Rhythm & Blues, Pop Rock, Chanson",Comp. Ita,https://www.discogs.com/release/5251688-Various-CEra-Una-Volta-Il-Festival-,,,
Various,Il Re D'Inghilterra,D2,,C'Era Una Volta Il Festival ,1989,Italy,Five,FM 14206,Vinyl / LP | Compilation | Stereo / Gatefold,"Funk / Soul, Pop","Soft Rock, Rhythm & Blues, Pop Rock, Chanson",Comp. Ita,https://www.discogs.com/release/5251688-Various-CEra-Una-Volta-Il-Festival-,,,
Various,È Mezzanotte,D3,,C'Era Una Volta Il Festival ,1989,Italy,Five,FM 14206,Vinyl / LP | Compilation | Stereo / Gatefold,"Funk / Soul, Pop","Soft Rock, Rhythm & Blues, Pop Rock, Chanson",Comp. Ita,https://www.discogs.com/release/5251688-Various-CEra-Una-Volta-Il-Festival-,,,
Various,Canzone Per Te,D4,,C'Era Una Volta Il Festival ,1989,Italy,Five,FM 14206,Vinyl / LP | Compilation | Stereo / Gatefold,"Funk / Soul, Pop","Soft Rock, Rhythm & Blues, Pop Rock, Chanson",Comp. Ita,https://www.discogs.com/release/5251688-Various-CEra-Una-Volta-Il-Festival-,,,
Various,Cosa Hai Messo Nel Caffè,D5,,C'Era Una Volta Il Festival ,1989,Italy,Five,FM 14206,Vinyl / LP | Compilation | Stereo / Gatefold,"Funk / Soul, Pop","Soft Rock, Rhythm & Blues, Pop Rock, Chanson",Comp. Ita,https://www.discogs.com/release/5251688-Various-CEra-Una-Volta-Il-Festival-,,,
Various,Uno Per Tutte,D6,,C'Era Una Volta Il Festival ,1989,Italy,Five,FM 14206,Vinyl / LP | Compilation | Stereo / Gatefold,"Funk / Soul, Pop","Soft Rock, Rhythm & Blues, Pop Rock, Chanson",Comp. Ita,https://www.discogs.com/release/5251688-Various-CEra-Una-Volta-Il-Festival-,,,
Various,"Quando, Quando, Quando",D7,,C'Era Una Volta Il Festival ,1989,Italy,Five,FM 14206,Vinyl / LP | Compilation | Stereo / Gatefold,"Funk / Soul, Pop","Soft Rock, Rhythm & Blues, Pop Rock, Chanson",Comp. Ita,https://www.discogs.com/release/5251688-Various-CEra-Una-Volta-Il-Festival-,,,
Various,Ti Parlerò D'Amor,A1,3:16,Motivi In Passerella,1982,Italy,Gruppo Editoriale Fabbri,362731,Vinyl / LP | Compilation,"Jazz, Pop, Folk, World, & Country",Chanson,Comp. Ita,https://www.discogs.com/release/8411276-Various-Motivi-In-Passerella,Alfredo Bracchi | Ferruccio Martinelli,Alfredo Bracchi [Written-By] | Ferruccio Martinelli [Written-By],
Various,Sentimental,A2,3:19,Motivi In Passerella,1982,Italy,Gruppo Editoriale Fabbri,362731,Vinyl / LP | Compilation,"Jazz, Pop, Folk, World, & Country",Chanson,Comp. Ita,https://www.discogs.com/release/8411276-Various-Motivi-In-Passerella,Pasquale Frustaci | Pietro Garinei | Sandro Giovannini,Pasquale Frustaci [Written-By] | Pietro Garinei [Written-By] | Sandro Giovannini [Written-By],
Various,Agata,A3,3:28,Motivi In Passerella,1982,Italy,Gruppo Editoriale Fabbri,362731,Vinyl / LP | Compilation,"Jazz, Pop, Folk, World, & Country",Chanson,Comp. Ita,https://www.discogs.com/release/8411276-Various-Motivi-In-Passerella,Gigi Pisano | Giuseppe Cioffi,Gigi Pisano [Written-By] | Giuseppe Cioffi [Written-By],
Various,Dove Sta Zazà,A4,3:30,Motivi In Passerella,1982,Italy,Gruppo Editoriale Fabbri,362731,Vinyl / LP | Compilation,"Jazz, Pop, Folk, World, & Country",Chanson,Comp. Ita,https://www.discogs.com/release/8411276-Various-Motivi-In-Passerella,Giuseppe Cioffi | Raffaele Cutolo,Giuseppe Cioffi [Written-By] | Raffaele Cutolo [Written-By],
Various,Veleno,B1,3:21,Motivi In Passerella,1982,Italy,Gruppo Editoriale Fabbri,362731,Vinyl / LP | Compilation,"Jazz, Pop, Folk, World, & Country",Chanson,Comp. Ita,https://www.discogs.com/release/8411276-Various-Motivi-In-Passerella,Alfredo Polacci,Alfredo Polacci [Written-By],
Various,Son Belle,B2,2:52,Motivi In Passerella,1982,Italy,Gruppo Editoriale Fabbri,362731,Vinyl / LP | Compilation,"Jazz, Pop, Folk, World, & Country",Chanson,Comp. Ita,https://www.discogs.com/release/8411276-Various-Motivi-In-Passerella,Giovanni D'Anzi | Pietro Garinei | Sandro Giovannini,Giovanni D'Anzi [Written-By] | Pietro Garinei [Written-By] | Sandro Giovannini [Written-By],
Various,Come Era Verde La Nostra Valle,B3,2:02,Motivi In Passerella,1982,Italy,Gruppo Editoriale Fabbri,362731,Vinyl / LP | Compilation,"Jazz, Pop, Folk, World, & Country",Chanson,Comp. Ita,https://www.discogs.com/release/8411276-Various-Motivi-In-Passerella,Alfredo Polacci,Alfredo Polacci [Written-By],
Various,Dammi Una Rosa Rossa,B4,3:23,Motivi In Passerella,1982,Italy,Gruppo Editoriale Fabbri,362731,Vinyl / LP | Compilation,"Jazz, Pop, Folk, World, & Country",Chanson,Comp. Ita,https://www.discogs.com/release/8411276-Various-Motivi-In-Passerella,Giovanni D'Anzi | Michele Galdieri,Giovanni D'Anzi [Written-By] | Michele Galdieri [Written-By],
Various,Arrivederci,A1,3:08,Nasce La Nuova Canzone,1983,Italy,Gruppo Editoriale Fabbri,363036,Vinyl / LP | Compilation,Pop,Chanson,Comp. Ita,https://www.discogs.com/release/4356754-Various-Nasce-La-Nuova-Canzone,Giorgio Calabrese | Umberto Bindi,Giorgio Calabrese [Written-By] | Umberto Bindi [Written-By],
Various,Il Cielo In Una Stanza,A2,1:57,Nasce La Nuova Canzone,1983,Italy,Gruppo Editoriale Fabbri,363036,Vinyl / LP | Compilation,Pop,Chanson,Comp. Ita,https://www.discogs.com/release/4356754-Various-Nasce-La-Nuova-Canzone,Gino Paoli | Mogol,Gino Paoli [Written-By] | Mogol [Written-By],
Various,Come Sinfonia,A3,2:34,Nasce La Nuova Canzone,1983,Italy,Gruppo Editoriale Fabbri,363036,Vinyl / LP | Compilation,Pop,Chanson,Comp. Ita,https://www.discogs.com/release/4356754-Various-Nasce-La-Nuova-Canzone,Pino Donaggio,Pino Donaggio [Written-By],
Various,Quando Quando Quando,A4,2:34,Nasce La Nuova Canzone,1983,Italy,Gruppo Editoriale Fabbri,363036,Vinyl / LP | Compilation,Pop,Chanson,Comp. Ita,https://www.discogs.com/release/4356754-Various-Nasce-La-Nuova-Canzone,Alberto Testa | Tony Renis,Alberto Testa [Written-By] | Tony Renis [Written-By],
Various,Teresa,B1,3:07,Nasce La Nuova Canzone,1983,Italy,Gruppo Editoriale Fabbri,363036,Vinyl / LP | Compilation,Pop,Chanson,Comp. Ita,https://www.discogs.com/release/4356754-Various-Nasce-La-Nuova-Canzone,Sergio Endrigo,Sergio Endrigo [Written-By],
Various,Canzone Per Te,B2,3:35,Nasce La Nuova Canzone,1983,Italy,Gruppo Editoriale Fabbri,363036,Vinyl / LP | Compilation,Pop,Chanson,Comp. Ita,https://www.discogs.com/release/4356754-Various-Nasce-La-Nuova-Canzone,Sergio Endrigo,Sergio Endrigo [Written-By],
Various,La Canzone Di Marinella,B3,3:08,Nasce La Nuova Canzone,1983,Italy,Gruppo Editoriale Fabbri,363036,Vinyl / LP | Compilation,Pop,Chanson,Comp. Ita,https://www.discogs.com/release/4356754-Various-Nasce-La-Nuova-Canzone,Fabrizio De André,Fabrizio De André [Written-By],
Various,Carlo Martello,B4,5:18,Nasce La Nuova Canzone,1983,Italy,Gruppo Editoriale Fabbri,363036,Vinyl / LP | Compilation,Pop,Chanson,Comp. Ita,https://www.discogs.com/release/4356754-Various-Nasce-La-Nuova-Canzone,Fabrizio De André,Fabrizio De André [Written-By],
Various,Abat-Jour,A1,2:53,"Salotti E Cabaret Anni '20: ""C'Eravamo Tanto Amati""",1982,Italy,"Gruppo Editoriale Fabbri, Ariston","362517, 362517",Vinyl / LP | Compilation,Pop,"Chanson, Vocal, Ballad",Comp. Ita,https://www.discogs.com/release/2951251-Various-Salotti-E-Cabaret-Anni-20-CEravamo-Tanto-Amati,Bruno Cherubini | Robert Stolz,Bruno Cherubini [Written-By] | Robert Stolz [Written-By],
Various,La Signora Di Trent'Anni Fa,A2,3:24,"Salotti E Cabaret Anni '20: ""C'Eravamo Tanto Amati""",1982,Italy,"Gruppo Editoriale Fabbri, Ariston","362517, 362517",Vinyl / LP | Compilation,Pop,"Chanson, Vocal, Ballad",Comp. Ita,https://www.discogs.com/release/2951251-Various-Salotti-E-Cabaret-Anni-20-CEravamo-Tanto-Amati,Guido Leoni | Oreste Natoli,Guido Leoni [Written-By] | Oreste Natoli [Written-By],
Various,Le Rose Rosse,A3,3:15,"Salotti E Cabaret Anni '20: ""C'Eravamo Tanto Amati""",1982,Italy,"Gruppo Editoriale Fabbri, Ariston","362517, 362517",Vinyl / LP | Compilation,Pop,"Chanson, Vocal, Ballad",Comp. Ita,https://www.discogs.com/release/2951251-Various-Salotti-E-Cabaret-Anni-20-CEravamo-Tanto-Amati,E. A. Mario,E. A. Mario [Written-By],
Various,Addio Signora,A4,3:13,"Salotti E Cabaret Anni '20: ""C'Eravamo Tanto Amati""",1982,Italy,"Gruppo Editoriale Fabbri, Ariston","362517, 362517",Vinyl / LP | Compilation,Pop,"Chanson, Vocal, Ballad",Comp. Ita,https://www.discogs.com/release/2951251-Various-Salotti-E-Cabaret-Anni-20-CEravamo-Tanto-Amati,Ennio Neri | Gino Simi,Ennio Neri [Written-By] | Gino Simi [Written-By],
Various,Finestra Chiusa,B1,3:20,"Salotti E Cabaret Anni '20: ""C'Eravamo Tanto Amati""",1982,Italy,"Gruppo Editoriale Fabbri, Ariston","362517, 362517",Vinyl / LP | Compilation,Pop,"Chanson, Vocal, Ballad",Comp. Ita,https://www.discogs.com/release/2951251-Various-Salotti-E-Cabaret-Anni-20-CEravamo-Tanto-Amati,Alfredo Bracchi | Giovanni D'Anzi,Alfredo Bracchi [Written-By] | Giovanni D'Anzi [Written-By],
Various,Chi Siete ?,B2,2:25,"Salotti E Cabaret Anni '20: ""C'Eravamo Tanto Amati""",1982,Italy,"Gruppo Editoriale Fabbri, Ariston","362517, 362517",Vinyl / LP | Compilation,Pop,"Chanson, Vocal, Ballad",Comp. Ita,https://www.discogs.com/release/2951251-Various-Salotti-E-Cabaret-Anni-20-CEravamo-Tanto-Amati,Mario Cosentino (2) | Tommaso De Filippis,Mario Cosentino (2) [Written-By] | Tommaso De Filippis [Written-By],
Various,Come Pioveva,B3,4:02,"Salotti E Cabaret Anni '20: ""C'Eravamo Tanto Amati""",1982,Italy,"Gruppo Editoriale Fabbri, Ariston","362517, 362517",Vinyl / LP | Compilation,Pop,"Chanson, Vocal, Ballad",Comp. Ita,https://www.discogs.com/release/2951251-Various-Salotti-E-Cabaret-Anni-20-CEravamo-Tanto-Amati,Armando Gill | Michele Testa,Armando Gill [Written-By] | Michele Testa [Written-By],
Various,Ricordi Ancor Le Mie Parole,B4,3:23,"Salotti E Cabaret Anni '20: ""C'Eravamo Tanto Amati""",1982,Italy,"Gruppo Editoriale Fabbri, Ariston","362517, 362517",Vinyl / LP | Compilation,Pop,"Chanson, Vocal, Ballad",Comp. Ita,https://www.discogs.com/release/2951251-Various-Salotti-E-Cabaret-Anni-20-CEravamo-Tanto-Amati,Alfredo Bracchi | Giovanni D'Anzi,Alfredo Bracchi [Written-By] | Giovanni D'Anzi [Written-By],
Various,Giorni Infiniti,A1,4:35,I Grandi Cantanti Di Missione Bonta',1991,Italy,J.P.,JPLP 603,Vinyl / LP | Compilation,"Electronic, Pop","Italo-Disco, Chanson",Comp. Ita,https://www.discogs.com/release/2187355-Various-I-Grandi-Cantanti-Di-Missione-Bonta,,,
Various,Oggi Un Dio Non Ho,A2,4:05,I Grandi Cantanti Di Missione Bonta',1991,Italy,J.P.,JPLP 603,Vinyl / LP | Compilation,"Electronic, Pop","Italo-Disco, Chanson",Comp. Ita,https://www.discogs.com/release/2187355-Various-I-Grandi-Cantanti-Di-Missione-Bonta,,,
Various,Spunta La Luna Dal Monte,A3,3:40,I Grandi Cantanti Di Missione Bonta',1991,Italy,J.P.,JPLP 603,Vinyl / LP | Compilation,"Electronic, Pop","Italo-Disco, Chanson",Comp. Ita,https://www.discogs.com/release/2187355-Various-I-Grandi-Cantanti-Di-Missione-Bonta,,,
Various,Roccia,A4,3:44,I Grandi Cantanti Di Missione Bonta',1991,Italy,J.P.,JPLP 603,Vinyl / LP | Compilation,"Electronic, Pop","Italo-Disco, Chanson",Comp. Ita,https://www.discogs.com/release/2187355-Various-I-Grandi-Cantanti-Di-Missione-Bonta,,,
Various,Il Cielo In Una Stanza,A5,2:52,I Grandi Cantanti Di Missione Bonta',1991,Italy,J.P.,JPLP 603,Vinyl / LP | Compilation,"Electronic, Pop","Italo-Disco, Chanson",Comp. Ita,https://www.discogs.com/release/2187355-Various-I-Grandi-Cantanti-Di-Missione-Bonta,,,
Various,Diario,A6,3:59,I Grandi Cantanti Di Missione Bonta',1991,Italy,J.P.,JPLP 603,Vinyl / LP | Compilation,"Electronic, Pop","Italo-Disco, Chanson",Comp. Ita,https://www.discogs.com/release/2187355-Various-I-Grandi-Cantanti-Di-Missione-Bonta,,,
Various,Saremo Una Canzone,B1,3:55,I Grandi Cantanti Di Missione Bonta',1991,Italy,J.P.,JPLP 603,Vinyl / LP | Compilation,"Electronic, Pop","Italo-Disco, Chanson",Comp. Ita,https://www.discogs.com/release/2187355-Various-I-Grandi-Cantanti-Di-Missione-Bonta,,,
Various,Se Tu Mi Aiuterai,B2,4:20,I Grandi Cantanti Di Missione Bonta',1991,Italy,J.P.,JPLP 603,Vinyl / LP | Compilation,"Electronic, Pop","Italo-Disco, Chanson",Comp. Ita,https://www.discogs.com/release/2187355-Various-I-Grandi-Cantanti-Di-Missione-Bonta,,,
Various,I Ragazzi Che Volano Via,B3,3:55,I Grandi Cantanti Di Missione Bonta',1991,Italy,J.P.,JPLP 603,Vinyl / LP | Compilation,"Electronic, Pop","Italo-Disco, Chanson",Comp. Ita,https://www.discogs.com/release/2187355-Various-I-Grandi-Cantanti-Di-Missione-Bonta,,,
Various,Donna Con Te,B4,3:40,I Grandi Cantanti Di Missione Bonta',1991,Italy,J.P.,JPLP 603,Vinyl / LP | Compilation,"Electronic, Pop","Italo-Disco, Chanson",Comp. Ita,https://www.discogs.com/release/2187355-Various-I-Grandi-Cantanti-Di-Missione-Bonta,,,
Various,L'Isola Di Wight,B5,3:40,I Grandi Cantanti Di Missione Bonta',1991,Italy,J.P.,JPLP 603,Vinyl / LP | Compilation,"Electronic, Pop","Italo-Disco, Chanson",Comp. Ita,https://www.discogs.com/release/2187355-Various-I-Grandi-Cantanti-Di-Missione-Bonta,,,
Various,L'Aiuola,B6,3:16,I Grandi Cantanti Di Missione Bonta',1991,Italy,J.P.,JPLP 603,Vinyl / LP | Compilation,"Electronic, Pop","Italo-Disco, Chanson",Comp. Ita,https://www.discogs.com/release/2187355-Various-I-Grandi-Cantanti-Di-Missione-Bonta,,,
George Saxon,Bella Senz'Anima,A1,3:48,A Saxophone Around The World - 8a Raccolta,1974,Italy,Joker (2),SM 3733,Vinyl / LP | Album | Stereo,"Jazz, Funk / Soul","Disco, Easy Listening, Latin Jazz",Comp. Ita,https://www.discogs.com/release/3557765-George-Saxon-A-Saxophone-Around-The-World-8a-Raccolta,Marco Luberti | Paolo Amerigo Cassella | Riccardo Cocciante,Marco Luberti [Written-By] | Paolo Amerigo Cassella [Written-By] | Riccardo Cocciante [Written-By],
George Saxon,Emmanuelle,A2,3:14,A Saxophone Around The World - 8a Raccolta,1974,Italy,Joker (2),SM 3733,Vinyl / LP | Album | Stereo,"Jazz, Funk / Soul","Disco, Easy Listening, Latin Jazz",Comp. Ita,https://www.discogs.com/release/3557765-George-Saxon-A-Saxophone-Around-The-World-8a-Raccolta,Pierre Bachelet,Pierre Bachelet [Written-By],
George Saxon,Lights And Shadows,A3,2:17,A Saxophone Around The World - 8a Raccolta,1974,Italy,Joker (2),SM 3733,Vinyl / LP | Album | Stereo,"Jazz, Funk / Soul","Disco, Easy Listening, Latin Jazz",Comp. Ita,https://www.discogs.com/release/3557765-George-Saxon-A-Saxophone-Around-The-World-8a-Raccolta,Alberto Baldan Bembo,Alberto Baldan Bembo [Written-By],
George Saxon,Snoopy,A4,3:08,A Saxophone Around The World - 8a Raccolta,1974,Italy,Joker (2),SM 3733,Vinyl / LP | Album | Stereo,"Jazz, Funk / Soul","Disco, Easy Listening, Latin Jazz",Comp. Ita,https://www.discogs.com/release/3557765-George-Saxon-A-Saxophone-Around-The-World-8a-Raccolta,Gianni Bedori,Gianni Bedori [Written-By],
George Saxon,Se Sai Se Puoi Se Vuoi,A5,4:55,A Saxophone Around The World - 8a Raccolta,1974,Italy,Joker (2),SM 3733,Vinyl / LP | Album | Stereo,"Jazz, Funk / Soul","Disco, Easy Listening, Latin Jazz",Comp. Ita,https://www.discogs.com/release/3557765-George-Saxon-A-Saxophone-Around-The-World-8a-Raccolta,Roby Facchinetti | Valerio Negrini,Roby Facchinetti [Written-By] | Valerio Negrini [Written-By],
George Saxon,My Free Days,A6,3:01,A Saxophone Around The World - 8a Raccolta,1974,Italy,Joker (2),SM 3733,Vinyl / LP | Album | Stereo,"Jazz, Funk / Soul","Disco, Easy Listening, Latin Jazz",Comp. Ita,https://www.discogs.com/release/3557765-George-Saxon-A-Saxophone-Around-The-World-8a-Raccolta,Alberto Baldan Bembo,Alberto Baldan Bembo [Written-By],
George Saxon,Bellissima,B1,3:30,A Saxophone Around The World - 8a Raccolta,1974,Italy,Joker (2),SM 3733,Vinyl / LP | Album | Stereo,"Jazz, Funk / Soul","Disco, Easy Listening, Latin Jazz",Comp. Ita,https://www.discogs.com/release/3557765-George-Saxon-A-Saxophone-Around-The-World-8a-Raccolta,Adriano Celentano | Luciano Beretta | Michele del Prete,Adriano Celentano [Written-By] | Luciano Beretta [Written-By] | Michele del Prete [Written-By],
George Saxon,Più Ci Penso,B2,3:40,A Saxophone Around The World - 8a Raccolta,1974,Italy,Joker (2),SM 3733,Vinyl / LP | Album | Stereo,"Jazz, Funk / Soul","Disco, Easy Listening, Latin Jazz",Comp. Ita,https://www.discogs.com/release/3557765-George-Saxon-A-Saxophone-Around-The-World-8a-Raccolta,Giancarlo Bigazzi | Gianni Bella,Giancarlo Bigazzi [Written-By] | Gianni Bella [Written-By],
George Saxon,Walking Sax,B3,3:20,A Saxophone Around The World - 8a Raccolta,1974,Italy,Joker (2),SM 3733,Vinyl / LP | Album | Stereo,"Jazz, Funk / Soul","Disco, Easy Listening, Latin Jazz",Comp. Ita,https://www.discogs.com/release/3557765-George-Saxon-A-Saxophone-Around-The-World-8a-Raccolta,Johnny Cabildo,Johnny Cabildo [Written-By],
George Saxon,Innamorata,B4,4:02,A Saxophone Around The World - 8a Raccolta,1974,Italy,Joker (2),SM 3733,Vinyl / LP | Album | Stereo,"Jazz, Funk / Soul","Disco, Easy Listening, Latin Jazz",Comp. Ita,https://www.discogs.com/release/3557765-George-Saxon-A-Saxophone-Around-The-World-8a-Raccolta,Antonello De Sanctis | Flavio Paulin | Ivano Michetti,Antonello De Sanctis [Written-By] | Flavio Paulin [Written-By] | Ivano Michetti [Written-By],
George Saxon,Rock Your Baby,B5,3:00,A Saxophone Around The World - 8a Raccolta,1974,Italy,Joker (2),SM 3733,Vinyl / LP | Album | Stereo,"Jazz, Funk / Soul","Disco, Easy Listening, Latin Jazz",Comp. Ita,https://www.discogs.com/release/3557765-George-Saxon-A-Saxophone-Around-The-World-8a-Raccolta,Harry Wayne Casey & Richard Finch,Harry Wayne Casey & Richard Finch [Written-By],
George Saxon,Door To Door,B6,2:47,A Saxophone Around The World - 8a Raccolta,1974,Italy,Joker (2),SM 3733,Vinyl / LP | Album | Stereo,"Jazz, Funk / Soul","Disco, Easy Listening, Latin Jazz",Comp. Ita,https://www.discogs.com/release/3557765-George-Saxon-A-Saxophone-Around-The-World-8a-Raccolta,Alberto Baldan Bembo,Alberto Baldan Bembo [Written-By],
Various,Inno All'Amore = Hymne À L'Amour,A1,3:22,"Incontro Con: Iva Zanicchi, Mina, Ornella Vanoni, Milva",1975,Italy,"Penny (2), Penny (2)","REL-ST 19269, REL ST 19269",Vinyl / LP | Compilation | Reissue,"Pop, Folk, World, & Country","Chanson, Ballad, Vocal",Comp. Ita,https://www.discogs.com/release/13709196-Various-Incontro-Con-Iva-Zanicchi-Mina-Ornella-Vanoni-Milva,Edith Piaf | Giovanna Colombi | Marguerite Monnot,Edith Piaf [Written-By] | Giovanna Colombi [Written-By] | Marguerite Monnot [Written-By],
Various,Tu Non Mi Lascerai,A2,2:20,"Incontro Con: Iva Zanicchi, Mina, Ornella Vanoni, Milva",1975,Italy,"Penny (2), Penny (2)","REL-ST 19269, REL ST 19269",Vinyl / LP | Compilation | Reissue,"Pop, Folk, World, & Country","Chanson, Ballad, Vocal",Comp. Ita,https://www.discogs.com/release/13709196-Various-Incontro-Con-Iva-Zanicchi-Mina-Ornella-Vanoni-Milva,Giovanni D'Anzi | Leo Chiosso | Michele Galdieri,Giovanni D'Anzi [Written-By] | Leo Chiosso [Written-By] | Michele Galdieri [Written-By],
Various,Un Jour Tu Verras,A3,2:53,"Incontro Con: Iva Zanicchi, Mina, Ornella Vanoni, Milva",1975,Italy,"Penny (2), Penny (2)","REL-ST 19269, REL ST 19269",Vinyl / LP | Compilation | Reissue,"Pop, Folk, World, & Country","Chanson, Ballad, Vocal",Comp. Ita,https://www.discogs.com/release/13709196-Various-Incontro-Con-Iva-Zanicchi-Mina-Ornella-Vanoni-Milva,Enzo Luigi Poletto | Georges Van Parys | Larici | Mouloudji,Enzo Luigi Poletto [Written-By] | Georges Van Parys [Written-By] | Larici [Written-By] | Mouloudji [Written-By],
Various,Un Uomo Senza Tempo = Mi Viejo,A4,3:35,"Incontro Con: Iva Zanicchi, Mina, Ornella Vanoni, Milva",1975,Italy,"Penny (2), Penny (2)","REL-ST 19269, REL ST 19269",Vinyl / LP | Compilation | Reissue,"Pop, Folk, World, & Country","Chanson, Ballad, Vocal",Comp. Ita,https://www.discogs.com/release/13709196-Various-Incontro-Con-Iva-Zanicchi-Mina-Ornella-Vanoni-Milva,Ettore Lombardi | Piero & José,Ettore Lombardi [Written-By] | Piero & José [Written-By],
Various,Albergo A Ore = Les Amants D'Un Jour,A5,3:11,"Incontro Con: Iva Zanicchi, Mina, Ornella Vanoni, Milva",1975,Italy,"Penny (2), Penny (2)","REL-ST 19269, REL ST 19269",Vinyl / LP | Compilation | Reissue,"Pop, Folk, World, & Country","Chanson, Ballad, Vocal",Comp. Ita,https://www.discogs.com/release/13709196-Various-Incontro-Con-Iva-Zanicchi-Mina-Ornella-Vanoni-Milva,Claude Delécluse | Herbert Pagani | Marguerite Monnot | Michelle Senlis,Claude Delécluse [Written-By] | Herbert Pagani [Written-By] | Marguerite Monnot [Written-By] | Michelle Senlis [Written-By],
Various,La Banda = A Banda,A6,2:28,"Incontro Con: Iva Zanicchi, Mina, Ornella Vanoni, Milva",1975,Italy,"Penny (2), Penny (2)","REL-ST 19269, REL ST 19269",Vinyl / LP | Compilation | Reissue,"Pop, Folk, World, & Country","Chanson, Ballad, Vocal",Comp. Ita,https://www.discogs.com/release/13709196-Various-Incontro-Con-Iva-Zanicchi-Mina-Ornella-Vanoni-Milva,Antonio Amurri | Chico Buarque De Hollanda,Antonio Amurri [Written-By] | Chico Buarque De Hollanda [Written-By],
Various,Vivró = My Prayer,B1,3:00,"Incontro Con: Iva Zanicchi, Mina, Ornella Vanoni, Milva",1975,Italy,"Penny (2), Penny (2)","REL-ST 19269, REL ST 19269",Vinyl / LP | Compilation | Reissue,"Pop, Folk, World, & Country","Chanson, Ballad, Vocal",Comp. Ita,https://www.discogs.com/release/13709196-Various-Incontro-Con-Iva-Zanicchi-Mina-Ornella-Vanoni-Milva,Georges Boulanger | Jimmy Kennedy | Umberto Bertini,Georges Boulanger [Written-By] | Jimmy Kennedy [Written-By] | Umberto Bertini [Written-By],
Various,Tu Che M'Hai Preso Il Cuor,B2,2:50,"Incontro Con: Iva Zanicchi, Mina, Ornella Vanoni, Milva",1975,Italy,"Penny (2), Penny (2)","REL-ST 19269, REL ST 19269",Vinyl / LP | Compilation | Reissue,"Pop, Folk, World, & Country","Chanson, Ballad, Vocal",Comp. Ita,https://www.discogs.com/release/13709196-Various-Incontro-Con-Iva-Zanicchi-Mina-Ornella-Vanoni-Milva,Franz Lehár | Mario Panzeri | Nino Rastelli,Franz Lehár [Written-By] | Mario Panzeri [Written-By] | Nino Rastelli [Written-By],
Various,Nel Fondo Del Mio Cuore,B3,2:33,"Incontro Con: Iva Zanicchi, Mina, Ornella Vanoni, Milva",1975,Italy,"Penny (2), Penny (2)","REL-ST 19269, REL ST 19269",Vinyl / LP | Compilation | Reissue,"Pop, Folk, World, & Country","Chanson, Ballad, Vocal",Comp. Ita,https://www.discogs.com/release/13709196-Various-Incontro-Con-Iva-Zanicchi-Mina-Ornella-Vanoni-Milva,Alberto Cortez | Mina (3),Alberto Cortez [Written-By] | Mina (3) [Written-By],
Various,Ho Capito Che Ti Amo,B4,2:30,"Incontro Con: Iva Zanicchi, Mina, Ornella Vanoni, Milva",1975,Italy,"Penny (2), Penny (2)","REL-ST 19269, REL ST 19269",Vinyl / LP | Compilation | Reissue,"Pop, Folk, World, & Country","Chanson, Ballad, Vocal",Comp. Ita,https://www.discogs.com/release/13709196-Various-Incontro-Con-Iva-Zanicchi-Mina-Ornella-Vanoni-Milva,Luigi Tenco,Luigi Tenco [Written-By],
Various,Anche Se,B5,3:35,"Incontro Con: Iva Zanicchi, Mina, Ornella Vanoni, Milva",1975,Italy,"Penny (2), Penny (2)","REL-ST 19269, REL ST 19269",Vinyl / LP | Compilation | Reissue,"Pop, Folk, World, & Country","Chanson, Ballad, Vocal",Comp. Ita,https://www.discogs.com/release/13709196-Various-Incontro-Con-Iva-Zanicchi-Mina-Ornella-Vanoni-Milva,Gino Paoli,Gino Paoli [Written-By],
Various,Accarezzami Amore,B6,2:18,"Incontro Con: Iva Zanicchi, Mina, Ornella Vanoni, Milva",1975,Italy,"Penny (2), Penny (2)","REL-ST 19269, REL ST 19269",Vinyl / LP | Compilation | Reissue,"Pop, Folk, World, & Country","Chanson, Ballad, Vocal",Comp. Ita,https://www.discogs.com/release/13709196-Various-Incontro-Con-Iva-Zanicchi-Mina-Ornella-Vanoni-Milva,Camillo Bargoni | Vito Pallavicini,Camillo Bargoni [Written-By] | Vito Pallavicini [Written-By],
Francesco De Gregori,Alice,A1,,Alice Non Lo Sa,1978,Italy,"RCA, RCA Italiana","TPL1-1010, TPL1-1010",Vinyl / LP | Album | Reissue,"Rock, Pop",Folk Rock,Comp. Ita,https://www.discogs.com/release/2533203-Francesco-De-Gregori-Alice-Non-Lo-Sa,Francesco De Gregori,Francesco De Gregori [Written-By],
Francesco De Gregori,1940,A2,,Alice Non Lo Sa,1978,Italy,"RCA, RCA Italiana","TPL1-1010, TPL1-1010",Vinyl / LP | Album | Reissue,"Rock, Pop",Folk Rock,Comp. Ita,https://www.discogs.com/release/2533203-Francesco-De-Gregori-Alice-Non-Lo-Sa,Francesco De Gregori,Francesco De Gregori [Written-By],
Francesco De Gregori,Le Strade Di Lei,A3,,Alice Non Lo Sa,1978,Italy,"RCA, RCA Italiana","TPL1-1010, TPL1-1010",Vinyl / LP | Album | Reissue,"Rock, Pop",Folk Rock,Comp. Ita,https://www.discogs.com/release/2533203-Francesco-De-Gregori-Alice-Non-Lo-Sa,Francesco De Gregori,Francesco De Gregori [Written-By],
Francesco De Gregori,Suonatori Di Flauto,A4,,Alice Non Lo Sa,1978,Italy,"RCA, RCA Italiana","TPL1-1010, TPL1-1010",Vinyl / LP | Album | Reissue,"Rock, Pop",Folk Rock,Comp. Ita,https://www.discogs.com/release/2533203-Francesco-De-Gregori-Alice-Non-Lo-Sa,Francesco De Gregori,Francesco De Gregori [Written-By],
Francesco De Gregori,Buonanotte Fratello,A5,,Alice Non Lo Sa,1978,Italy,"RCA, RCA Italiana","TPL1-1010, TPL1-1010",Vinyl / LP | Album | Reissue,"Rock, Pop",Folk Rock,Comp. Ita,https://www.discogs.com/release/2533203-Francesco-De-Gregori-Alice-Non-Lo-Sa,Francesco De Gregori,Francesco De Gregori [Written-By],
Francesco De Gregori,Sono Tuo,A6,,Alice Non Lo Sa,1978,Italy,"RCA, RCA Italiana","TPL1-1010, TPL1-1010",Vinyl / LP | Album | Reissue,"Rock, Pop",Folk Rock,Comp. Ita,https://www.discogs.com/release/2533203-Francesco-De-Gregori-Alice-Non-Lo-Sa,Francesco De Gregori,Francesco De Gregori [Written-By],
Francesco De Gregori,I Musicanti,B1,,Alice Non Lo Sa,1978,Italy,"RCA, RCA Italiana","TPL1-1010, TPL1-1010",Vinyl / LP | Album | Reissue,"Rock, Pop",Folk Rock,Comp. Ita,https://www.discogs.com/release/2533203-Francesco-De-Gregori-Alice-Non-Lo-Sa,Francesco De Gregori,Francesco De Gregori [Written-By],
Francesco De Gregori,La Casa Di Hilde,B2,,Alice Non Lo Sa,1978,Italy,"RCA, RCA Italiana","TPL1-1010, TPL1-1010",Vinyl / LP | Album | Reissue,"Rock, Pop",Folk Rock,Comp. Ita,https://www.discogs.com/release/2533203-Francesco-De-Gregori-Alice-Non-Lo-Sa,Edoardo De Angelis | Francesco De Gregori,Edoardo De Angelis [Written-By] | Francesco De Gregori [Written-By],
Francesco De Gregori,Il Ragazzo,B3,,Alice Non Lo Sa,1978,Italy,"RCA, RCA Italiana","TPL1-1010, TPL1-1010",Vinyl / LP | Album | Reissue,"Rock, Pop",Folk Rock,Comp. Ita,https://www.discogs.com/release/2533203-Francesco-De-Gregori-Alice-Non-Lo-Sa,Francesco De Gregori,Francesco De Gregori [Written-By],
Francesco De Gregori,Irene,B4,,Alice Non Lo Sa,1978,Italy,"RCA, RCA Italiana","TPL1-1010, TPL1-1010",Vinyl / LP | Album | Reissue,"Rock, Pop",Folk Rock,Comp. Ita,https://www.discogs.com/release/2533203-Francesco-De-Gregori-Alice-Non-Lo-Sa,Francesco De Gregori,Francesco De Gregori [Written-By],
Francesco De Gregori,Marianna Al Bivio,B5,,Alice Non Lo Sa,1978,Italy,"RCA, RCA Italiana","TPL1-1010, TPL1-1010",Vinyl / LP | Album | Reissue,"Rock, Pop",Folk Rock,Comp. Ita,https://www.discogs.com/release/2533203-Francesco-De-Gregori-Alice-Non-Lo-Sa,Francesco De Gregori,Francesco De Gregori [Written-By],
Francesco De Gregori,Saigon,B6,,Alice Non Lo Sa,1978,Italy,"RCA, RCA Italiana","TPL1-1010, TPL1-1010",Vinyl / LP | Album | Reissue,"Rock, Pop",Folk Rock,Comp. Ita,https://www.discogs.com/release/2533203-Francesco-De-Gregori-Alice-Non-Lo-Sa,Francesco De Gregori,Francesco De Gregori [Written-By],
Adriano Celentano,Sei Rimasta Sola,A1,,Ritratto Di... Adriano Celentano,1976,Italy,Record Bazaar,RB 29,Vinyl / LP | Compilation | Stereo / Purple Sleeve,"Rock, Pop, Folk, World, & Country","Rock & Roll, Chanson, Pop Rock",Comp. Ita,https://www.discogs.com/release/4201155-Adriano-Celentano-Ritratto-Di-Adriano-Celentano,Michele del Prete | Ricky Gianco,Michele del Prete [Written-By] | Ricky Gianco [Written-By],
Adriano Celentano,Ciao Ragazzi,A2,,Ritratto Di... Adriano Celentano,1976,Italy,Record Bazaar,RB 29,Vinyl / LP | Compilation | Stereo / Purple Sleeve,"Rock, Pop, Folk, World, & Country","Rock & Roll, Chanson, Pop Rock",Comp. Ita,https://www.discogs.com/release/4201155-Adriano-Celentano-Ritratto-Di-Adriano-Celentano,Adriano Celentano | Michele del Prete | Mogol,Adriano Celentano [Written-By] | Michele del Prete [Written-By] | Mogol [Written-By],
Adriano Celentano,Il Problema Piu' Importante,A3,,Ritratto Di... Adriano Celentano,1976,Italy,Record Bazaar,RB 29,Vinyl / LP | Compilation | Stereo / Purple Sleeve,"Rock, Pop, Folk, World, & Country","Rock & Roll, Chanson, Pop Rock",Comp. Ita,https://www.discogs.com/release/4201155-Adriano-Celentano-Ritratto-Di-Adriano-Celentano,Luciano Beretta | Michele del Prete | Rudy Clark,Luciano Beretta [Written-By] | Michele del Prete [Written-By] | Rudy Clark [Written-By],
Adriano Celentano,Buonasera Signorina,A4,,Ritratto Di... Adriano Celentano,1976,Italy,Record Bazaar,RB 29,Vinyl / LP | Compilation | Stereo / Purple Sleeve,"Rock, Pop, Folk, World, & Country","Rock & Roll, Chanson, Pop Rock",Comp. Ita,https://www.discogs.com/release/4201155-Adriano-Celentano-Ritratto-Di-Adriano-Celentano,Carl Sigman | Peter de Rose,Carl Sigman [Written-By] | Peter de Rose [Written-By],
Adriano Celentano,Preghero',A5,,Ritratto Di... Adriano Celentano,1976,Italy,Record Bazaar,RB 29,Vinyl / LP | Compilation | Stereo / Purple Sleeve,"Rock, Pop, Folk, World, & Country","Rock & Roll, Chanson, Pop Rock",Comp. Ita,https://www.discogs.com/release/4201155-Adriano-Celentano-Ritratto-Di-Adriano-Celentano,Ben E. King | Don Backy | Elmo Glick,Ben E. King [Written-By] | Don Backy [Written-By] | Elmo Glick [Written-By],
Adriano Celentano,Il Tangaccio,A6,,Ritratto Di... Adriano Celentano,1976,Italy,Record Bazaar,RB 29,Vinyl / LP | Compilation | Stereo / Purple Sleeve,"Rock, Pop, Folk, World, & Country","Rock & Roll, Chanson, Pop Rock",Comp. Ita,https://www.discogs.com/release/4201155-Adriano-Celentano-Ritratto-Di-Adriano-Celentano,Gianni Marchetti | Michele del Prete | Mogol,Gianni Marchetti [Written-By] | Michele del Prete [Written-By] | Mogol [Written-By],
Adriano Celentano,Azzurro,B1,,Ritratto Di... Adriano Celentano,1976,Italy,Record Bazaar,RB 29,Vinyl / LP | Compilation | Stereo / Purple Sleeve,"Rock, Pop, Folk, World, & Country","Rock & Roll, Chanson, Pop Rock",Comp. Ita,https://www.discogs.com/release/4201155-Adriano-Celentano-Ritratto-Di-Adriano-Celentano,Paolo Conte | Vito Pallavicini,Paolo Conte [Written-By] | Vito Pallavicini [Written-By],
Adriano Celentano,Chi Non Lavora Non Fa L'Amore,B2,,Ritratto Di... Adriano Celentano,1976,Italy,Record Bazaar,RB 29,Vinyl / LP | Compilation | Stereo / Purple Sleeve,"Rock, Pop, Folk, World, & Country","Rock & Roll, Chanson, Pop Rock",Comp. Ita,https://www.discogs.com/release/4201155-Adriano-Celentano-Ritratto-Di-Adriano-Celentano,Adriano Celentano | Luciano Beretta | Michele del Prete,Adriano Celentano [Written-By] | Luciano Beretta [Written-By] | Michele del Prete [Written-By],
Adriano Celentano,Sabato Triste,B3,,Ritratto Di... Adriano Celentano,1976,Italy,Record Bazaar,RB 29,Vinyl / LP | Compilation | Stereo / Purple Sleeve,"Rock, Pop, Folk, World, & Country","Rock & Roll, Chanson, Pop Rock",Comp. Ita,https://www.discogs.com/release/4201155-Adriano-Celentano-Ritratto-Di-Adriano-Celentano,Adriano Celentano | Don Backy | Michele del Prete,Adriano Celentano [Written-By] | Don Backy [Written-By] | Michele del Prete [Written-By],
Adriano Celentano,La Coppia Piu' Bella Del Mondo,B4,,Ritratto Di... Adriano Celentano,1976,Italy,Record Bazaar,RB 29,Vinyl / LP | Compilation | Stereo / Purple Sleeve,"Rock, Pop, Folk, World, & Country","Rock & Roll, Chanson, Pop Rock",Comp. Ita,https://www.discogs.com/release/4201155-Adriano-Celentano-Ritratto-Di-Adriano-Celentano,Luciano Beretta | Michele del Prete | Paolo Conte,Luciano Beretta [Written-By] | Michele del Prete [Written-By] | Paolo Conte [Written-By],
Adriano Celentano,La Ballata,B5,,Ritratto Di... Adriano Celentano,1976,Italy,Record Bazaar,RB 29,Vinyl / LP | Compilation | Stereo / Purple Sleeve,"Rock, Pop, Folk, World, & Country","Rock & Roll, Chanson, Pop Rock",Comp. Ita,https://www.discogs.com/release/4201155-Adriano-Celentano-Ritratto-Di-Adriano-Celentano,Adriano Celentano,Adriano Celentano [Written-By],
Adriano Celentano,Yuppi Du,B6,,Ritratto Di... Adriano Celentano,1976,Italy,Record Bazaar,RB 29,Vinyl / LP | Compilation | Stereo / Purple Sleeve,"Rock, Pop, Folk, World, & Country","Rock & Roll, Chanson, Pop Rock",Comp. Ita,https://www.discogs.com/release/4201155-Adriano-Celentano-Ritratto-Di-Adriano-Celentano,Adriano Celentano,Adriano Celentano [Written-By],
Various,Com'È Profondo Il Mare,A1,6:08,Cantautori S.R.L. (Speranze - Rabbie - Libertà),1979,Italy,Ricordi,SMRL 6246,Vinyl / LP | Compilation,"Pop, Folk, World, & Country",Chanson,Comp. Ita,https://www.discogs.com/release/3849171-Various-Cantautori-SRL-Speranze-Rabbie-Libertà,,,
Various,Il Vecchio E Il Bambino,A2,4:18,Cantautori S.R.L. (Speranze - Rabbie - Libertà),1979,Italy,Ricordi,SMRL 6246,Vinyl / LP | Compilation,"Pop, Folk, World, & Country",Chanson,Comp. Ita,https://www.discogs.com/release/3849171-Various-Cantautori-SRL-Speranze-Rabbie-Libertà,,,
Various,Un Incontro In Ascensore,A3,3:35,Cantautori S.R.L. (Speranze - Rabbie - Libertà),1979,Italy,Ricordi,SMRL 6246,Vinyl / LP | Compilation,"Pop, Folk, World, & Country",Chanson,Comp. Ita,https://www.discogs.com/release/3849171-Various-Cantautori-SRL-Speranze-Rabbie-Libertà,,,
Various,Bravi Ragazzi,A4,3:35,Cantautori S.R.L. (Speranze - Rabbie - Libertà),1979,Italy,Ricordi,SMRL 6246,Vinyl / LP | Compilation,"Pop, Folk, World, & Country",Chanson,Comp. Ita,https://www.discogs.com/release/3849171-Various-Cantautori-SRL-Speranze-Rabbie-Libertà,,,
Various,Voglio Un Amante,A5,3:26,Cantautori S.R.L. (Speranze - Rabbie - Libertà),1979,Italy,Ricordi,SMRL 6246,Vinyl / LP | Compilation,"Pop, Folk, World, & Country",Chanson,Comp. Ita,https://www.discogs.com/release/3849171-Various-Cantautori-SRL-Speranze-Rabbie-Libertà,,,
Various,Il Pescatore,A6,2:16,Cantautori S.R.L. (Speranze - Rabbie - Libertà),1979,Italy,Ricordi,SMRL 6246,Vinyl / LP | Compilation,"Pop, Folk, World, & Country",Chanson,Comp. Ita,https://www.discogs.com/release/3849171-Various-Cantautori-SRL-Speranze-Rabbie-Libertà,,,
Various,Lo Shampoo,A7,3:45,Cantautori S.R.L. (Speranze - Rabbie - Libertà),1979,Italy,Ricordi,SMRL 6246,Vinyl / LP | Compilation,"Pop, Folk, World, & Country",Chanson,Comp. Ita,https://www.discogs.com/release/3849171-Various-Cantautori-SRL-Speranze-Rabbie-Libertà,,,
Various,Nel Ghetto,B1,4:50,Cantautori S.R.L. (Speranze - Rabbie - Libertà),1979,Italy,Ricordi,SMRL 6246,Vinyl / LP | Compilation,"Pop, Folk, World, & Country",Chanson,Comp. Ita,https://www.discogs.com/release/3849171-Various-Cantautori-SRL-Speranze-Rabbie-Libertà,,,
Various,Cuba,B2,4:44,Cantautori S.R.L. (Speranze - Rabbie - Libertà),1979,Italy,Ricordi,SMRL 6246,Vinyl / LP | Compilation,"Pop, Folk, World, & Country",Chanson,Comp. Ita,https://www.discogs.com/release/3849171-Various-Cantautori-SRL-Speranze-Rabbie-Libertà,,,
Various,Lugano Addio,B3,4:37,Cantautori S.R.L. (Speranze - Rabbie - Libertà),1979,Italy,Ricordi,SMRL 6246,Vinyl / LP | Compilation,"Pop, Folk, World, & Country",Chanson,Comp. Ita,https://www.discogs.com/release/3849171-Various-Cantautori-SRL-Speranze-Rabbie-Libertà,,,
Various,La Favola Degli Aironi,B4,3:45,Cantautori S.R.L. (Speranze - Rabbie - Libertà),1979,Italy,Ricordi,SMRL 6246,Vinyl / LP | Compilation,"Pop, Folk, World, & Country",Chanson,Comp. Ita,https://www.discogs.com/release/3849171-Various-Cantautori-SRL-Speranze-Rabbie-Libertà,,,
Various,Atlantide,B5,3:40,Cantautori S.R.L. (Speranze - Rabbie - Libertà),1979,Italy,Ricordi,SMRL 6246,Vinyl / LP | Compilation,"Pop, Folk, World, & Country",Chanson,Comp. Ita,https://www.discogs.com/release/3849171-Various-Cantautori-SRL-Speranze-Rabbie-Libertà,,,
Various,Canzone Per Sergio,B6,5:25,Cantautori S.R.L. (Speranze - Rabbie - Libertà),1979,Italy,Ricordi,SMRL 6246,Vinyl / LP | Compilation,"Pop, Folk, World, & Country",Chanson,Comp. Ita,https://www.discogs.com/release/3849171-Various-Cantautori-SRL-Speranze-Rabbie-Libertà,,,
Various,Sarà Quel Che Sarà,A1,3:24,Tuttosanremo '83,1983,Italy,"Ricordi, Ricordi","FSR1, FSR 1",Vinyl / LP | Compilation | Stereo / Gatefold,"Electronic, Rock, Pop","Chanson, Disco, Europop, Pop Rock, Synth-pop, Vocal",Comp. Ita,https://www.discogs.com/release/3417966-Various-Tuttosanremo-83,Mushi | Roberto Ferri,Pinuccio Pirazzoli [Arranged By] | Costantino Paolini [Producer] | Mushi [Written-By] | Roberto Ferri [Written-By],
Various,Notte E Giorno,A2,2:56,Tuttosanremo '83,1983,Italy,"Ricordi, Ricordi","FSR1, FSR 1",Vinyl / LP | Compilation | Stereo / Gatefold,"Electronic, Rock, Pop","Chanson, Disco, Europop, Pop Rock, Synth-pop, Vocal",Comp. Ita,https://www.discogs.com/release/3417966-Various-Tuttosanremo-83,Angelo Valsiglio | Daniele Pace,Pinuccio Pirazzoli [Arranged By] | Angelo Valsiglio [Written-By] | Daniele Pace [Written-By],
Various,L'Italiano,A3,3:56,Tuttosanremo '83,1983,Italy,"Ricordi, Ricordi","FSR1, FSR 1",Vinyl / LP | Compilation | Stereo / Gatefold,"Electronic, Rock, Pop","Chanson, Disco, Europop, Pop Rock, Synth-pop, Vocal",Comp. Ita,https://www.discogs.com/release/3417966-Various-Tuttosanremo-83,Cristiano Minellono | Toto Cutugno,Pinuccio Pirazzoli [Arranged By] | Number Two [Producer] | Cristiano Minellono [Written-By] | Toto Cutugno [Written-By],
Various,Vacanze Romane,A4,4:04,Tuttosanremo '83,1983,Italy,"Ricordi, Ricordi","FSR1, FSR 1",Vinyl / LP | Compilation | Stereo / Gatefold,"Electronic, Rock, Pop","Chanson, Disco, Europop, Pop Rock, Synth-pop, Vocal",Comp. Ita,https://www.discogs.com/release/3417966-Various-Tuttosanremo-83,Carlo Marrale | Giancarlo Golzi,Maurizio Salvadori [Executive-Producer] | Roberto Colombo [Producer] | Carlo Marrale [Written-By] | Giancarlo Golzi [Written-By],
Various,Vita Spericolata,A5,4:40,Tuttosanremo '83,1983,Italy,"Ricordi, Ricordi","FSR1, FSR 1",Vinyl / LP | Compilation | Stereo / Gatefold,"Electronic, Rock, Pop","Chanson, Disco, Europop, Pop Rock, Synth-pop, Vocal",Comp. Ita,https://www.discogs.com/release/3417966-Various-Tuttosanremo-83,Vasco Rossi | Tullio Ferro,"Vasco Rossi [Arranged By, Written-By] | Guido Elmi [Executive-Producer] | Tullio Ferro [Written-By]",
Various,Una Catastrofe Bionda,A6,5:23,Tuttosanremo '83,1983,Italy,"Ricordi, Ricordi","FSR1, FSR 1",Vinyl / LP | Compilation | Stereo / Gatefold,"Electronic, Rock, Pop","Chanson, Disco, Europop, Pop Rock, Synth-pop, Vocal",Comp. Ita,https://www.discogs.com/release/3417966-Various-Tuttosanremo-83,Marco Ferradini | Mogol | Roberto Giuliani,Alessandro Colombini [Producer] | Marco Ferradini [Written-By] | Mogol [Written-By] | Roberto Giuliani [Written-By],
Various,Margherita Non Lo Sa,A7,3:27,Tuttosanremo '83,1983,Italy,"Ricordi, Ricordi","FSR1, FSR 1",Vinyl / LP | Compilation | Stereo / Gatefold,"Electronic, Rock, Pop","Chanson, Disco, Europop, Pop Rock, Synth-pop, Vocal",Comp. Ita,https://www.discogs.com/release/3417966-Various-Tuttosanremo-83,Oscar Prudente | Oscar Avogadro,"Oscar Prudente [Arranged By, Producer, Written-By] | Oscar Avogadro [Written-By]",
Various,"Arriva, Arriva",B1,4:32,Tuttosanremo '83,1983,Italy,"Ricordi, Ricordi","FSR1, FSR 1",Vinyl / LP | Compilation | Stereo / Gatefold,"Electronic, Rock, Pop","Chanson, Disco, Europop, Pop Rock, Synth-pop, Vocal",Comp. Ita,https://www.discogs.com/release/3417966-Various-Tuttosanremo-83,Maurizio Fabrizio | Vincenzo Spampinato,"Maurizio Fabrizio [Arranged By, Written-By, Directed By] | Giancarlo Lucariello [Producer] | Vincenzo Spampinato [Written-By]",
Various,Mi Sono Innamorato Di Mia Moglie,B2,3:46,Tuttosanremo '83,1983,Italy,"Ricordi, Ricordi","FSR1, FSR 1",Vinyl / LP | Compilation | Stereo / Gatefold,"Electronic, Rock, Pop","Chanson, Disco, Europop, Pop Rock, Synth-pop, Vocal",Comp. Ita,https://www.discogs.com/release/3417966-Various-Tuttosanremo-83,Michele Russo | Daniele Pace,"Vincenzo Tempera [Arranged By] | Michele Russo [Written-By] | Daniele Pace [Written-By, Producer]",
Various,Complimenti,B3,3:45,Tuttosanremo '83,1983,Italy,"Ricordi, Ricordi","FSR1, FSR 1",Vinyl / LP | Compilation | Stereo / Gatefold,"Electronic, Rock, Pop","Chanson, Disco, Europop, Pop Rock, Synth-pop, Vocal",Comp. Ita,https://www.discogs.com/release/3417966-Various-Tuttosanremo-83,Adelmo Fornaciari | Luigi Albertelli,"Vincenzo Tempera [Arranged By, Directed By] | Zucchero [Producer] | Adelmo Fornaciari [Written-By] | Luigi Albertelli [Written-By]",
Various,Primavera,B4,4:15,Tuttosanremo '83,1983,Italy,"Ricordi, Ricordi","FSR1, FSR 1",Vinyl / LP | Compilation | Stereo / Gatefold,"Electronic, Rock, Pop","Chanson, Disco, Europop, Pop Rock, Synth-pop, Vocal",Comp. Ita,https://www.discogs.com/release/3417966-Various-Tuttosanremo-83,Luigi Albertelli | Sandro Giacobbe,"Rodolfo Grieco [Arranged By, Directed By] | Luigi Albertelli [Written-By] | Sandro Giacobbe [Written-By]",
Various,Casco Blu,B5,3:50,Tuttosanremo '83,1983,Italy,"Ricordi, Ricordi","FSR1, FSR 1",Vinyl / LP | Compilation | Stereo / Gatefold,"Electronic, Rock, Pop","Chanson, Disco, Europop, Pop Rock, Synth-pop, Vocal",Comp. Ita,https://www.discogs.com/release/3417966-Various-Tuttosanremo-83,Massimiliano Di Carlo | Robert Masala | Marcello Ramoino | Eliop,"Massimiliano Di Carlo [Arranged By, Conductor [Orchestra], Written-By] | Robert Masala [Arranged By, Conductor [Orchestra], Written-By] | Marcello Ramoino [Written-By] | Eliop [Written-By, Producer]",
Various,Movie Star,B6,3:40,Tuttosanremo '83,1983,Italy,"Ricordi, Ricordi","FSR1, FSR 1",Vinyl / LP | Compilation | Stereo / Gatefold,"Electronic, Rock, Pop","Chanson, Disco, Europop, Pop Rock, Synth-pop, Vocal",Comp. Ita,https://www.discogs.com/release/3417966-Various-Tuttosanremo-83,Celso Valli | Angelo Piccarreta,"Celso Valli [Arranged By, Written-By] | Angelo Piccarreta [Written-By, Producer]",
Various,Io Vivo Qui,B7,3:45,Tuttosanremo '83,1983,Italy,"Ricordi, Ricordi","FSR1, FSR 1",Vinyl / LP | Compilation | Stereo / Gatefold,"Electronic, Rock, Pop","Chanson, Disco, Europop, Pop Rock, Synth-pop, Vocal",Comp. Ita,https://www.discogs.com/release/3417966-Various-Tuttosanremo-83,Cristiano Minellono | Domenico Modugno | Gino De Stefani,Pinuccio Pirazzoli [Arranged By] | Cristiano Minellono [Written-By] | Domenico Modugno [Written-By] | Gino De Stefani [Written-By],
Various,Abbracciami Amore Mio,C1,3:07,Tuttosanremo '83,1983,Italy,"Ricordi, Ricordi","FSR1, FSR 1",Vinyl / LP | Compilation | Stereo / Gatefold,"Electronic, Rock, Pop","Chanson, Disco, Europop, Pop Rock, Synth-pop, Vocal",Comp. Ita,https://www.discogs.com/release/3417966-Various-Tuttosanremo-83,Mario Balducci,Alberto Baldan Bembo [Arranged By] | Aldo Tirone [Producer] | Mario Balducci [Written-By],
Various,Eterna Malattia,C2,3:10,Tuttosanremo '83,1983,Italy,"Ricordi, Ricordi","FSR1, FSR 1",Vinyl / LP | Compilation | Stereo / Gatefold,"Electronic, Rock, Pop","Chanson, Disco, Europop, Pop Rock, Synth-pop, Vocal",Comp. Ita,https://www.discogs.com/release/3417966-Various-Tuttosanremo-83,Enzo Malepasso | Luigi Albertelli,"Danilo Vaona [Arranged By, Conductor [Orchestra]] | Enzo Malepasso [Written-By] | Luigi Albertelli [Written-By]",
Various,Working Late Tonight (Stanotte Penso A Te),C3,4:06,Tuttosanremo '83,1983,Italy,"Ricordi, Ricordi","FSR1, FSR 1",Vinyl / LP | Compilation | Stereo / Gatefold,"Electronic, Rock, Pop","Chanson, Disco, Europop, Pop Rock, Synth-pop, Vocal",Comp. Ita,https://www.discogs.com/release/3417966-Various-Tuttosanremo-83,Mario & Giosy Capuano,"Simon Boswell [Adapted By [English Text], Arranged By, Producer] | Mario & Giosy Capuano [Written-By]",
Various,Stiamo Insieme,C4,3:54,Tuttosanremo '83,1983,Italy,"Ricordi, Ricordi","FSR1, FSR 1",Vinyl / LP | Compilation | Stereo / Gatefold,"Electronic, Rock, Pop","Chanson, Disco, Europop, Pop Rock, Synth-pop, Vocal",Comp. Ita,https://www.discogs.com/release/3417966-Various-Tuttosanremo-83,Adelmo Fornaciari,Vincenzo Tempera [Arranged By] | Adelmo Fornaciari [Written-By],
Various,È La Vita,C5,4:08,Tuttosanremo '83,1983,Italy,"Ricordi, Ricordi","FSR1, FSR 1",Vinyl / LP | Compilation | Stereo / Gatefold,"Electronic, Rock, Pop","Chanson, Disco, Europop, Pop Rock, Synth-pop, Vocal",Comp. Ita,https://www.discogs.com/release/3417966-Various-Tuttosanremo-83,Marco Antonio Armenise | Paolo Armenise,"Gianni Mazza [Arranged By, Conductor [Orchestra]] | Marco Antonio Armenise [Written-By] | Paolo Armenise [Written-By]",
Various,Reach High,C6,3:35,Tuttosanremo '83,1983,Italy,"Ricordi, Ricordi","FSR1, FSR 1",Vinyl / LP | Compilation | Stereo / Gatefold,"Electronic, Rock, Pop","Chanson, Disco, Europop, Pop Rock, Synth-pop, Vocal",Comp. Ita,https://www.discogs.com/release/3417966-Various-Tuttosanremo-83,Milan Williams | Ronald LaPread | Thomas McClary | Walter Orange | William King (3),"Commodores [Arranged By, Producer] | Milan Williams [Written-By] | Ronald LaPread [Written-By] | Thomas McClary [Written-By] | Walter Orange [Written-By] | William King (3) [Written-By]",
Various,Cieli Azzurri,C7,3:20,Tuttosanremo '83,1983,Italy,"Ricordi, Ricordi","FSR1, FSR 1",Vinyl / LP | Compilation | Stereo / Gatefold,"Electronic, Rock, Pop","Chanson, Disco, Europop, Pop Rock, Synth-pop, Vocal",Comp. Ita,https://www.discogs.com/release/3417966-Various-Tuttosanremo-83,Enzo Ghinazzi | Stefano Saturnini,Enzo Ghinazzi [Written-By] | Stefano Saturnini [Written-By],
Various,Ahi,C8,2:57,Tuttosanremo '83,1983,Italy,"Ricordi, Ricordi","FSR1, FSR 1",Vinyl / LP | Compilation | Stereo / Gatefold,"Electronic, Rock, Pop","Chanson, Disco, Europop, Pop Rock, Synth-pop, Vocal",Comp. Ita,https://www.discogs.com/release/3417966-Various-Tuttosanremo-83,Angelo Valsiglio | Daniele Pace | Depsa,Danilo Vaona [Arranged By] | Angelo Valsiglio [Written-By] | Daniele Pace [Written-By] | Depsa [Written-By],
Various,Volevo Dirti,D1,3:03,Tuttosanremo '83,1983,Italy,"Ricordi, Ricordi","FSR1, FSR 1",Vinyl / LP | Compilation | Stereo / Gatefold,"Electronic, Rock, Pop","Chanson, Disco, Europop, Pop Rock, Synth-pop, Vocal",Comp. Ita,https://www.discogs.com/release/3417966-Various-Tuttosanremo-83,Adelmo Fornaciari | Daniele Pace | Donatella Milani,"Angelo Valsiglio [Arranged By, Producer] | Daniele Pace [Producer] | Adelmo Fornaciari [Written-By] | Daniele Pace [Written-By] | Donatella Milani [Written-By]",
Various,La Mia Nemica Amatissima,D2,3:53,Tuttosanremo '83,1983,Italy,"Ricordi, Ricordi","FSR1, FSR 1",Vinyl / LP | Compilation | Stereo / Gatefold,"Electronic, Rock, Pop","Chanson, Disco, Europop, Pop Rock, Synth-pop, Vocal",Comp. Ita,https://www.discogs.com/release/3417966-Various-Tuttosanremo-83,Gianni Bella | Gianni Morandi | Mogol,"Celso Valli [Arranged By] | Gianni Bella [Written-By] | Gianni Morandi [Written-By] | Mogol [Written-By, Producer]",
Various,Oramai,D3,3:14,Tuttosanremo '83,1983,Italy,"Ricordi, Ricordi","FSR1, FSR 1",Vinyl / LP | Compilation | Stereo / Gatefold,"Electronic, Rock, Pop","Chanson, Disco, Europop, Pop Rock, Synth-pop, Vocal",Comp. Ita,https://www.discogs.com/release/3417966-Various-Tuttosanremo-83,Angelo Valsiglio | Daiano | Depsa,"Pinuccio Pirazzoli [Arranged By] | Angelo Valsiglio [Written-By] | Daiano [Written-By] | Depsa [Written-By, Producer]",
Various,Amare Te,D4,3:46,Tuttosanremo '83,1983,Italy,"Ricordi, Ricordi","FSR1, FSR 1",Vinyl / LP | Compilation | Stereo / Gatefold,"Electronic, Rock, Pop","Chanson, Disco, Europop, Pop Rock, Synth-pop, Vocal",Comp. Ita,https://www.discogs.com/release/3417966-Various-Tuttosanremo-83,Riccardo Azzurri,"Walter Savelli [Arranged By, Producer] | Riccardo Azzurri [Written-By]",
Various,Avrò,D5,3:45,Tuttosanremo '83,1983,Italy,"Ricordi, Ricordi","FSR1, FSR 1",Vinyl / LP | Compilation | Stereo / Gatefold,"Electronic, Rock, Pop","Chanson, Disco, Europop, Pop Rock, Synth-pop, Vocal",Comp. Ita,https://www.discogs.com/release/3417966-Various-Tuttosanremo-83,Piero Soffici | Raffaele Ferrato | Sergio Menegale,"Mario Lavezzi [Arranged By, Directed By] | Piero Soffici [Written-By] | Raffaele Ferrato [Written-By] | Sergio Menegale [Written-By]",
Various,Nuvola,D6,3:03,Tuttosanremo '83,1983,Italy,"Ricordi, Ricordi","FSR1, FSR 1",Vinyl / LP | Compilation | Stereo / Gatefold,"Electronic, Rock, Pop","Chanson, Disco, Europop, Pop Rock, Synth-pop, Vocal",Comp. Ita,https://www.discogs.com/release/3417966-Various-Tuttosanremo-83,Adelmo Fornaciari,Vincenzo Tempera [Arranged By] | Adelmo Fornaciari [Written-By],
Various,Chì Chì Chì Cò Cò Cò,D7,3:42,Tuttosanremo '83,1983,Italy,"Ricordi, Ricordi","FSR1, FSR 1",Vinyl / LP | Compilation | Stereo / Gatefold,"Electronic, Rock, Pop","Chanson, Disco, Europop, Pop Rock, Synth-pop, Vocal",Comp. Ita,https://www.discogs.com/release/3417966-Various-Tuttosanremo-83,Demcek | Ferruccio Fantone | Giuseppe Cecconi | Pippo Franco,Pierluigi Giombini [Arranged By] | Demcek [Written-By] | Ferruccio Fantone [Written-By] | Giuseppe Cecconi [Written-By] | Pippo Franco [Written-By],
Various,Nightmare,D8,3:56,Tuttosanremo '83,1983,Italy,"Ricordi, Ricordi","FSR1, FSR 1",Vinyl / LP | Compilation | Stereo / Gatefold,"Electronic, Rock, Pop","Chanson, Disco, Europop, Pop Rock, Synth-pop, Vocal",Comp. Ita,https://www.discogs.com/release/3417966-Various-Tuttosanremo-83,Saxon,Jeff Glixman [Producer] | Saxon [Written-By],
Various,Disco 1 - L'Oro Di Napoli,,,Le 120 Canzoni Italiane Più Famose Del Secolo,1980,Italy,Selezione Dal Reader's Digest,RDIS 123-(10),Vinyl / LP | Compilation || Box Set,"Pop, Classical, Folk, World, & Country","Chanson, Romantic, Folk",Comp. Ita,https://www.discogs.com/release/3196834-Various-Le-120-Canzoni-Italiane-Più-Famose-Del-Secolo,,,"[{'field_id': 3, 'value': 'Solo Disco 10'}]"
Various,O Sole Mio,A1,,Le 120 Canzoni Italiane Più Famose Del Secolo,1980,Italy,Selezione Dal Reader's Digest,RDIS 123-(10),Vinyl / LP | Compilation || Box Set,"Pop, Classical, Folk, World, & Country","Chanson, Romantic, Folk",Comp. Ita,https://www.discogs.com/release/3196834-Various-Le-120-Canzoni-Italiane-Più-Famose-Del-Secolo,,,"[{'field_id': 3, 'value': 'Solo Disco 10'}]"
Various,Torna A Surriento,A2,,Le 120 Canzoni Italiane Più Famose Del Secolo,1980,Italy,Selezione Dal Reader's Digest,RDIS 123-(10),Vinyl / LP | Compilation || Box Set,"Pop, Classical, Folk, World, & Country","Chanson, Romantic, Folk",Comp. Ita,https://www.discogs.com/release/3196834-Various-Le-120-Canzoni-Italiane-Più-Famose-Del-Secolo,,,"[{'field_id': 3, 'value': 'Solo Disco 10'}]"
Various,Piscatore 'E Pusilleco,A3,,Le 120 Canzoni Italiane Più Famose Del Secolo,1980,Italy,Selezione Dal Reader's Digest,RDIS 123-(10),Vinyl / LP | Compilation || Box Set,"Pop, Classical, Folk, World, & Country","Chanson, Romantic, Folk",Comp. Ita,https://www.discogs.com/release/3196834-Various-Le-120-Canzoni-Italiane-Più-Famose-Del-Secolo,,,"[{'field_id': 3, 'value': 'Solo Disco 10'}]"
Various,Come Facette Mammeta,A4,,Le 120 Canzoni Italiane Più Famose Del Secolo,1980,Italy,Selezione Dal Reader's Digest,RDIS 123-(10),Vinyl / LP | Compilation || Box Set,"Pop, Classical, Folk, World, & Country","Chanson, Romantic, Folk",Comp. Ita,https://www.discogs.com/release/3196834-Various-Le-120-Canzoni-Italiane-Più-Famose-Del-Secolo,,,"[{'field_id': 3, 'value': 'Solo Disco 10'}]"
Various,I Tu Vurria Vasa,A5,,Le 120 Canzoni Italiane Più Famose Del Secolo,1980,Italy,Selezione Dal Reader's Digest,RDIS 123-(10),Vinyl / LP | Compilation || Box Set,"Pop, Classical, Folk, World, & Country","Chanson, Romantic, Folk",Comp. Ita,https://www.discogs.com/release/3196834-Various-Le-120-Canzoni-Italiane-Più-Famose-Del-Secolo,,,"[{'field_id': 3, 'value': 'Solo Disco 10'}]"
Various,O Surdato 'Nnammurato,A6,,Le 120 Canzoni Italiane Più Famose Del Secolo,1980,Italy,Selezione Dal Reader's Digest,RDIS 123-(10),Vinyl / LP | Compilation || Box Set,"Pop, Classical, Folk, World, & Country","Chanson, Romantic, Folk",Comp. Ita,https://www.discogs.com/release/3196834-Various-Le-120-Canzoni-Italiane-Più-Famose-Del-Secolo,,,"[{'field_id': 3, 'value': 'Solo Disco 10'}]"
Various,-,,,Le 120 Canzoni Italiane Più Famose Del Secolo,1980,Italy,Selezione Dal Reader's Digest,RDIS 123-(10),Vinyl / LP | Compilation || Box Set,"Pop, Classical, Folk, World, & Country","Chanson, Romantic, Folk",Comp. Ita,https://www.discogs.com/release/3196834-Various-Le-120-Canzoni-Italiane-Più-Famose-Del-Secolo,,,"[{'field_id': 3, 'value': 'Solo Disco 10'}]"
Various,Funiculi Funicular,B1,,Le 120 Canzoni Italiane Più Famose Del Secolo,1980,Italy,Selezione Dal Reader's Digest,RDIS 123-(10),Vinyl / LP | Compilation || Box Set,"Pop, Classical, Folk, World, & Country","Chanson, Romantic, Folk",Comp. Ita,https://www.discogs.com/release/3196834-Various-Le-120-Canzoni-Italiane-Più-Famose-Del-Secolo,,,"[{'field_id': 3, 'value': 'Solo Disco 10'}]"
Various,Dicitencello Vuie,B2,,Le 120 Canzoni Italiane Più Famose Del Secolo,1980,Italy,Selezione Dal Reader's Digest,RDIS 123-(10),Vinyl / LP | Compilation || Box Set,"Pop, Classical, Folk, World, & Country","Chanson, Romantic, Folk",Comp. Ita,https://www.discogs.com/release/3196834-Various-Le-120-Canzoni-Italiane-Più-Famose-Del-Secolo,,,"[{'field_id': 3, 'value': 'Solo Disco 10'}]"
Various,Silenzio Cantatore,B3,,Le 120 Canzoni Italiane Più Famose Del Secolo,1980,Italy,Selezione Dal Reader's Digest,RDIS 123-(10),Vinyl / LP | Compilation || Box Set,"Pop, Classical, Folk, World, & Country","Chanson, Romantic, Folk",Comp. Ita,https://www.discogs.com/release/3196834-Various-Le-120-Canzoni-Italiane-Più-Famose-Del-Secolo,,,"[{'field_id': 3, 'value': 'Solo Disco 10'}]"
Various,Voce E Notte,B4,,Le 120 Canzoni Italiane Più Famose Del Secolo,1980,Italy,Selezione Dal Reader's Digest,RDIS 123-(10),Vinyl / LP | Compilation || Box Set,"Pop, Classical, Folk, World, & Country","Chanson, Romantic, Folk",Comp. Ita,https://www.discogs.com/release/3196834-Various-Le-120-Canzoni-Italiane-Più-Famose-Del-Secolo,,,"[{'field_id': 3, 'value': 'Solo Disco 10'}]"
Various,Santa Lucia Luntana,B5,,Le 120 Canzoni Italiane Più Famose Del Secolo,1980,Italy,Selezione Dal Reader's Digest,RDIS 123-(10),Vinyl / LP | Compilation || Box Set,"Pop, Classical, Folk, World, & Country","Chanson, Romantic, Folk",Comp. Ita,https://www.discogs.com/release/3196834-Various-Le-120-Canzoni-Italiane-Più-Famose-Del-Secolo,,,"[{'field_id': 3, 'value': 'Solo Disco 10'}]"
Various,Guapperia,B6,,Le 120 Canzoni Italiane Più Famose Del Secolo,1980,Italy,Selezione Dal Reader's Digest,RDIS 123-(10),Vinyl / LP | Compilation || Box Set,"Pop, Classical, Folk, World, & Country","Chanson, Romantic, Folk",Comp. Ita,https://www.discogs.com/release/3196834-Various-Le-120-Canzoni-Italiane-Più-Famose-Del-Secolo,,,"[{'field_id': 3, 'value': 'Solo Disco 10'}]"
Various,Disco 2 - Tabarin E Caffè Concerto,,,Le 120 Canzoni Italiane Più Famose Del Secolo,1980,Italy,Selezione Dal Reader's Digest,RDIS 123-(10),Vinyl / LP | Compilation || Box Set,"Pop, Classical, Folk, World, & Country","Chanson, Romantic, Folk",Comp. Ita,https://www.discogs.com/release/3196834-Various-Le-120-Canzoni-Italiane-Più-Famose-Del-Secolo,,,"[{'field_id': 3, 'value': 'Solo Disco 10'}]"
Various,Addio Signora,A1,,Le 120 Canzoni Italiane Più Famose Del Secolo,1980,Italy,Selezione Dal Reader's Digest,RDIS 123-(10),Vinyl / LP | Compilation || Box Set,"Pop, Classical, Folk, World, & Country","Chanson, Romantic, Folk",Comp. Ita,https://www.discogs.com/release/3196834-Various-Le-120-Canzoni-Italiane-Più-Famose-Del-Secolo,,,"[{'field_id': 3, 'value': 'Solo Disco 10'}]"
Various,Vipera,A2,,Le 120 Canzoni Italiane Più Famose Del Secolo,1980,Italy,Selezione Dal Reader's Digest,RDIS 123-(10),Vinyl / LP | Compilation || Box Set,"Pop, Classical, Folk, World, & Country","Chanson, Romantic, Folk",Comp. Ita,https://www.discogs.com/release/3196834-Various-Le-120-Canzoni-Italiane-Più-Famose-Del-Secolo,,,"[{'field_id': 3, 'value': 'Solo Disco 10'}]"
Various,Scettico Blue,A3,,Le 120 Canzoni Italiane Più Famose Del Secolo,1980,Italy,Selezione Dal Reader's Digest,RDIS 123-(10),Vinyl / LP | Compilation || Box Set,"Pop, Classical, Folk, World, & Country","Chanson, Romantic, Folk",Comp. Ita,https://www.discogs.com/release/3196834-Various-Le-120-Canzoni-Italiane-Più-Famose-Del-Secolo,,,"[{'field_id': 3, 'value': 'Solo Disco 10'}]"
Various,Come Pioveva,A4,,Le 120 Canzoni Italiane Più Famose Del Secolo,1980,Italy,Selezione Dal Reader's Digest,RDIS 123-(10),Vinyl / LP | Compilation || Box Set,"Pop, Classical, Folk, World, & Country","Chanson, Romantic, Folk",Comp. Ita,https://www.discogs.com/release/3196834-Various-Le-120-Canzoni-Italiane-Più-Famose-Del-Secolo,,,"[{'field_id': 3, 'value': 'Solo Disco 10'}]"
Various,Creola,A5,,Le 120 Canzoni Italiane Più Famose Del Secolo,1980,Italy,Selezione Dal Reader's Digest,RDIS 123-(10),Vinyl / LP | Compilation || Box Set,"Pop, Classical, Folk, World, & Country","Chanson, Romantic, Folk",Comp. Ita,https://www.discogs.com/release/3196834-Various-Le-120-Canzoni-Italiane-Più-Famose-Del-Secolo,,,"[{'field_id': 3, 'value': 'Solo Disco 10'}]"
Various,Addio Tabarin,A6,,Le 120 Canzoni Italiane Più Famose Del Secolo,1980,Italy,Selezione Dal Reader's Digest,RDIS 123-(10),Vinyl / LP | Compilation || Box Set,"Pop, Classical, Folk, World, & Country","Chanson, Romantic, Folk",Comp. Ita,https://www.discogs.com/release/3196834-Various-Le-120-Canzoni-Italiane-Più-Famose-Del-Secolo,,,"[{'field_id': 3, 'value': 'Solo Disco 10'}]"
Various,-,,,Le 120 Canzoni Italiane Più Famose Del Secolo,1980,Italy,Selezione Dal Reader's Digest,RDIS 123-(10),Vinyl / LP | Compilation || Box Set,"Pop, Classical, Folk, World, & Country","Chanson, Romantic, Folk",Comp. Ita,https://www.discogs.com/release/3196834-Various-Le-120-Canzoni-Italiane-Più-Famose-Del-Secolo,,,"[{'field_id': 3, 'value': 'Solo Disco 10'}]"
Various,Torna Piccina Mia,B1,,Le 120 Canzoni Italiane Più Famose Del Secolo,1980,Italy,Selezione Dal Reader's Digest,RDIS 123-(10),Vinyl / LP | Compilation || Box Set,"Pop, Classical, Folk, World, & Country","Chanson, Romantic, Folk",Comp. Ita,https://www.discogs.com/release/3196834-Various-Le-120-Canzoni-Italiane-Più-Famose-Del-Secolo,,,"[{'field_id': 3, 'value': 'Solo Disco 10'}]"
Various,Balocchi E Profumi,B2,,Le 120 Canzoni Italiane Più Famose Del Secolo,1980,Italy,Selezione Dal Reader's Digest,RDIS 123-(10),Vinyl / LP | Compilation || Box Set,"Pop, Classical, Folk, World, & Country","Chanson, Romantic, Folk",Comp. Ita,https://www.discogs.com/release/3196834-Various-Le-120-Canzoni-Italiane-Più-Famose-Del-Secolo,,,"[{'field_id': 3, 'value': 'Solo Disco 10'}]"
Various,Ciribiribin,B3,,Le 120 Canzoni Italiane Più Famose Del Secolo,1980,Italy,Selezione Dal Reader's Digest,RDIS 123-(10),Vinyl / LP | Compilation || Box Set,"Pop, Classical, Folk, World, & Country","Chanson, Romantic, Folk",Comp. Ita,https://www.discogs.com/release/3196834-Various-Le-120-Canzoni-Italiane-Più-Famose-Del-Secolo,,,"[{'field_id': 3, 'value': 'Solo Disco 10'}]"
Various,Fili D'Oro,B4,,Le 120 Canzoni Italiane Più Famose Del Secolo,1980,Italy,Selezione Dal Reader's Digest,RDIS 123-(10),Vinyl / LP | Compilation || Box Set,"Pop, Classical, Folk, World, & Country","Chanson, Romantic, Folk",Comp. Ita,https://www.discogs.com/release/3196834-Various-Le-120-Canzoni-Italiane-Più-Famose-Del-Secolo,,,"[{'field_id': 3, 'value': 'Solo Disco 10'}]"
Various,Nini' Tirabusco,B5,,Le 120 Canzoni Italiane Più Famose Del Secolo,1980,Italy,Selezione Dal Reader's Digest,RDIS 123-(10),Vinyl / LP | Compilation || Box Set,"Pop, Classical, Folk, World, & Country","Chanson, Romantic, Folk",Comp. Ita,https://www.discogs.com/release/3196834-Various-Le-120-Canzoni-Italiane-Più-Famose-Del-Secolo,,,"[{'field_id': 3, 'value': 'Solo Disco 10'}]"
Various,La Spagnola,B6,,Le 120 Canzoni Italiane Più Famose Del Secolo,1980,Italy,Selezione Dal Reader's Digest,RDIS 123-(10),Vinyl / LP | Compilation || Box Set,"Pop, Classical, Folk, World, & Country","Chanson, Romantic, Folk",Comp. Ita,https://www.discogs.com/release/3196834-Various-Le-120-Canzoni-Italiane-Più-Famose-Del-Secolo,,,"[{'field_id': 3, 'value': 'Solo Disco 10'}]"
Various,Disco 3 - Col Cuore In Mano,,,Le 120 Canzoni Italiane Più Famose Del Secolo,1980,Italy,Selezione Dal Reader's Digest,RDIS 123-(10),Vinyl / LP | Compilation || Box Set,"Pop, Classical, Folk, World, & Country","Chanson, Romantic, Folk",Comp. Ita,https://www.discogs.com/release/3196834-Various-Le-120-Canzoni-Italiane-Più-Famose-Del-Secolo,,,"[{'field_id': 3, 'value': 'Solo Disco 10'}]"
Various,Cara Piccina,A1,,Le 120 Canzoni Italiane Più Famose Del Secolo,1980,Italy,Selezione Dal Reader's Digest,RDIS 123-(10),Vinyl / LP | Compilation || Box Set,"Pop, Classical, Folk, World, & Country","Chanson, Romantic, Folk",Comp. Ita,https://www.discogs.com/release/3196834-Various-Le-120-Canzoni-Italiane-Più-Famose-Del-Secolo,,,"[{'field_id': 3, 'value': 'Solo Disco 10'}]"
Various,Come Le Rose,A2,,Le 120 Canzoni Italiane Più Famose Del Secolo,1980,Italy,Selezione Dal Reader's Digest,RDIS 123-(10),Vinyl / LP | Compilation || Box Set,"Pop, Classical, Folk, World, & Country","Chanson, Romantic, Folk",Comp. Ita,https://www.discogs.com/release/3196834-Various-Le-120-Canzoni-Italiane-Più-Famose-Del-Secolo,,,"[{'field_id': 3, 'value': 'Solo Disco 10'}]"
Various,Signorinella,A3,,Le 120 Canzoni Italiane Più Famose Del Secolo,1980,Italy,Selezione Dal Reader's Digest,RDIS 123-(10),Vinyl / LP | Compilation || Box Set,"Pop, Classical, Folk, World, & Country","Chanson, Romantic, Folk",Comp. Ita,https://www.discogs.com/release/3196834-Various-Le-120-Canzoni-Italiane-Più-Famose-Del-Secolo,,,"[{'field_id': 3, 'value': 'Solo Disco 10'}]"
Various,Tango Della Gelosia,A4,,Le 120 Canzoni Italiane Più Famose Del Secolo,1980,Italy,Selezione Dal Reader's Digest,RDIS 123-(10),Vinyl / LP | Compilation || Box Set,"Pop, Classical, Folk, World, & Country","Chanson, Romantic, Folk",Comp. Ita,https://www.discogs.com/release/3196834-Various-Le-120-Canzoni-Italiane-Più-Famose-Del-Secolo,,,"[{'field_id': 3, 'value': 'Solo Disco 10'}]"
Various,Miniera,A5,,Le 120 Canzoni Italiane Più Famose Del Secolo,1980,Italy,Selezione Dal Reader's Digest,RDIS 123-(10),Vinyl / LP | Compilation || Box Set,"Pop, Classical, Folk, World, & Country","Chanson, Romantic, Folk",Comp. Ita,https://www.discogs.com/release/3196834-Various-Le-120-Canzoni-Italiane-Più-Famose-Del-Secolo,,,"[{'field_id': 3, 'value': 'Solo Disco 10'}]"
Various,Tango Delle Capinere,A6,,Le 120 Canzoni Italiane Più Famose Del Secolo,1980,Italy,Selezione Dal Reader's Digest,RDIS 123-(10),Vinyl / LP | Compilation || Box Set,"Pop, Classical, Folk, World, & Country","Chanson, Romantic, Folk",Comp. Ita,https://www.discogs.com/release/3196834-Various-Le-120-Canzoni-Italiane-Più-Famose-Del-Secolo,,,"[{'field_id': 3, 'value': 'Solo Disco 10'}]"
Various,-,,,Le 120 Canzoni Italiane Più Famose Del Secolo,1980,Italy,Selezione Dal Reader's Digest,RDIS 123-(10),Vinyl / LP | Compilation || Box Set,"Pop, Classical, Folk, World, & Country","Chanson, Romantic, Folk",Comp. Ita,https://www.discogs.com/release/3196834-Various-Le-120-Canzoni-Italiane-Più-Famose-Del-Secolo,,,"[{'field_id': 3, 'value': 'Solo Disco 10'}]"
Various,Mamma,B1,,Le 120 Canzoni Italiane Più Famose Del Secolo,1980,Italy,Selezione Dal Reader's Digest,RDIS 123-(10),Vinyl / LP | Compilation || Box Set,"Pop, Classical, Folk, World, & Country","Chanson, Romantic, Folk",Comp. Ita,https://www.discogs.com/release/3196834-Various-Le-120-Canzoni-Italiane-Più-Famose-Del-Secolo,,,"[{'field_id': 3, 'value': 'Solo Disco 10'}]"
Various,Spazzacamino,B2,,Le 120 Canzoni Italiane Più Famose Del Secolo,1980,Italy,Selezione Dal Reader's Digest,RDIS 123-(10),Vinyl / LP | Compilation || Box Set,"Pop, Classical, Folk, World, & Country","Chanson, Romantic, Folk",Comp. Ita,https://www.discogs.com/release/3196834-Various-Le-120-Canzoni-Italiane-Più-Famose-Del-Secolo,,,"[{'field_id': 3, 'value': 'Solo Disco 10'}]"
Various,Tu Non Mi Lascerai,B3,,Le 120 Canzoni Italiane Più Famose Del Secolo,1980,Italy,Selezione Dal Reader's Digest,RDIS 123-(10),Vinyl / LP | Compilation || Box Set,"Pop, Classical, Folk, World, & Country","Chanson, Romantic, Folk",Comp. Ita,https://www.discogs.com/release/3196834-Various-Le-120-Canzoni-Italiane-Più-Famose-Del-Secolo,,,"[{'field_id': 3, 'value': 'Solo Disco 10'}]"
Various,Violino Tzigano,B4,,Le 120 Canzoni Italiane Più Famose Del Secolo,1980,Italy,Selezione Dal Reader's Digest,RDIS 123-(10),Vinyl / LP | Compilation || Box Set,"Pop, Classical, Folk, World, & Country","Chanson, Romantic, Folk",Comp. Ita,https://www.discogs.com/release/3196834-Various-Le-120-Canzoni-Italiane-Più-Famose-Del-Secolo,,,"[{'field_id': 3, 'value': 'Solo Disco 10'}]"
Various,Tango Del Mare,B5,,Le 120 Canzoni Italiane Più Famose Del Secolo,1980,Italy,Selezione Dal Reader's Digest,RDIS 123-(10),Vinyl / LP | Compilation || Box Set,"Pop, Classical, Folk, World, & Country","Chanson, Romantic, Folk",Comp. Ita,https://www.discogs.com/release/3196834-Various-Le-120-Canzoni-Italiane-Più-Famose-Del-Secolo,,,"[{'field_id': 3, 'value': 'Solo Disco 10'}]"
Various,Vivere,B6,,Le 120 Canzoni Italiane Più Famose Del Secolo,1980,Italy,Selezione Dal Reader's Digest,RDIS 123-(10),Vinyl / LP | Compilation || Box Set,"Pop, Classical, Folk, World, & Country","Chanson, Romantic, Folk",Comp. Ita,https://www.discogs.com/release/3196834-Various-Le-120-Canzoni-Italiane-Più-Famose-Del-Secolo,,,"[{'field_id': 3, 'value': 'Solo Disco 10'}]"
Various,Disco 4 - Le Grandi Canzoni D'Amore,,,Le 120 Canzoni Italiane Più Famose Del Secolo,1980,Italy,Selezione Dal Reader's Digest,RDIS 123-(10),Vinyl / LP | Compilation || Box Set,"Pop, Classical, Folk, World, & Country","Chanson, Romantic, Folk",Comp. Ita,https://www.discogs.com/release/3196834-Various-Le-120-Canzoni-Italiane-Più-Famose-Del-Secolo,,,"[{'field_id': 3, 'value': 'Solo Disco 10'}]"
Various,Il Primo Amore,A1,,Le 120 Canzoni Italiane Più Famose Del Secolo,1980,Italy,Selezione Dal Reader's Digest,RDIS 123-(10),Vinyl / LP | Compilation || Box Set,"Pop, Classical, Folk, World, & Country","Chanson, Romantic, Folk",Comp. Ita,https://www.discogs.com/release/3196834-Various-Le-120-Canzoni-Italiane-Più-Famose-Del-Secolo,,,"[{'field_id': 3, 'value': 'Solo Disco 10'}]"
Various,Non Ti Scordar Di Me,A2,,Le 120 Canzoni Italiane Più Famose Del Secolo,1980,Italy,Selezione Dal Reader's Digest,RDIS 123-(10),Vinyl / LP | Compilation || Box Set,"Pop, Classical, Folk, World, & Country","Chanson, Romantic, Folk",Comp. Ita,https://www.discogs.com/release/3196834-Various-Le-120-Canzoni-Italiane-Più-Famose-Del-Secolo,,,"[{'field_id': 3, 'value': 'Solo Disco 10'}]"
Various,Tornerai,A3,,Le 120 Canzoni Italiane Più Famose Del Secolo,1980,Italy,Selezione Dal Reader's Digest,RDIS 123-(10),Vinyl / LP | Compilation || Box Set,"Pop, Classical, Folk, World, & Country","Chanson, Romantic, Folk",Comp. Ita,https://www.discogs.com/release/3196834-Various-Le-120-Canzoni-Italiane-Più-Famose-Del-Secolo,,,"[{'field_id': 3, 'value': 'Solo Disco 10'}]"
Various,Portami Tante Rose,A4,,Le 120 Canzoni Italiane Più Famose Del Secolo,1980,Italy,Selezione Dal Reader's Digest,RDIS 123-(10),Vinyl / LP | Compilation || Box Set,"Pop, Classical, Folk, World, & Country","Chanson, Romantic, Folk",Comp. Ita,https://www.discogs.com/release/3196834-Various-Le-120-Canzoni-Italiane-Più-Famose-Del-Secolo,,,"[{'field_id': 3, 'value': 'Solo Disco 10'}]"
Various,L'Edera ,A5,,Le 120 Canzoni Italiane Più Famose Del Secolo,1980,Italy,Selezione Dal Reader's Digest,RDIS 123-(10),Vinyl / LP | Compilation || Box Set,"Pop, Classical, Folk, World, & Country","Chanson, Romantic, Folk",Comp. Ita,https://www.discogs.com/release/3196834-Various-Le-120-Canzoni-Italiane-Più-Famose-Del-Secolo,,,"[{'field_id': 3, 'value': 'Solo Disco 10'}]"
Various,Core Negato,A6,,Le 120 Canzoni Italiane Più Famose Del Secolo,1980,Italy,Selezione Dal Reader's Digest,RDIS 123-(10),Vinyl / LP | Compilation || Box Set,"Pop, Classical, Folk, World, & Country","Chanson, Romantic, Folk",Comp. Ita,https://www.discogs.com/release/3196834-Various-Le-120-Canzoni-Italiane-Più-Famose-Del-Secolo,,,"[{'field_id': 3, 'value': 'Solo Disco 10'}]"
Various,-,,,Le 120 Canzoni Italiane Più Famose Del Secolo,1980,Italy,Selezione Dal Reader's Digest,RDIS 123-(10),Vinyl / LP | Compilation || Box Set,"Pop, Classical, Folk, World, & Country","Chanson, Romantic, Folk",Comp. Ita,https://www.discogs.com/release/3196834-Various-Le-120-Canzoni-Italiane-Più-Famose-Del-Secolo,,,"[{'field_id': 3, 'value': 'Solo Disco 10'}]"
Various,Un'Ora Sola Ti Vorrei,B1,,Le 120 Canzoni Italiane Più Famose Del Secolo,1980,Italy,Selezione Dal Reader's Digest,RDIS 123-(10),Vinyl / LP | Compilation || Box Set,"Pop, Classical, Folk, World, & Country","Chanson, Romantic, Folk",Comp. Ita,https://www.discogs.com/release/3196834-Various-Le-120-Canzoni-Italiane-Più-Famose-Del-Secolo,,,"[{'field_id': 3, 'value': 'Solo Disco 10'}]"
Various,Non Dimenticar Le Mie Parole,B2,,Le 120 Canzoni Italiane Più Famose Del Secolo,1980,Italy,Selezione Dal Reader's Digest,RDIS 123-(10),Vinyl / LP | Compilation || Box Set,"Pop, Classical, Folk, World, & Country","Chanson, Romantic, Folk",Comp. Ita,https://www.discogs.com/release/3196834-Various-Le-120-Canzoni-Italiane-Più-Famose-Del-Secolo,,,"[{'field_id': 3, 'value': 'Solo Disco 10'}]"
Various,Ma L'Amore No,B3,,Le 120 Canzoni Italiane Più Famose Del Secolo,1980,Italy,Selezione Dal Reader's Digest,RDIS 123-(10),Vinyl / LP | Compilation || Box Set,"Pop, Classical, Folk, World, & Country","Chanson, Romantic, Folk",Comp. Ita,https://www.discogs.com/release/3196834-Various-Le-120-Canzoni-Italiane-Più-Famose-Del-Secolo,,,"[{'field_id': 3, 'value': 'Solo Disco 10'}]"
Various,Serenata Celeste,B4,,Le 120 Canzoni Italiane Più Famose Del Secolo,1980,Italy,Selezione Dal Reader's Digest,RDIS 123-(10),Vinyl / LP | Compilation || Box Set,"Pop, Classical, Folk, World, & Country","Chanson, Romantic, Folk",Comp. Ita,https://www.discogs.com/release/3196834-Various-Le-120-Canzoni-Italiane-Più-Famose-Del-Secolo,,,"[{'field_id': 3, 'value': 'Solo Disco 10'}]"
Various,Parlami D'Amore Mariù,B5,,Le 120 Canzoni Italiane Più Famose Del Secolo,1980,Italy,Selezione Dal Reader's Digest,RDIS 123-(10),Vinyl / LP | Compilation || Box Set,"Pop, Classical, Folk, World, & Country","Chanson, Romantic, Folk",Comp. Ita,https://www.discogs.com/release/3196834-Various-Le-120-Canzoni-Italiane-Più-Famose-Del-Secolo,,,"[{'field_id': 3, 'value': 'Solo Disco 10'}]"
Various,Bambina Innamorata,B6,,Le 120 Canzoni Italiane Più Famose Del Secolo,1980,Italy,Selezione Dal Reader's Digest,RDIS 123-(10),Vinyl / LP | Compilation || Box Set,"Pop, Classical, Folk, World, & Country","Chanson, Romantic, Folk",Comp. Ita,https://www.discogs.com/release/3196834-Various-Le-120-Canzoni-Italiane-Più-Famose-Del-Secolo,,,"[{'field_id': 3, 'value': 'Solo Disco 10'}]"
Various,Disco 5 - Viaggio In Italia,,,Le 120 Canzoni Italiane Più Famose Del Secolo,1980,Italy,Selezione Dal Reader's Digest,RDIS 123-(10),Vinyl / LP | Compilation || Box Set,"Pop, Classical, Folk, World, & Country","Chanson, Romantic, Folk",Comp. Ita,https://www.discogs.com/release/3196834-Various-Le-120-Canzoni-Italiane-Più-Famose-Del-Secolo,,,"[{'field_id': 3, 'value': 'Solo Disco 10'}]"
Various,O Paese D' 'O Sole,A1,,Le 120 Canzoni Italiane Più Famose Del Secolo,1980,Italy,Selezione Dal Reader's Digest,RDIS 123-(10),Vinyl / LP | Compilation || Box Set,"Pop, Classical, Folk, World, & Country","Chanson, Romantic, Folk",Comp. Ita,https://www.discogs.com/release/3196834-Various-Le-120-Canzoni-Italiane-Più-Famose-Del-Secolo,,,"[{'field_id': 3, 'value': 'Solo Disco 10'}]"
Various,Ciao Turin,A2,,Le 120 Canzoni Italiane Più Famose Del Secolo,1980,Italy,Selezione Dal Reader's Digest,RDIS 123-(10),Vinyl / LP | Compilation || Box Set,"Pop, Classical, Folk, World, & Country","Chanson, Romantic, Folk",Comp. Ita,https://www.discogs.com/release/3196834-Various-Le-120-Canzoni-Italiane-Più-Famose-Del-Secolo,,,"[{'field_id': 3, 'value': 'Solo Disco 10'}]"
Various,La Biondina In Gondoleta,A3,,Le 120 Canzoni Italiane Più Famose Del Secolo,1980,Italy,Selezione Dal Reader's Digest,RDIS 123-(10),Vinyl / LP | Compilation || Box Set,"Pop, Classical, Folk, World, & Country","Chanson, Romantic, Folk",Comp. Ita,https://www.discogs.com/release/3196834-Various-Le-120-Canzoni-Italiane-Più-Famose-Del-Secolo,,,"[{'field_id': 3, 'value': 'Solo Disco 10'}]"
Various,La Madonina,A4,,Le 120 Canzoni Italiane Più Famose Del Secolo,1980,Italy,Selezione Dal Reader's Digest,RDIS 123-(10),Vinyl / LP | Compilation || Box Set,"Pop, Classical, Folk, World, & Country","Chanson, Romantic, Folk",Comp. Ita,https://www.discogs.com/release/3196834-Various-Le-120-Canzoni-Italiane-Più-Famose-Del-Secolo,,,"[{'field_id': 3, 'value': 'Solo Disco 10'}]"
Various,Sulla Carrozzella,A5,,Le 120 Canzoni Italiane Più Famose Del Secolo,1980,Italy,Selezione Dal Reader's Digest,RDIS 123-(10),Vinyl / LP | Compilation || Box Set,"Pop, Classical, Folk, World, & Country","Chanson, Romantic, Folk",Comp. Ita,https://www.discogs.com/release/3196834-Various-Le-120-Canzoni-Italiane-Più-Famose-Del-Secolo,,,"[{'field_id': 3, 'value': 'Solo Disco 10'}]"
Various,Chitarra Romana,A6,,Le 120 Canzoni Italiane Più Famose Del Secolo,1980,Italy,Selezione Dal Reader's Digest,RDIS 123-(10),Vinyl / LP | Compilation || Box Set,"Pop, Classical, Folk, World, & Country","Chanson, Romantic, Folk",Comp. Ita,https://www.discogs.com/release/3196834-Various-Le-120-Canzoni-Italiane-Più-Famose-Del-Secolo,,,"[{'field_id': 3, 'value': 'Solo Disco 10'}]"
Various,-,,,Le 120 Canzoni Italiane Più Famose Del Secolo,1980,Italy,Selezione Dal Reader's Digest,RDIS 123-(10),Vinyl / LP | Compilation || Box Set,"Pop, Classical, Folk, World, & Country","Chanson, Romantic, Folk",Comp. Ita,https://www.discogs.com/release/3196834-Various-Le-120-Canzoni-Italiane-Più-Famose-Del-Secolo,,,"[{'field_id': 3, 'value': 'Solo Disco 10'}]"
Various,Innamorati A Milano,B1,,Le 120 Canzoni Italiane Più Famose Del Secolo,1980,Italy,Selezione Dal Reader's Digest,RDIS 123-(10),Vinyl / LP | Compilation || Box Set,"Pop, Classical, Folk, World, & Country","Chanson, Romantic, Folk",Comp. Ita,https://www.discogs.com/release/3196834-Various-Le-120-Canzoni-Italiane-Più-Famose-Del-Secolo,,,"[{'field_id': 3, 'value': 'Solo Disco 10'}]"
Various,Love In Portofino,B2,,Le 120 Canzoni Italiane Più Famose Del Secolo,1980,Italy,Selezione Dal Reader's Digest,RDIS 123-(10),Vinyl / LP | Compilation || Box Set,"Pop, Classical, Folk, World, & Country","Chanson, Romantic, Folk",Comp. Ita,https://www.discogs.com/release/3196834-Various-Le-120-Canzoni-Italiane-Più-Famose-Del-Secolo,,,"[{'field_id': 3, 'value': 'Solo Disco 10'}]"
Various,Arrivederci Roma,B3,,Le 120 Canzoni Italiane Più Famose Del Secolo,1980,Italy,Selezione Dal Reader's Digest,RDIS 123-(10),Vinyl / LP | Compilation || Box Set,"Pop, Classical, Folk, World, & Country","Chanson, Romantic, Folk",Comp. Ita,https://www.discogs.com/release/3196834-Various-Le-120-Canzoni-Italiane-Più-Famose-Del-Secolo,,,"[{'field_id': 3, 'value': 'Solo Disco 10'}]"
Various,Addio Mia Bella Napoli,B4,,Le 120 Canzoni Italiane Più Famose Del Secolo,1980,Italy,Selezione Dal Reader's Digest,RDIS 123-(10),Vinyl / LP | Compilation || Box Set,"Pop, Classical, Folk, World, & Country","Chanson, Romantic, Folk",Comp. Ita,https://www.discogs.com/release/3196834-Various-Le-120-Canzoni-Italiane-Più-Famose-Del-Secolo,,,"[{'field_id': 3, 'value': 'Solo Disco 10'}]"
Various,Qui Sotto Il Cielo Di Capri,B5,,Le 120 Canzoni Italiane Più Famose Del Secolo,1980,Italy,Selezione Dal Reader's Digest,RDIS 123-(10),Vinyl / LP | Compilation || Box Set,"Pop, Classical, Folk, World, & Country","Chanson, Romantic, Folk",Comp. Ita,https://www.discogs.com/release/3196834-Various-Le-120-Canzoni-Italiane-Più-Famose-Del-Secolo,,,"[{'field_id': 3, 'value': 'Solo Disco 10'}]"
Various,Ciuri Ciuri ,B6,,Le 120 Canzoni Italiane Più Famose Del Secolo,1980,Italy,Selezione Dal Reader's Digest,RDIS 123-(10),Vinyl / LP | Compilation || Box Set,"Pop, Classical, Folk, World, & Country","Chanson, Romantic, Folk",Comp. Ita,https://www.discogs.com/release/3196834-Various-Le-120-Canzoni-Italiane-Più-Famose-Del-Secolo,,,"[{'field_id': 3, 'value': 'Solo Disco 10'}]"
Various,Disco 6 - Gli Anni Del Miracolo,,,Le 120 Canzoni Italiane Più Famose Del Secolo,1980,Italy,Selezione Dal Reader's Digest,RDIS 123-(10),Vinyl / LP | Compilation || Box Set,"Pop, Classical, Folk, World, & Country","Chanson, Romantic, Folk",Comp. Ita,https://www.discogs.com/release/3196834-Various-Le-120-Canzoni-Italiane-Più-Famose-Del-Secolo,,,"[{'field_id': 3, 'value': 'Solo Disco 10'}]"
Various,Reginella Campagnola,A1,,Le 120 Canzoni Italiane Più Famose Del Secolo,1980,Italy,Selezione Dal Reader's Digest,RDIS 123-(10),Vinyl / LP | Compilation || Box Set,"Pop, Classical, Folk, World, & Country","Chanson, Romantic, Folk",Comp. Ita,https://www.discogs.com/release/3196834-Various-Le-120-Canzoni-Italiane-Più-Famose-Del-Secolo,,,"[{'field_id': 3, 'value': 'Solo Disco 10'}]"
Various,Chella Lla,A2,,Le 120 Canzoni Italiane Più Famose Del Secolo,1980,Italy,Selezione Dal Reader's Digest,RDIS 123-(10),Vinyl / LP | Compilation || Box Set,"Pop, Classical, Folk, World, & Country","Chanson, Romantic, Folk",Comp. Ita,https://www.discogs.com/release/3196834-Various-Le-120-Canzoni-Italiane-Più-Famose-Del-Secolo,,,"[{'field_id': 3, 'value': 'Solo Disco 10'}]"
Various,Guaglione,A3,,Le 120 Canzoni Italiane Più Famose Del Secolo,1980,Italy,Selezione Dal Reader's Digest,RDIS 123-(10),Vinyl / LP | Compilation || Box Set,"Pop, Classical, Folk, World, & Country","Chanson, Romantic, Folk",Comp. Ita,https://www.discogs.com/release/3196834-Various-Le-120-Canzoni-Italiane-Più-Famose-Del-Secolo,,,"[{'field_id': 3, 'value': 'Solo Disco 10'}]"
Various,Nella Vecchia Fattoria,A4,,Le 120 Canzoni Italiane Più Famose Del Secolo,1980,Italy,Selezione Dal Reader's Digest,RDIS 123-(10),Vinyl / LP | Compilation || Box Set,"Pop, Classical, Folk, World, & Country","Chanson, Romantic, Folk",Comp. Ita,https://www.discogs.com/release/3196834-Various-Le-120-Canzoni-Italiane-Più-Famose-Del-Secolo,,,"[{'field_id': 3, 'value': 'Solo Disco 10'}]"
Various,Eri Piccola Così,A5,,Le 120 Canzoni Italiane Più Famose Del Secolo,1980,Italy,Selezione Dal Reader's Digest,RDIS 123-(10),Vinyl / LP | Compilation || Box Set,"Pop, Classical, Folk, World, & Country","Chanson, Romantic, Folk",Comp. Ita,https://www.discogs.com/release/3196834-Various-Le-120-Canzoni-Italiane-Più-Famose-Del-Secolo,,,"[{'field_id': 3, 'value': 'Solo Disco 10'}]"
Various,Scapricciatiello ,A6,,Le 120 Canzoni Italiane Più Famose Del Secolo,1980,Italy,Selezione Dal Reader's Digest,RDIS 123-(10),Vinyl / LP | Compilation || Box Set,"Pop, Classical, Folk, World, & Country","Chanson, Romantic, Folk",Comp. Ita,https://www.discogs.com/release/3196834-Various-Le-120-Canzoni-Italiane-Più-Famose-Del-Secolo,,,"[{'field_id': 3, 'value': 'Solo Disco 10'}]"
Various,-,,,Le 120 Canzoni Italiane Più Famose Del Secolo,1980,Italy,Selezione Dal Reader's Digest,RDIS 123-(10),Vinyl / LP | Compilation || Box Set,"Pop, Classical, Folk, World, & Country","Chanson, Romantic, Folk",Comp. Ita,https://www.discogs.com/release/3196834-Various-Le-120-Canzoni-Italiane-Più-Famose-Del-Secolo,,,"[{'field_id': 3, 'value': 'Solo Disco 10'}]"
Various,Grazie Dei Fior,B1,,Le 120 Canzoni Italiane Più Famose Del Secolo,1980,Italy,Selezione Dal Reader's Digest,RDIS 123-(10),Vinyl / LP | Compilation || Box Set,"Pop, Classical, Folk, World, & Country","Chanson, Romantic, Folk",Comp. Ita,https://www.discogs.com/release/3196834-Various-Le-120-Canzoni-Italiane-Più-Famose-Del-Secolo,,,"[{'field_id': 3, 'value': 'Solo Disco 10'}]"
Various,La Più Bella Del Mondo,B2,,Le 120 Canzoni Italiane Più Famose Del Secolo,1980,Italy,Selezione Dal Reader's Digest,RDIS 123-(10),Vinyl / LP | Compilation || Box Set,"Pop, Classical, Folk, World, & Country","Chanson, Romantic, Folk",Comp. Ita,https://www.discogs.com/release/3196834-Various-Le-120-Canzoni-Italiane-Più-Famose-Del-Secolo,,,"[{'field_id': 3, 'value': 'Solo Disco 10'}]"
Various,Scalinatella,B3,,Le 120 Canzoni Italiane Più Famose Del Secolo,1980,Italy,Selezione Dal Reader's Digest,RDIS 123-(10),Vinyl / LP | Compilation || Box Set,"Pop, Classical, Folk, World, & Country","Chanson, Romantic, Folk",Comp. Ita,https://www.discogs.com/release/3196834-Various-Le-120-Canzoni-Italiane-Più-Famose-Del-Secolo,,,"[{'field_id': 3, 'value': 'Solo Disco 10'}]"
Various,Piccolissima Serenata,B4,,Le 120 Canzoni Italiane Più Famose Del Secolo,1980,Italy,Selezione Dal Reader's Digest,RDIS 123-(10),Vinyl / LP | Compilation || Box Set,"Pop, Classical, Folk, World, & Country","Chanson, Romantic, Folk",Comp. Ita,https://www.discogs.com/release/3196834-Various-Le-120-Canzoni-Italiane-Più-Famose-Del-Secolo,,,"[{'field_id': 3, 'value': 'Solo Disco 10'}]"
Various,Marina,B5,,Le 120 Canzoni Italiane Più Famose Del Secolo,1980,Italy,Selezione Dal Reader's Digest,RDIS 123-(10),Vinyl / LP | Compilation || Box Set,"Pop, Classical, Folk, World, & Country","Chanson, Romantic, Folk",Comp. Ita,https://www.discogs.com/release/3196834-Various-Le-120-Canzoni-Italiane-Più-Famose-Del-Secolo,,,"[{'field_id': 3, 'value': 'Solo Disco 10'}]"
Various,Vecchio Frack,B6,,Le 120 Canzoni Italiane Più Famose Del Secolo,1980,Italy,Selezione Dal Reader's Digest,RDIS 123-(10),Vinyl / LP | Compilation || Box Set,"Pop, Classical, Folk, World, & Country","Chanson, Romantic, Folk",Comp. Ita,https://www.discogs.com/release/3196834-Various-Le-120-Canzoni-Italiane-Più-Famose-Del-Secolo,,,"[{'field_id': 3, 'value': 'Solo Disco 10'}]"
Various,Disco 7 - L'Età Del Juke Box,,,Le 120 Canzoni Italiane Più Famose Del Secolo,1980,Italy,Selezione Dal Reader's Digest,RDIS 123-(10),Vinyl / LP | Compilation || Box Set,"Pop, Classical, Folk, World, & Country","Chanson, Romantic, Folk",Comp. Ita,https://www.discogs.com/release/3196834-Various-Le-120-Canzoni-Italiane-Più-Famose-Del-Secolo,,,"[{'field_id': 3, 'value': 'Solo Disco 10'}]"
Various,Come Prima,A1,,Le 120 Canzoni Italiane Più Famose Del Secolo,1980,Italy,Selezione Dal Reader's Digest,RDIS 123-(10),Vinyl / LP | Compilation || Box Set,"Pop, Classical, Folk, World, & Country","Chanson, Romantic, Folk",Comp. Ita,https://www.discogs.com/release/3196834-Various-Le-120-Canzoni-Italiane-Più-Famose-Del-Secolo,,,"[{'field_id': 3, 'value': 'Solo Disco 10'}]"
Various,"Piove (Ciao, Ciao Bambina)",A2,,Le 120 Canzoni Italiane Più Famose Del Secolo,1980,Italy,Selezione Dal Reader's Digest,RDIS 123-(10),Vinyl / LP | Compilation || Box Set,"Pop, Classical, Folk, World, & Country","Chanson, Romantic, Folk",Comp. Ita,https://www.discogs.com/release/3196834-Various-Le-120-Canzoni-Italiane-Più-Famose-Del-Secolo,,,"[{'field_id': 3, 'value': 'Solo Disco 10'}]"
Various,Al Di La,A3,,Le 120 Canzoni Italiane Più Famose Del Secolo,1980,Italy,Selezione Dal Reader's Digest,RDIS 123-(10),Vinyl / LP | Compilation || Box Set,"Pop, Classical, Folk, World, & Country","Chanson, Romantic, Folk",Comp. Ita,https://www.discogs.com/release/3196834-Various-Le-120-Canzoni-Italiane-Più-Famose-Del-Secolo,,,"[{'field_id': 3, 'value': 'Solo Disco 10'}]"
Various,Roberta,A4,,Le 120 Canzoni Italiane Più Famose Del Secolo,1980,Italy,Selezione Dal Reader's Digest,RDIS 123-(10),Vinyl / LP | Compilation || Box Set,"Pop, Classical, Folk, World, & Country","Chanson, Romantic, Folk",Comp. Ita,https://www.discogs.com/release/3196834-Various-Le-120-Canzoni-Italiane-Più-Famose-Del-Secolo,,,"[{'field_id': 3, 'value': 'Solo Disco 10'}]"
Various,Tintarella Di Luna,A5,,Le 120 Canzoni Italiane Più Famose Del Secolo,1980,Italy,Selezione Dal Reader's Digest,RDIS 123-(10),Vinyl / LP | Compilation || Box Set,"Pop, Classical, Folk, World, & Country","Chanson, Romantic, Folk",Comp. Ita,https://www.discogs.com/release/3196834-Various-Le-120-Canzoni-Italiane-Più-Famose-Del-Secolo,,,"[{'field_id': 3, 'value': 'Solo Disco 10'}]"
Various,Cuore,A6,,Le 120 Canzoni Italiane Più Famose Del Secolo,1980,Italy,Selezione Dal Reader's Digest,RDIS 123-(10),Vinyl / LP | Compilation || Box Set,"Pop, Classical, Folk, World, & Country","Chanson, Romantic, Folk",Comp. Ita,https://www.discogs.com/release/3196834-Various-Le-120-Canzoni-Italiane-Più-Famose-Del-Secolo,,,"[{'field_id': 3, 'value': 'Solo Disco 10'}]"
Various,-,,,Le 120 Canzoni Italiane Più Famose Del Secolo,1980,Italy,Selezione Dal Reader's Digest,RDIS 123-(10),Vinyl / LP | Compilation || Box Set,"Pop, Classical, Folk, World, & Country","Chanson, Romantic, Folk",Comp. Ita,https://www.discogs.com/release/3196834-Various-Le-120-Canzoni-Italiane-Più-Famose-Del-Secolo,,,"[{'field_id': 3, 'value': 'Solo Disco 10'}]"
Various,Saint Tropez Twist,B1,,Le 120 Canzoni Italiane Più Famose Del Secolo,1980,Italy,Selezione Dal Reader's Digest,RDIS 123-(10),Vinyl / LP | Compilation || Box Set,"Pop, Classical, Folk, World, & Country","Chanson, Romantic, Folk",Comp. Ita,https://www.discogs.com/release/3196834-Various-Le-120-Canzoni-Italiane-Più-Famose-Del-Secolo,,,"[{'field_id': 3, 'value': 'Solo Disco 10'}]"
Various,Il Cielo In Una Stanza,B2,,Le 120 Canzoni Italiane Più Famose Del Secolo,1980,Italy,Selezione Dal Reader's Digest,RDIS 123-(10),Vinyl / LP | Compilation || Box Set,"Pop, Classical, Folk, World, & Country","Chanson, Romantic, Folk",Comp. Ita,https://www.discogs.com/release/3196834-Various-Le-120-Canzoni-Italiane-Più-Famose-Del-Secolo,,,"[{'field_id': 3, 'value': 'Solo Disco 10'}]"
Various,Abbracciami Forte,B3,,Le 120 Canzoni Italiane Più Famose Del Secolo,1980,Italy,Selezione Dal Reader's Digest,RDIS 123-(10),Vinyl / LP | Compilation || Box Set,"Pop, Classical, Folk, World, & Country","Chanson, Romantic, Folk",Comp. Ita,https://www.discogs.com/release/3196834-Various-Le-120-Canzoni-Italiane-Più-Famose-Del-Secolo,,,"[{'field_id': 3, 'value': 'Solo Disco 10'}]"
Various,Se Stasera Sono Qui,B4,,Le 120 Canzoni Italiane Più Famose Del Secolo,1980,Italy,Selezione Dal Reader's Digest,RDIS 123-(10),Vinyl / LP | Compilation || Box Set,"Pop, Classical, Folk, World, & Country","Chanson, Romantic, Folk",Comp. Ita,https://www.discogs.com/release/3196834-Various-Le-120-Canzoni-Italiane-Più-Famose-Del-Secolo,,,"[{'field_id': 3, 'value': 'Solo Disco 10'}]"
Various,Non Ho L'Eta,B5,,Le 120 Canzoni Italiane Più Famose Del Secolo,1980,Italy,Selezione Dal Reader's Digest,RDIS 123-(10),Vinyl / LP | Compilation || Box Set,"Pop, Classical, Folk, World, & Country","Chanson, Romantic, Folk",Comp. Ita,https://www.discogs.com/release/3196834-Various-Le-120-Canzoni-Italiane-Più-Famose-Del-Secolo,,,"[{'field_id': 3, 'value': 'Solo Disco 10'}]"
Various,In Ginocchio Da Te,B6,,Le 120 Canzoni Italiane Più Famose Del Secolo,1980,Italy,Selezione Dal Reader's Digest,RDIS 123-(10),Vinyl / LP | Compilation || Box Set,"Pop, Classical, Folk, World, & Country","Chanson, Romantic, Folk",Comp. Ita,https://www.discogs.com/release/3196834-Various-Le-120-Canzoni-Italiane-Più-Famose-Del-Secolo,,,"[{'field_id': 3, 'value': 'Solo Disco 10'}]"
Various,Disco 8 - Omaggio Ai Cantautori,,,Le 120 Canzoni Italiane Più Famose Del Secolo,1980,Italy,Selezione Dal Reader's Digest,RDIS 123-(10),Vinyl / LP | Compilation || Box Set,"Pop, Classical, Folk, World, & Country","Chanson, Romantic, Folk",Comp. Ita,https://www.discogs.com/release/3196834-Various-Le-120-Canzoni-Italiane-Più-Famose-Del-Secolo,,,"[{'field_id': 3, 'value': 'Solo Disco 10'}]"
Various,Volare (Nel Blu Dipinto Di Blu),A1,,Le 120 Canzoni Italiane Più Famose Del Secolo,1980,Italy,Selezione Dal Reader's Digest,RDIS 123-(10),Vinyl / LP | Compilation || Box Set,"Pop, Classical, Folk, World, & Country","Chanson, Romantic, Folk",Comp. Ita,https://www.discogs.com/release/3196834-Various-Le-120-Canzoni-Italiane-Più-Famose-Del-Secolo,,,"[{'field_id': 3, 'value': 'Solo Disco 10'}]"
Various,Arrivederci,A2,,Le 120 Canzoni Italiane Più Famose Del Secolo,1980,Italy,Selezione Dal Reader's Digest,RDIS 123-(10),Vinyl / LP | Compilation || Box Set,"Pop, Classical, Folk, World, & Country","Chanson, Romantic, Folk",Comp. Ita,https://www.discogs.com/release/3196834-Various-Le-120-Canzoni-Italiane-Più-Famose-Del-Secolo,,,"[{'field_id': 3, 'value': 'Solo Disco 10'}]"
Various,Come Sinfonia,A3,,Le 120 Canzoni Italiane Più Famose Del Secolo,1980,Italy,Selezione Dal Reader's Digest,RDIS 123-(10),Vinyl / LP | Compilation || Box Set,"Pop, Classical, Folk, World, & Country","Chanson, Romantic, Folk",Comp. Ita,https://www.discogs.com/release/3196834-Various-Le-120-Canzoni-Italiane-Più-Famose-Del-Secolo,,,"[{'field_id': 3, 'value': 'Solo Disco 10'}]"
Various,Io Che Amo Solo Te,A4,,Le 120 Canzoni Italiane Più Famose Del Secolo,1980,Italy,Selezione Dal Reader's Digest,RDIS 123-(10),Vinyl / LP | Compilation || Box Set,"Pop, Classical, Folk, World, & Country","Chanson, Romantic, Folk",Comp. Ita,https://www.discogs.com/release/3196834-Various-Le-120-Canzoni-Italiane-Più-Famose-Del-Secolo,,,"[{'field_id': 3, 'value': 'Solo Disco 10'}]"
Various,Legata A Un Granello Di Sabbia,A5,,Le 120 Canzoni Italiane Più Famose Del Secolo,1980,Italy,Selezione Dal Reader's Digest,RDIS 123-(10),Vinyl / LP | Compilation || Box Set,"Pop, Classical, Folk, World, & Country","Chanson, Romantic, Folk",Comp. Ita,https://www.discogs.com/release/3196834-Various-Le-120-Canzoni-Italiane-Più-Famose-Del-Secolo,,,"[{'field_id': 3, 'value': 'Solo Disco 10'}]"
Various,Sapore Di Sale,A6,,Le 120 Canzoni Italiane Più Famose Del Secolo,1980,Italy,Selezione Dal Reader's Digest,RDIS 123-(10),Vinyl / LP | Compilation || Box Set,"Pop, Classical, Folk, World, & Country","Chanson, Romantic, Folk",Comp. Ita,https://www.discogs.com/release/3196834-Various-Le-120-Canzoni-Italiane-Più-Famose-Del-Secolo,,,"[{'field_id': 3, 'value': 'Solo Disco 10'}]"
Various,-,,,Le 120 Canzoni Italiane Più Famose Del Secolo,1980,Italy,Selezione Dal Reader's Digest,RDIS 123-(10),Vinyl / LP | Compilation || Box Set,"Pop, Classical, Folk, World, & Country","Chanson, Romantic, Folk",Comp. Ita,https://www.discogs.com/release/3196834-Various-Le-120-Canzoni-Italiane-Più-Famose-Del-Secolo,,,"[{'field_id': 3, 'value': 'Solo Disco 10'}]"
Various,Quando Quando Quando,B1,,Le 120 Canzoni Italiane Più Famose Del Secolo,1980,Italy,Selezione Dal Reader's Digest,RDIS 123-(10),Vinyl / LP | Compilation || Box Set,"Pop, Classical, Folk, World, & Country","Chanson, Romantic, Folk",Comp. Ita,https://www.discogs.com/release/3196834-Various-Le-120-Canzoni-Italiane-Più-Famose-Del-Secolo,,,"[{'field_id': 3, 'value': 'Solo Disco 10'}]"
Various,Ritornerai,B2,,Le 120 Canzoni Italiane Più Famose Del Secolo,1980,Italy,Selezione Dal Reader's Digest,RDIS 123-(10),Vinyl / LP | Compilation || Box Set,"Pop, Classical, Folk, World, & Country","Chanson, Romantic, Folk",Comp. Ita,https://www.discogs.com/release/3196834-Various-Le-120-Canzoni-Italiane-Più-Famose-Del-Secolo,,,"[{'field_id': 3, 'value': 'Solo Disco 10'}]"
Various,4 Marzo 1943,B3,,Le 120 Canzoni Italiane Più Famose Del Secolo,1980,Italy,Selezione Dal Reader's Digest,RDIS 123-(10),Vinyl / LP | Compilation || Box Set,"Pop, Classical, Folk, World, & Country","Chanson, Romantic, Folk",Comp. Ita,https://www.discogs.com/release/3196834-Various-Le-120-Canzoni-Italiane-Più-Famose-Del-Secolo,,,"[{'field_id': 3, 'value': 'Solo Disco 10'}]"
Various,Questo Piccolo Grande Amore,B4,,Le 120 Canzoni Italiane Più Famose Del Secolo,1980,Italy,Selezione Dal Reader's Digest,RDIS 123-(10),Vinyl / LP | Compilation || Box Set,"Pop, Classical, Folk, World, & Country","Chanson, Romantic, Folk",Comp. Ita,https://www.discogs.com/release/3196834-Various-Le-120-Canzoni-Italiane-Più-Famose-Del-Secolo,,,"[{'field_id': 3, 'value': 'Solo Disco 10'}]"
Various,Alice,B5,,Le 120 Canzoni Italiane Più Famose Del Secolo,1980,Italy,Selezione Dal Reader's Digest,RDIS 123-(10),Vinyl / LP | Compilation || Box Set,"Pop, Classical, Folk, World, & Country","Chanson, Romantic, Folk",Comp. Ita,https://www.discogs.com/release/3196834-Various-Le-120-Canzoni-Italiane-Più-Famose-Del-Secolo,,,"[{'field_id': 3, 'value': 'Solo Disco 10'}]"
Various,Gianna,B6,,Le 120 Canzoni Italiane Più Famose Del Secolo,1980,Italy,Selezione Dal Reader's Digest,RDIS 123-(10),Vinyl / LP | Compilation || Box Set,"Pop, Classical, Folk, World, & Country","Chanson, Romantic, Folk",Comp. Ita,https://www.discogs.com/release/3196834-Various-Le-120-Canzoni-Italiane-Più-Famose-Del-Secolo,,,"[{'field_id': 3, 'value': 'Solo Disco 10'}]"
Various,Disco 9 - ... Eppure È Sempre Amore,,,Le 120 Canzoni Italiane Più Famose Del Secolo,1980,Italy,Selezione Dal Reader's Digest,RDIS 123-(10),Vinyl / LP | Compilation || Box Set,"Pop, Classical, Folk, World, & Country","Chanson, Romantic, Folk",Comp. Ita,https://www.discogs.com/release/3196834-Various-Le-120-Canzoni-Italiane-Più-Famose-Del-Secolo,,,"[{'field_id': 3, 'value': 'Solo Disco 10'}]"
Various,Non Arrossire,A1,,Le 120 Canzoni Italiane Più Famose Del Secolo,1980,Italy,Selezione Dal Reader's Digest,RDIS 123-(10),Vinyl / LP | Compilation || Box Set,"Pop, Classical, Folk, World, & Country","Chanson, Romantic, Folk",Comp. Ita,https://www.discogs.com/release/3196834-Various-Le-120-Canzoni-Italiane-Più-Famose-Del-Secolo,,,"[{'field_id': 3, 'value': 'Solo Disco 10'}]"
Various,Tu Si Na Cosa Grande,A2,,Le 120 Canzoni Italiane Più Famose Del Secolo,1980,Italy,Selezione Dal Reader's Digest,RDIS 123-(10),Vinyl / LP | Compilation || Box Set,"Pop, Classical, Folk, World, & Country","Chanson, Romantic, Folk",Comp. Ita,https://www.discogs.com/release/3196834-Various-Le-120-Canzoni-Italiane-Più-Famose-Del-Secolo,,,"[{'field_id': 3, 'value': 'Solo Disco 10'}]"
Various,Nessuno Al Mondo,A3,,Le 120 Canzoni Italiane Più Famose Del Secolo,1980,Italy,Selezione Dal Reader's Digest,RDIS 123-(10),Vinyl / LP | Compilation || Box Set,"Pop, Classical, Folk, World, & Country","Chanson, Romantic, Folk",Comp. Ita,https://www.discogs.com/release/3196834-Various-Le-120-Canzoni-Italiane-Più-Famose-Del-Secolo,,,"[{'field_id': 3, 'value': 'Solo Disco 10'}]"
Various,Romantica,A4,,Le 120 Canzoni Italiane Più Famose Del Secolo,1980,Italy,Selezione Dal Reader's Digest,RDIS 123-(10),Vinyl / LP | Compilation || Box Set,"Pop, Classical, Folk, World, & Country","Chanson, Romantic, Folk",Comp. Ita,https://www.discogs.com/release/3196834-Various-Le-120-Canzoni-Italiane-Più-Famose-Del-Secolo,,,"[{'field_id': 3, 'value': 'Solo Disco 10'}]"
Various,Le Colline Sono In Fiore,A5,,Le 120 Canzoni Italiane Più Famose Del Secolo,1980,Italy,Selezione Dal Reader's Digest,RDIS 123-(10),Vinyl / LP | Compilation || Box Set,"Pop, Classical, Folk, World, & Country","Chanson, Romantic, Folk",Comp. Ita,https://www.discogs.com/release/3196834-Various-Le-120-Canzoni-Italiane-Più-Famose-Del-Secolo,,,"[{'field_id': 3, 'value': 'Solo Disco 10'}]"
Various,Nel Sole,A6,,Le 120 Canzoni Italiane Più Famose Del Secolo,1980,Italy,Selezione Dal Reader's Digest,RDIS 123-(10),Vinyl / LP | Compilation || Box Set,"Pop, Classical, Folk, World, & Country","Chanson, Romantic, Folk",Comp. Ita,https://www.discogs.com/release/3196834-Various-Le-120-Canzoni-Italiane-Più-Famose-Del-Secolo,,,"[{'field_id': 3, 'value': 'Solo Disco 10'}]"
Various,-,,,Le 120 Canzoni Italiane Più Famose Del Secolo,1980,Italy,Selezione Dal Reader's Digest,RDIS 123-(10),Vinyl / LP | Compilation || Box Set,"Pop, Classical, Folk, World, & Country","Chanson, Romantic, Folk",Comp. Ita,https://www.discogs.com/release/3196834-Various-Le-120-Canzoni-Italiane-Più-Famose-Del-Secolo,,,"[{'field_id': 3, 'value': 'Solo Disco 10'}]"
Various,Senza Fine,B1,,Le 120 Canzoni Italiane Più Famose Del Secolo,1980,Italy,Selezione Dal Reader's Digest,RDIS 123-(10),Vinyl / LP | Compilation || Box Set,"Pop, Classical, Folk, World, & Country","Chanson, Romantic, Folk",Comp. Ita,https://www.discogs.com/release/3196834-Various-Le-120-Canzoni-Italiane-Più-Famose-Del-Secolo,,,"[{'field_id': 3, 'value': 'Solo Disco 10'}]"
Various,Io Che Non Vivo Senza Te,B2,,Le 120 Canzoni Italiane Più Famose Del Secolo,1980,Italy,Selezione Dal Reader's Digest,RDIS 123-(10),Vinyl / LP | Compilation || Box Set,"Pop, Classical, Folk, World, & Country","Chanson, Romantic, Folk",Comp. Ita,https://www.discogs.com/release/3196834-Various-Le-120-Canzoni-Italiane-Più-Famose-Del-Secolo,,,"[{'field_id': 3, 'value': 'Solo Disco 10'}]"
Various,La Canzone Di Marinella,B3,,Le 120 Canzoni Italiane Più Famose Del Secolo,1980,Italy,Selezione Dal Reader's Digest,RDIS 123-(10),Vinyl / LP | Compilation || Box Set,"Pop, Classical, Folk, World, & Country","Chanson, Romantic, Folk",Comp. Ita,https://www.discogs.com/release/3196834-Various-Le-120-Canzoni-Italiane-Più-Famose-Del-Secolo,,,"[{'field_id': 3, 'value': 'Solo Disco 10'}]"
Various,E Penso A Te,B4,,Le 120 Canzoni Italiane Più Famose Del Secolo,1980,Italy,Selezione Dal Reader's Digest,RDIS 123-(10),Vinyl / LP | Compilation || Box Set,"Pop, Classical, Folk, World, & Country","Chanson, Romantic, Folk",Comp. Ita,https://www.discogs.com/release/3196834-Various-Le-120-Canzoni-Italiane-Più-Famose-Del-Secolo,,,"[{'field_id': 3, 'value': 'Solo Disco 10'}]"
Various,La Mia Serenata,B5,,Le 120 Canzoni Italiane Più Famose Del Secolo,1980,Italy,Selezione Dal Reader's Digest,RDIS 123-(10),Vinyl / LP | Compilation || Box Set,"Pop, Classical, Folk, World, & Country","Chanson, Romantic, Folk",Comp. Ita,https://www.discogs.com/release/3196834-Various-Le-120-Canzoni-Italiane-Più-Famose-Del-Secolo,,,"[{'field_id': 3, 'value': 'Solo Disco 10'}]"
Various,Che Sarà,B6,,Le 120 Canzoni Italiane Più Famose Del Secolo,1980,Italy,Selezione Dal Reader's Digest,RDIS 123-(10),Vinyl / LP | Compilation || Box Set,"Pop, Classical, Folk, World, & Country","Chanson, Romantic, Folk",Comp. Ita,https://www.discogs.com/release/3196834-Various-Le-120-Canzoni-Italiane-Più-Famose-Del-Secolo,,,"[{'field_id': 3, 'value': 'Solo Disco 10'}]"
Various,Disco 10 - La Musica Giovane,,,Le 120 Canzoni Italiane Più Famose Del Secolo,1980,Italy,Selezione Dal Reader's Digest,RDIS 123-(10),Vinyl / LP | Compilation || Box Set,"Pop, Classical, Folk, World, & Country","Chanson, Romantic, Folk",Comp. Ita,https://www.discogs.com/release/3196834-Various-Le-120-Canzoni-Italiane-Più-Famose-Del-Secolo,,,"[{'field_id': 3, 'value': 'Solo Disco 10'}]"
Various,Pazza Idea,A1,,Le 120 Canzoni Italiane Più Famose Del Secolo,1980,Italy,Selezione Dal Reader's Digest,RDIS 123-(10),Vinyl / LP | Compilation || Box Set,"Pop, Classical, Folk, World, & Country","Chanson, Romantic, Folk",Comp. Ita,https://www.discogs.com/release/3196834-Various-Le-120-Canzoni-Italiane-Più-Famose-Del-Secolo,,,"[{'field_id': 3, 'value': 'Solo Disco 10'}]"
Various,Amore Caro Amore Bello,A2,,Le 120 Canzoni Italiane Più Famose Del Secolo,1980,Italy,Selezione Dal Reader's Digest,RDIS 123-(10),Vinyl / LP | Compilation || Box Set,"Pop, Classical, Folk, World, & Country","Chanson, Romantic, Folk",Comp. Ita,https://www.discogs.com/release/3196834-Various-Le-120-Canzoni-Italiane-Più-Famose-Del-Secolo,,,"[{'field_id': 3, 'value': 'Solo Disco 10'}]"
Various,Sempre,A3,,Le 120 Canzoni Italiane Più Famose Del Secolo,1980,Italy,Selezione Dal Reader's Digest,RDIS 123-(10),Vinyl / LP | Compilation || Box Set,"Pop, Classical, Folk, World, & Country","Chanson, Romantic, Folk",Comp. Ita,https://www.discogs.com/release/3196834-Various-Le-120-Canzoni-Italiane-Più-Famose-Del-Secolo,,,"[{'field_id': 3, 'value': 'Solo Disco 10'}]"
Various,Margherita,A4,,Le 120 Canzoni Italiane Più Famose Del Secolo,1980,Italy,Selezione Dal Reader's Digest,RDIS 123-(10),Vinyl / LP | Compilation || Box Set,"Pop, Classical, Folk, World, & Country","Chanson, Romantic, Folk",Comp. Ita,https://www.discogs.com/release/3196834-Various-Le-120-Canzoni-Italiane-Più-Famose-Del-Secolo,,,"[{'field_id': 3, 'value': 'Solo Disco 10'}]"
Various,Per Un'Ora D'Amore,A5,,Le 120 Canzoni Italiane Più Famose Del Secolo,1980,Italy,Selezione Dal Reader's Digest,RDIS 123-(10),Vinyl / LP | Compilation || Box Set,"Pop, Classical, Folk, World, & Country","Chanson, Romantic, Folk",Comp. Ita,https://www.discogs.com/release/3196834-Various-Le-120-Canzoni-Italiane-Più-Famose-Del-Secolo,,,"[{'field_id': 3, 'value': 'Solo Disco 10'}]"
Various,Ricominciamo,A6,,Le 120 Canzoni Italiane Più Famose Del Secolo,1980,Italy,Selezione Dal Reader's Digest,RDIS 123-(10),Vinyl / LP | Compilation || Box Set,"Pop, Classical, Folk, World, & Country","Chanson, Romantic, Folk",Comp. Ita,https://www.discogs.com/release/3196834-Various-Le-120-Canzoni-Italiane-Più-Famose-Del-Secolo,,,"[{'field_id': 3, 'value': 'Solo Disco 10'}]"
Various,-,,,Le 120 Canzoni Italiane Più Famose Del Secolo,1980,Italy,Selezione Dal Reader's Digest,RDIS 123-(10),Vinyl / LP | Compilation || Box Set,"Pop, Classical, Folk, World, & Country","Chanson, Romantic, Folk",Comp. Ita,https://www.discogs.com/release/3196834-Various-Le-120-Canzoni-Italiane-Più-Famose-Del-Secolo,,,"[{'field_id': 3, 'value': 'Solo Disco 10'}]"
Various,Ti Amo,B1,,Le 120 Canzoni Italiane Più Famose Del Secolo,1980,Italy,Selezione Dal Reader's Digest,RDIS 123-(10),Vinyl / LP | Compilation || Box Set,"Pop, Classical, Folk, World, & Country","Chanson, Romantic, Folk",Comp. Ita,https://www.discogs.com/release/3196834-Various-Le-120-Canzoni-Italiane-Più-Famose-Del-Secolo,,,"[{'field_id': 3, 'value': 'Solo Disco 10'}]"
Various,Sei Bellissima,B2,,Le 120 Canzoni Italiane Più Famose Del Secolo,1980,Italy,Selezione Dal Reader's Digest,RDIS 123-(10),Vinyl / LP | Compilation || Box Set,"Pop, Classical, Folk, World, & Country","Chanson, Romantic, Folk",Comp. Ita,https://www.discogs.com/release/3196834-Various-Le-120-Canzoni-Italiane-Più-Famose-Del-Secolo,,,"[{'field_id': 3, 'value': 'Solo Disco 10'}]"
Various,Più Ci Penso,B3,,Le 120 Canzoni Italiane Più Famose Del Secolo,1980,Italy,Selezione Dal Reader's Digest,RDIS 123-(10),Vinyl / LP | Compilation || Box Set,"Pop, Classical, Folk, World, & Country","Chanson, Romantic, Folk",Comp. Ita,https://www.discogs.com/release/3196834-Various-Le-120-Canzoni-Italiane-Più-Famose-Del-Secolo,,,"[{'field_id': 3, 'value': 'Solo Disco 10'}]"
Various,Mi Vendo,B4,,Le 120 Canzoni Italiane Più Famose Del Secolo,1980,Italy,Selezione Dal Reader's Digest,RDIS 123-(10),Vinyl / LP | Compilation || Box Set,"Pop, Classical, Folk, World, & Country","Chanson, Romantic, Folk",Comp. Ita,https://www.discogs.com/release/3196834-Various-Le-120-Canzoni-Italiane-Più-Famose-Del-Secolo,,,"[{'field_id': 3, 'value': 'Solo Disco 10'}]"
Various,Tu Sei L'Unica Donna Per Me,B5,,Le 120 Canzoni Italiane Più Famose Del Secolo,1980,Italy,Selezione Dal Reader's Digest,RDIS 123-(10),Vinyl / LP | Compilation || Box Set,"Pop, Classical, Folk, World, & Country","Chanson, Romantic, Folk",Comp. Ita,https://www.discogs.com/release/3196834-Various-Le-120-Canzoni-Italiane-Più-Famose-Del-Secolo,,,"[{'field_id': 3, 'value': 'Solo Disco 10'}]"
Various,Splendido Splendente ,B6,,Le 120 Canzoni Italiane Più Famose Del Secolo,1980,Italy,Selezione Dal Reader's Digest,RDIS 123-(10),Vinyl / LP | Compilation || Box Set,"Pop, Classical, Folk, World, & Country","Chanson, Romantic, Folk",Comp. Ita,https://www.discogs.com/release/3196834-Various-Le-120-Canzoni-Italiane-Più-Famose-Del-Secolo,,,"[{'field_id': 3, 'value': 'Solo Disco 10'}]"
Various,Coniglietto,A1,,Successi Caldi,0,Italy,Variety (2),REL-ST 19332,Vinyl / LP,Pop,Chanson,Comp. Ita,https://www.discogs.com/release/7377433-Various-Successi-Caldi,,,
Various,Tonight's The Night,A2,,Successi Caldi,0,Italy,Variety (2),REL-ST 19332,Vinyl / LP,Pop,Chanson,Comp. Ita,https://www.discogs.com/release/7377433-Various-Successi-Caldi,,,
Various,Vai,A3,,Successi Caldi,0,Italy,Variety (2),REL-ST 19332,Vinyl / LP,Pop,Chanson,Comp. Ita,https://www.discogs.com/release/7377433-Various-Successi-Caldi,,,
Various,Che Male Fa,A4,,Successi Caldi,0,Italy,Variety (2),REL-ST 19332,Vinyl / LP,Pop,Chanson,Comp. Ita,https://www.discogs.com/release/7377433-Various-Successi-Caldi,,,
Various,Now Is The Time,A5,,Successi Caldi,0,Italy,Variety (2),REL-ST 19332,Vinyl / LP,Pop,Chanson,Comp. Ita,https://www.discogs.com/release/7377433-Various-Successi-Caldi,,,
Various,E Invece Adesso,A6,,Successi Caldi,0,Italy,Variety (2),REL-ST 19332,Vinyl / LP,Pop,Chanson,Comp. Ita,https://www.discogs.com/release/7377433-Various-Successi-Caldi,,,
Various,Il Mio Cielo La Mia Anima,B1,,Successi Caldi,0,Italy,Variety (2),REL-ST 19332,Vinyl / LP,Pop,Chanson,Comp. Ita,https://www.discogs.com/release/7377433-Various-Successi-Caldi,,,
Various,Smile,B2,,Successi Caldi,0,Italy,Variety (2),REL-ST 19332,Vinyl / LP,Pop,Chanson,Comp. Ita,https://www.discogs.com/release/7377433-Various-Successi-Caldi,,,
Various,Shake Your Booty,B3,,Successi Caldi,0,Italy,Variety (2),REL-ST 19332,Vinyl / LP,Pop,Chanson,Comp. Ita,https://www.discogs.com/release/7377433-Various-Successi-Caldi,,,
Various,Bella Bellissima,B4,,Successi Caldi,0,Italy,Variety (2),REL-ST 19332,Vinyl / LP,Pop,Chanson,Comp. Ita,https://www.discogs.com/release/7377433-Various-Successi-Caldi,,,
Various,Vivro',B5,,Successi Caldi,0,Italy,Variety (2),REL-ST 19332,Vinyl / LP,Pop,Chanson,Comp. Ita,https://www.discogs.com/release/7377433-Various-Successi-Caldi,,,
Various,Mi Sono Innamorata Di Mio Marito,B6,,Successi Caldi,0,Italy,Variety (2),REL-ST 19332,Vinyl / LP,Pop,Chanson,Comp. Ita,https://www.discogs.com/release/7377433-Various-Successi-Caldi,,,
Various,Ciao Mare,A1,3:07,Ciao Mare - La Romagna In Festa,1974,Italy,"Variety (2), Variety (2)","REL-ST 19218, REL ST 19218",Vinyl / LP | Compilation | Stereo,"Latin, Folk, World, & Country",Folk,Comp. Ita,https://www.discogs.com/release/6570968-Various-Ciao-Mare-La-Romagna-In-Festa,Al Pedulli | Enrico Muccioli | Raoul Casadei,Al Pedulli [Written-By] | Enrico Muccioli [Written-By] | Raoul Casadei [Written-By],
Various,Il Singhiozzo,A2,2:50,Ciao Mare - La Romagna In Festa,1974,Italy,"Variety (2), Variety (2)","REL-ST 19218, REL ST 19218",Vinyl / LP | Compilation | Stereo,"Latin, Folk, World, & Country",Folk,Comp. Ita,https://www.discogs.com/release/6570968-Various-Ciao-Mare-La-Romagna-In-Festa,Germano Montefiori,Germano Montefiori [Written-By],
Various,Fernanda,A3,3:28,Ciao Mare - La Romagna In Festa,1974,Italy,"Variety (2), Variety (2)","REL-ST 19218, REL ST 19218",Vinyl / LP | Compilation | Stereo,"Latin, Folk, World, & Country",Folk,Comp. Ita,https://www.discogs.com/release/6570968-Various-Ciao-Mare-La-Romagna-In-Festa,Franco Rossi (4),Franco Rossi (4) [Written-By],
Various,Romagna E Sangiovese,A4,2:49,Ciao Mare - La Romagna In Festa,1974,Italy,"Variety (2), Variety (2)","REL-ST 19218, REL ST 19218",Vinyl / LP | Compilation | Stereo,"Latin, Folk, World, & Country",Folk,Comp. Ita,https://www.discogs.com/release/6570968-Various-Ciao-Mare-La-Romagna-In-Festa,Secondo Casadei | Terzo Fariselli,Secondo Casadei [Written-By] | Terzo Fariselli [Written-By],
Various,Dorella,A5,2:45,Ciao Mare - La Romagna In Festa,1974,Italy,"Variety (2), Variety (2)","REL-ST 19218, REL ST 19218",Vinyl / LP | Compilation | Stereo,"Latin, Folk, World, & Country",Folk,Comp. Ita,https://www.discogs.com/release/6570968-Various-Ciao-Mare-La-Romagna-In-Festa,Alfonso Corsini | Mario Venerin,Alfonso Corsini [Written-By] | Mario Venerin [Written-By],
Various,Amore E Sangiovese,A6,2:51,Ciao Mare - La Romagna In Festa,1974,Italy,"Variety (2), Variety (2)","REL-ST 19218, REL ST 19218",Vinyl / LP | Compilation | Stereo,"Latin, Folk, World, & Country",Folk,Comp. Ita,https://www.discogs.com/release/6570968-Various-Ciao-Mare-La-Romagna-In-Festa,Germano Montefiori,Germano Montefiori [Written-By],
Various,Romagna Mia,B1,2:17,Ciao Mare - La Romagna In Festa,1974,Italy,"Variety (2), Variety (2)","REL-ST 19218, REL ST 19218",Vinyl / LP | Compilation | Stereo,"Latin, Folk, World, & Country",Folk,Comp. Ita,https://www.discogs.com/release/6570968-Various-Ciao-Mare-La-Romagna-In-Festa,Secondo Casadei,Secondo Casadei [Written-By],
Various,Federico,B2,3:50,Ciao Mare - La Romagna In Festa,1974,Italy,"Variety (2), Variety (2)","REL-ST 19218, REL ST 19218",Vinyl / LP | Compilation | Stereo,"Latin, Folk, World, & Country",Folk,Comp. Ita,https://www.discogs.com/release/6570968-Various-Ciao-Mare-La-Romagna-In-Festa,Germano Montefiori,Germano Montefiori [Written-By],
Various,Freisa,B3,3:12,Ciao Mare - La Romagna In Festa,1974,Italy,"Variety (2), Variety (2)","REL-ST 19218, REL ST 19218",Vinyl / LP | Compilation | Stereo,"Latin, Folk, World, & Country",Folk,Comp. Ita,https://www.discogs.com/release/6570968-Various-Ciao-Mare-La-Romagna-In-Festa,Dino Arrigotti,Dino Arrigotti [Written-By],
Various,La Mazurka Di Periferia,B4,2:46,Ciao Mare - La Romagna In Festa,1974,Italy,"Variety (2), Variety (2)","REL-ST 19218, REL ST 19218",Vinyl / LP | Compilation | Stereo,"Latin, Folk, World, & Country",Folk,Comp. Ita,https://www.discogs.com/release/6570968-Various-Ciao-Mare-La-Romagna-In-Festa,Enrico Muccioli | Raoul Casadei,Enrico Muccioli [Written-By] | Raoul Casadei [Written-By],
Various,Gelosetta,B5,2:29,Ciao Mare - La Romagna In Festa,1974,Italy,"Variety (2), Variety (2)","REL-ST 19218, REL ST 19218",Vinyl / LP | Compilation | Stereo,"Latin, Folk, World, & Country",Folk,Comp. Ita,https://www.discogs.com/release/6570968-Various-Ciao-Mare-La-Romagna-In-Festa,Alfonso Corsini | Mario Venerin,Alfonso Corsini [Written-By] | Mario Venerin [Written-By],
Various,La Doccia,B6,3:10,Ciao Mare - La Romagna In Festa,1974,Italy,"Variety (2), Variety (2)","REL-ST 19218, REL ST 19218",Vinyl / LP | Compilation | Stereo,"Latin, Folk, World, & Country",Folk,Comp. Ita,https://www.discogs.com/release/6570968-Various-Ciao-Mare-La-Romagna-In-Festa,Capitani,Capitani [Written By],
Unknown Artist,Tanti Auguri,A1,,Discoteca Per... Voi Bambini Raccolta N°1,1982,Italy,Vis Radio,VIS LP 2108,Vinyl / LP | Compilation,Children's,,Comp. Ita,https://www.discogs.com/release/11379724-Unknown-Artist-Discoteca-Per-Voi-Bambini-Raccolta-N1,,,
Unknown Artist,Ufo Robot,A2,,Discoteca Per... Voi Bambini Raccolta N°1,1982,Italy,Vis Radio,VIS LP 2108,Vinyl / LP | Compilation,Children's,,Comp. Ita,https://www.discogs.com/release/11379724-Unknown-Artist-Discoteca-Per-Voi-Bambini-Raccolta-N1,,,
Unknown Artist,Rin Tin Tin,A3,,Discoteca Per... Voi Bambini Raccolta N°1,1982,Italy,Vis Radio,VIS LP 2108,Vinyl / LP | Compilation,Children's,,Comp. Ita,https://www.discogs.com/release/11379724-Unknown-Artist-Discoteca-Per-Voi-Bambini-Raccolta-N1,,,
Unknown Artist,Zorro,A4,,Discoteca Per... Voi Bambini Raccolta N°1,1982,Italy,Vis Radio,VIS LP 2108,Vinyl / LP | Compilation,Children's,,Comp. Ita,https://www.discogs.com/release/11379724-Unknown-Artist-Discoteca-Per-Voi-Bambini-Raccolta-N1,,,
Unknown Artist,All'Asilo No No,A5,,Discoteca Per... Voi Bambini Raccolta N°1,1982,Italy,Vis Radio,VIS LP 2108,Vinyl / LP | Compilation,Children's,,Comp. Ita,https://www.discogs.com/release/11379724-Unknown-Artist-Discoteca-Per-Voi-Bambini-Raccolta-N1,,,
Unknown Artist,Portobello,A6,,Discoteca Per... Voi Bambini Raccolta N°1,1982,Italy,Vis Radio,VIS LP 2108,Vinyl / LP | Compilation,Children's,,Comp. Ita,https://www.discogs.com/release/11379724-Unknown-Artist-Discoteca-Per-Voi-Bambini-Raccolta-N1,,,
Unknown Artist,Heidi,B1,,Discoteca Per... Voi Bambini Raccolta N°1,1982,Italy,Vis Radio,VIS LP 2108,Vinyl / LP | Compilation,Children's,,Comp. Ita,https://www.discogs.com/release/11379724-Unknown-Artist-Discoteca-Per-Voi-Bambini-Raccolta-N1,,,
Unknown Artist,Shoting Star,B2,,Discoteca Per... Voi Bambini Raccolta N°1,1982,Italy,Vis Radio,VIS LP 2108,Vinyl / LP | Compilation,Children's,,Comp. Ita,https://www.discogs.com/release/11379724-Unknown-Artist-Discoteca-Per-Voi-Bambini-Raccolta-N1,,,
Unknown Artist,Orzowei,B3,,Discoteca Per... Voi Bambini Raccolta N°1,1982,Italy,Vis Radio,VIS LP 2108,Vinyl / LP | Compilation,Children's,,Comp. Ita,https://www.discogs.com/release/11379724-Unknown-Artist-Discoteca-Per-Voi-Bambini-Raccolta-N1,,,
Unknown Artist,Tarzan Lo Fa,B4,,Discoteca Per... Voi Bambini Raccolta N°1,1982,Italy,Vis Radio,VIS LP 2108,Vinyl / LP | Compilation,Children's,,Comp. Ita,https://www.discogs.com/release/11379724-Unknown-Artist-Discoteca-Per-Voi-Bambini-Raccolta-N1,,,
Unknown Artist,La Leggenda Di Timbalù,B5,,Discoteca Per... Voi Bambini Raccolta N°1,1982,Italy,Vis Radio,VIS LP 2108,Vinyl / LP | Compilation,Children's,,Comp. Ita,https://www.discogs.com/release/11379724-Unknown-Artist-Discoteca-Per-Voi-Bambini-Raccolta-N1,,,
Unknown Artist,Prova,B6,,Discoteca Per... Voi Bambini Raccolta N°1,1982,Italy,Vis Radio,VIS LP 2108,Vinyl / LP | Compilation,Children's,,Comp. Ita,https://www.discogs.com/release/11379724-Unknown-Artist-Discoteca-Per-Voi-Bambini-Raccolta-N1,,,
Ricchi E Poveri,M'Innamoro Di Te,A1,,...E Penso A Te,1981,Italy,Baby Records (2),BR 56024,Vinyl / LP | Album | Stereo,"Electronic, Rock, Pop","Ballad, Europop",Italiani,https://www.discogs.com/release/1452239-Ricchi-Poveri-E-Penso-A-Te,Cristiano Minellono | Dario Farina,Cristiano Minellono [Written-By] | Dario Farina [Written-By],
Ricchi E Poveri,Sarà Perché Ti Amo,A2,,...E Penso A Te,1981,Italy,Baby Records (2),BR 56024,Vinyl / LP | Album | Stereo,"Electronic, Rock, Pop","Ballad, Europop",Italiani,https://www.discogs.com/release/1452239-Ricchi-Poveri-E-Penso-A-Te,Daniele Pace | Dario Farina | Enzo Ghinazzi,Daniele Pace [Written-By] | Dario Farina [Written-By] | Enzo Ghinazzi [Written-By],
Ricchi E Poveri,Come Vorrei,A3,,...E Penso A Te,1981,Italy,Baby Records (2),BR 56024,Vinyl / LP | Album | Stereo,"Electronic, Rock, Pop","Ballad, Europop",Italiani,https://www.discogs.com/release/1452239-Ricchi-Poveri-E-Penso-A-Te,Cristiano Minellono | Dario Farina,Cristiano Minellono [Written-By] | Dario Farina [Written-By],
Ricchi E Poveri,Made In Italy,A4,,...E Penso A Te,1981,Italy,Baby Records (2),BR 56024,Vinyl / LP | Album | Stereo,"Electronic, Rock, Pop","Ballad, Europop",Italiani,https://www.discogs.com/release/1452239-Ricchi-Poveri-E-Penso-A-Te,Cristiano Minellono | Dario Farina | Gian Piero Reverberi,Cristiano Minellono [Written-By] | Dario Farina [Written-By] | Gian Piero Reverberi [Written-By],
Ricchi E Poveri,Stasera Canto,A5,,...E Penso A Te,1981,Italy,Baby Records (2),BR 56024,Vinyl / LP | Album | Stereo,"Electronic, Rock, Pop","Ballad, Europop",Italiani,https://www.discogs.com/release/1452239-Ricchi-Poveri-E-Penso-A-Te,Cristiano Minellono | Dario Farina,Cristiano Minellono [Written-By] | Dario Farina [Written-By],
Ricchi E Poveri,...E Penso A Te,B1,,...E Penso A Te,1981,Italy,Baby Records (2),BR 56024,Vinyl / LP | Album | Stereo,"Electronic, Rock, Pop","Ballad, Europop",Italiani,https://www.discogs.com/release/1452239-Ricchi-Poveri-E-Penso-A-Te,Cristiano Minellono | Daniele Pace | Gabriele Balducci,Cristiano Minellono [Written-By] | Daniele Pace [Written-By] | Gabriele Balducci [Written-By],
Ricchi E Poveri,Questa Sera,B2,,...E Penso A Te,1981,Italy,Baby Records (2),BR 56024,Vinyl / LP | Album | Stereo,"Electronic, Rock, Pop","Ballad, Europop",Italiani,https://www.discogs.com/release/1452239-Ricchi-Poveri-E-Penso-A-Te,Dario Farina | Enzo Ghinazzi | Ezio Picciotta,Dario Farina [Written-By] | Enzo Ghinazzi [Written-By] | Ezio Picciotta [Written-By],
Ricchi E Poveri,Ninna Nanna,B3,,...E Penso A Te,1981,Italy,Baby Records (2),BR 56024,Vinyl / LP | Album | Stereo,"Electronic, Rock, Pop","Ballad, Europop",Italiani,https://www.discogs.com/release/1452239-Ricchi-Poveri-E-Penso-A-Te,Alberto Gaviglio | Angelo Sotgiu | Cristiano Minellono,Alberto Gaviglio [Written-By] | Angelo Sotgiu [Written-By] | Cristiano Minellono [Written-By],
Ricchi E Poveri,Bello L'Amore,B4,,...E Penso A Te,1981,Italy,Baby Records (2),BR 56024,Vinyl / LP | Album | Stereo,"Electronic, Rock, Pop","Ballad, Europop",Italiani,https://www.discogs.com/release/1452239-Ricchi-Poveri-E-Penso-A-Te,Angelo Sotgiu | Cristiano Minellono | Franco Gatti,Angelo Sotgiu [Written-By] | Cristiano Minellono [Written-By] | Franco Gatti [Written-By],
Ricchi E Poveri,Alla Faccia Di Belzebù,B5,,...E Penso A Te,1981,Italy,Baby Records (2),BR 56024,Vinyl / LP | Album | Stereo,"Electronic, Rock, Pop","Ballad, Europop",Italiani,https://www.discogs.com/release/1452239-Ricchi-Poveri-E-Penso-A-Te,Angela Brambati | Dario Farina | Franco Gatti,Angela Brambati [Written-By] | Dario Farina [Written-By] | Franco Gatti [Written-By],
Pino Daniele,Annarè,A1,4:10,Bella 'Mbriana,1982,Italy,"Bagaria, EMI","3C 064-18590, 3C 064-18590",Vinyl / LP | Album | Stereo,"Rock, Pop","Soft Rock, Pop Rock, Ballad",Italiani,https://www.discogs.com/release/1075662-Pino-Daniele-Bella-Mbriana,,,
Pino Daniele,Tutta 'Nata Storia,A2,4:10,Bella 'Mbriana,1982,Italy,"Bagaria, EMI","3C 064-18590, 3C 064-18590",Vinyl / LP | Album | Stereo,"Rock, Pop","Soft Rock, Pop Rock, Ballad",Italiani,https://www.discogs.com/release/1075662-Pino-Daniele-Bella-Mbriana,,,
Pino Daniele,Bella 'Mbriana,A3,3:26,Bella 'Mbriana,1982,Italy,"Bagaria, EMI","3C 064-18590, 3C 064-18590",Vinyl / LP | Album | Stereo,"Rock, Pop","Soft Rock, Pop Rock, Ballad",Italiani,https://www.discogs.com/release/1075662-Pino-Daniele-Bella-Mbriana,,,
Pino Daniele,Tarumbò,A4,3:40,Bella 'Mbriana,1982,Italy,"Bagaria, EMI","3C 064-18590, 3C 064-18590",Vinyl / LP | Album | Stereo,"Rock, Pop","Soft Rock, Pop Rock, Ballad",Italiani,https://www.discogs.com/release/1075662-Pino-Daniele-Bella-Mbriana,,,
Pino Daniele,I Got The Blues,A5,3:12,Bella 'Mbriana,1982,Italy,"Bagaria, EMI","3C 064-18590, 3C 064-18590",Vinyl / LP | Album | Stereo,"Rock, Pop","Soft Rock, Pop Rock, Ballad",Italiani,https://www.discogs.com/release/1075662-Pino-Daniele-Bella-Mbriana,,,
Pino Daniele,Mo Basta,B1,3:42,Bella 'Mbriana,1982,Italy,"Bagaria, EMI","3C 064-18590, 3C 064-18590",Vinyl / LP | Album | Stereo,"Rock, Pop","Soft Rock, Pop Rock, Ballad",Italiani,https://www.discogs.com/release/1075662-Pino-Daniele-Bella-Mbriana,,,
Pino Daniele,Io Vivo Come Te,B2,4:05,Bella 'Mbriana,1982,Italy,"Bagaria, EMI","3C 064-18590, 3C 064-18590",Vinyl / LP | Album | Stereo,"Rock, Pop","Soft Rock, Pop Rock, Ballad",Italiani,https://www.discogs.com/release/1075662-Pino-Daniele-Bella-Mbriana,,,
Pino Daniele,Ma Che Mania,B3,3:22,Bella 'Mbriana,1982,Italy,"Bagaria, EMI","3C 064-18590, 3C 064-18590",Vinyl / LP | Album | Stereo,"Rock, Pop","Soft Rock, Pop Rock, Ballad",Italiani,https://www.discogs.com/release/1075662-Pino-Daniele-Bella-Mbriana,,,
Pino Daniele,Toledo,B4,2:59,Bella 'Mbriana,1982,Italy,"Bagaria, EMI","3C 064-18590, 3C 064-18590",Vinyl / LP | Album | Stereo,"Rock, Pop","Soft Rock, Pop Rock, Ballad",Italiani,https://www.discogs.com/release/1075662-Pino-Daniele-Bella-Mbriana,,,
Pino Daniele,E Po' Che Fà,B5,4:02,Bella 'Mbriana,1982,Italy,"Bagaria, EMI","3C 064-18590, 3C 064-18590",Vinyl / LP | Album | Stereo,"Rock, Pop","Soft Rock, Pop Rock, Ballad",Italiani,https://www.discogs.com/release/1075662-Pino-Daniele-Bella-Mbriana,,,
Pino Daniele,Maggio Se Ne Va,B6,2:30,Bella 'Mbriana,1982,Italy,"Bagaria, EMI","3C 064-18590, 3C 064-18590",Vinyl / LP | Album | Stereo,"Rock, Pop","Soft Rock, Pop Rock, Ballad",Italiani,https://www.discogs.com/release/1075662-Pino-Daniele-Bella-Mbriana,,,
Pino Daniele,Keep On Movin',A1,4:18,Musicante,1984,Italy,"Bagaria, EMI","64 2401501, 64 2401501",Vinyl / LP | Album | Stereo,"Funk / Soul, Blues","Rhythm & Blues, Soul, Funk",Italiani,https://www.discogs.com/release/2695345-Pino-Daniele-Musicante,,"Alphonso Johnson [Bass] | Agostino Marangolo [Drums] | Pino Daniele [Guitar [Chitarra Battente], Mandocello, Electric Guitar [Chitarra Elettrica Battente]] | Joe Amoruso [Piano, Keyboards]",
Pino Daniele,Just In Me,A2,3:52,Musicante,1984,Italy,"Bagaria, EMI","64 2401501, 64 2401501",Vinyl / LP | Album | Stereo,"Funk / Soul, Blues","Rhythm & Blues, Soul, Funk",Italiani,https://www.discogs.com/release/2695345-Pino-Daniele-Musicante,,Agostino Marangolo [Drums] | Pino Daniele [Electric Guitar [Chitarra Elettrica Battente]] | Joe Amoruso [Keyboards] | Franco Faraldo [Percussion [Tammorra]],
Pino Daniele,Disperazione,A3,4:04,Musicante,1984,Italy,"Bagaria, EMI","64 2401501, 64 2401501",Vinyl / LP | Album | Stereo,"Funk / Soul, Blues","Rhythm & Blues, Soul, Funk",Italiani,https://www.discogs.com/release/2695345-Pino-Daniele-Musicante,,"Alphonso Johnson [Bass] | Pino Daniele [Classical Guitar, Guitar [Chitarra Battente]] | Agostino Marangolo [Drums] | Naná Vasconcelos [Percussion] | Joe Amoruso [Piano, Keyboards] | Mel Collins [Saxophone [Contralto Saxophone]]",
Pino Daniele,Lassa Che Vene,A4,2:53,Musicante,1984,Italy,"Bagaria, EMI","64 2401501, 64 2401501",Vinyl / LP | Album | Stereo,"Funk / Soul, Blues","Rhythm & Blues, Soul, Funk",Italiani,https://www.discogs.com/release/2695345-Pino-Daniele-Musicante,,"Pino Daniele [Classical Guitar, Mandolincello, Guitar [Chitarra Battente]] | Naná Vasconcelos [Percussion] | Joe Amoruso [Piano]",
Pino Daniele,Io Ci Sarò,A5,3:48,Musicante,1984,Italy,"Bagaria, EMI","64 2401501, 64 2401501",Vinyl / LP | Album | Stereo,"Funk / Soul, Blues","Rhythm & Blues, Soul, Funk",Italiani,https://www.discogs.com/release/2695345-Pino-Daniele-Musicante,,"Alphonso Johnson [Bass] | Agostino Marangolo [Drums] | Pino Daniele [Electric Guitar [Chitarra Elettrica Battente], Electric Guitar] | Joe Amoruso [Piano, Keyboards] | Mel Collins [Saxophone [Contralto Saxophone]]",
Pino Daniele,Oi Né,B1,5:03,Musicante,1984,Italy,"Bagaria, EMI","64 2401501, 64 2401501",Vinyl / LP | Album | Stereo,"Funk / Soul, Blues","Rhythm & Blues, Soul, Funk",Italiani,https://www.discogs.com/release/2695345-Pino-Daniele-Musicante,,Alphonso Johnson [Bass] | Agostino Marangolo [Drums] | Pino Daniele [Electric Guitar [Chitarra Elettrica Battente]] | Joe Amoruso [Keyboards],
Pino Daniele,Stella Nera,B2,3:49,Musicante,1984,Italy,"Bagaria, EMI","64 2401501, 64 2401501",Vinyl / LP | Album | Stereo,"Funk / Soul, Blues","Rhythm & Blues, Soul, Funk",Italiani,https://www.discogs.com/release/2695345-Pino-Daniele-Musicante,,Alphonso Johnson [Bass] | Agostino Marangolo [Drums] | Pino Daniele [Electric Guitar [Chitarra Elettrica Battente]] | Joe Amoruso [Keyboards] | Mel Collins [Soprano Saxophone],
Pino Daniele,Santa Teresa,B3,3:11,Musicante,1984,Italy,"Bagaria, EMI","64 2401501, 64 2401501",Vinyl / LP | Album | Stereo,"Funk / Soul, Blues","Rhythm & Blues, Soul, Funk",Italiani,https://www.discogs.com/release/2695345-Pino-Daniele-Musicante,,"Alphonso Johnson [Bass] | Pino Daniele [Classical Guitar, Guitar [Chitarra Battente], Mandolincello] | Rino Zurzolo [Contrabass] | Agostino Marangolo [Drums] | Joe Amoruso [Keyboards] | Naná Vasconcelos [Percussion]",
Pino Daniele,Acchiappa Acchiappa,B4,5:11,Musicante,1984,Italy,"Bagaria, EMI","64 2401501, 64 2401501",Vinyl / LP | Album | Stereo,"Funk / Soul, Blues","Rhythm & Blues, Soul, Funk",Italiani,https://www.discogs.com/release/2695345-Pino-Daniele-Musicante,,"Alphonso Johnson [Bass] | Agostino Marangolo [Drums] | Pino Daniele [Guitar [Chitarra Battente], Electric Guitar] | Naná Vasconcelos [Percussion] | Joe Amoruso [Synthesizer, Keyboards]",
Pino Daniele,Lazzari Felici,B5,2:37,Musicante,1984,Italy,"Bagaria, EMI","64 2401501, 64 2401501",Vinyl / LP | Album | Stereo,"Funk / Soul, Blues","Rhythm & Blues, Soul, Funk",Italiani,https://www.discogs.com/release/2695345-Pino-Daniele-Musicante,,Joe Amoruso [Carillon] | Pino Daniele [Classical Guitar] | Rino Zurzolo [Contrabass] | Naná Vasconcelos [Percussion],
Vasco Rossi,Cosa C'È,A1,4:52,Cosa Succede In Città,1985,Italy,Carosello,CLN 25109,Vinyl / LP | Album / Double ring labels,Rock,Pop Rock,Italiani,https://www.discogs.com/release/506677-Vasco-Rossi-Cosa-Succede-In-Città,Vasco Rossi,Vasco Rossi [Written-By],
Vasco Rossi,"Domani Sì, Adesso No",A2,4:22,Cosa Succede In Città,1985,Italy,Carosello,CLN 25109,Vinyl / LP | Album / Double ring labels,Rock,Pop Rock,Italiani,https://www.discogs.com/release/506677-Vasco-Rossi-Cosa-Succede-In-Città,Vasco Rossi,Vasco Rossi [Written-By],
Vasco Rossi,Cosa Succede In Città,A3,4:01,Cosa Succede In Città,1985,Italy,Carosello,CLN 25109,Vinyl / LP | Album / Double ring labels,Rock,Pop Rock,Italiani,https://www.discogs.com/release/506677-Vasco-Rossi-Cosa-Succede-In-Città,Vasco Rossi,Massimo Riva [Electric Guitar] | Joe Amoruso [Electric Piano] | Vasco Rossi [Written-By],
Vasco Rossi,Toffee,A4,5:10,Cosa Succede In Città,1985,Italy,Carosello,CLN 25109,Vinyl / LP | Album / Double ring labels,Rock,Pop Rock,Italiani,https://www.discogs.com/release/506677-Vasco-Rossi-Cosa-Succede-In-Città,Vasco Rossi,Dodi Battaglia [Acoustic Guitar] | Paolo Gianolio [Acoustic Guitar] | Claudio Golinelli [Bass] | Dodi Battaglia [Electric Guitar] | Vasco Rossi [Written-By],
Vasco Rossi,Ti Taglio La Gola,B1,3:46,Cosa Succede In Città,1985,Italy,Carosello,CLN 25109,Vinyl / LP | Album / Double ring labels,Rock,Pop Rock,Italiani,https://www.discogs.com/release/506677-Vasco-Rossi-Cosa-Succede-In-Città,Vasco Rossi,Paolo Gianolio [Electric Guitar] | Vasco Rossi [Written-By],
Vasco Rossi,Una Nuova Canzone Per Lei,B2,3:50,Cosa Succede In Città,1985,Italy,Carosello,CLN 25109,Vinyl / LP | Album / Double ring labels,Rock,Pop Rock,Italiani,https://www.discogs.com/release/506677-Vasco-Rossi-Cosa-Succede-In-Città,Franco Di Stefano | Ricky Portera | Vasco Rossi,Franco Di Stefano [Written-By] | Ricky Portera [Written-By] | Vasco Rossi [Written-By],
Vasco Rossi,T'Immagini,B3,3:55,Cosa Succede In Città,1985,Italy,Carosello,CLN 25109,Vinyl / LP | Album / Double ring labels,Rock,Pop Rock,Italiani,https://www.discogs.com/release/506677-Vasco-Rossi-Cosa-Succede-In-Città,Lucio Quarantotto | Vasco Rossi,Lucio Quarantotto [Written-By] | Vasco Rossi [Written-By],
Vasco Rossi,Bolle Di Sapone,B4,3:44,Cosa Succede In Città,1985,Italy,Carosello,CLN 25109,Vinyl / LP | Album / Double ring labels,Rock,Pop Rock,Italiani,https://www.discogs.com/release/506677-Vasco-Rossi-Cosa-Succede-In-Città,Vasco Rossi,Paolo Gianolio [Electric Guitar] | Vasco Rossi [Written-By],
Vasco Rossi,"Dormi, Dormi",B5,3:37,Cosa Succede In Città,1985,Italy,Carosello,CLN 25109,Vinyl / LP | Album / Double ring labels,Rock,Pop Rock,Italiani,https://www.discogs.com/release/506677-Vasco-Rossi-Cosa-Succede-In-Città,Maurizio Solieri | Vasco Rossi,Claudio Golinelli [Bass] | Maurizio Solieri [Written-By] | Vasco Rossi [Written-By],
Claudio Baglioni,Dagli Il Via,A1,5:46,Oltre (Un Mondo Uomo Sotto Un Cielo Mago),1990,Italy,CBS,466135-1,Vinyl / LP | Album | Stereo,"Rock, Pop","Ballad, Pop Rock",Italiani,https://www.discogs.com/release/2299441-Claudio-Baglioni-Oltre-Un-Mondo-Uomo-Sotto-Un-Cielo-Mago,,Pino Palladino [Bass] | Manu Katché [Drums] | David Rhodes [Guitar] | Phil Palmer [Guitar] | Celso Valli [Keyboards] | Simon Clark [Piano],
Claudio Baglioni,Io Dal Mare,A2,5:28,Oltre (Un Mondo Uomo Sotto Un Cielo Mago),1990,Italy,CBS,466135-1,Vinyl / LP | Album | Stereo,"Rock, Pop","Ballad, Pop Rock",Italiani,https://www.discogs.com/release/2299441-Claudio-Baglioni-Oltre-Un-Mondo-Uomo-Sotto-Un-Cielo-Mago,,"Pino Palladino [Bass] | Manu Katché [Drums] | Paolo Gianolio [Guitar] | Pino Daniele [Guitar, Voice] | David Sancious [Keyboards]",
Claudio Baglioni,Naso Di Falco,A3,5:16,Oltre (Un Mondo Uomo Sotto Un Cielo Mago),1990,Italy,CBS,466135-1,Vinyl / LP | Album | Stereo,"Rock, Pop","Ballad, Pop Rock",Italiani,https://www.discogs.com/release/2299441-Claudio-Baglioni-Oltre-Un-Mondo-Uomo-Sotto-Un-Cielo-Mago,,Pino Palladino [Bass] | Manu Katché [Drums] | Paolo Gianolio [Guitar] | Marcello Bono [Hurdy Gurdy] | Celso Valli [Keyboards] | Frank Ricotti [Percussion],
Claudio Baglioni,Io Lui E La Cana Femmina,A4,4:16,Oltre (Un Mondo Uomo Sotto Un Cielo Mago),1990,Italy,CBS,466135-1,Vinyl / LP | Album | Stereo,"Rock, Pop","Ballad, Pop Rock",Italiani,https://www.discogs.com/release/2299441-Claudio-Baglioni-Oltre-Un-Mondo-Uomo-Sotto-Un-Cielo-Mago,,"Celso Valli [Conductor [wind], Keyboards] | Manu Katché [Drums] | Paolo Gianolio [Guitar] | Richard Galliano [Harmonica] | Michel Gaucher [Wind] | Pierre Dutour [Wind] | Tony Russo [Woodwind]",
Claudio Baglioni,Stelle Di Stelle,A5,3:23,Oltre (Un Mondo Uomo Sotto Un Cielo Mago),1990,Italy,CBS,466135-1,Vinyl / LP | Album | Stereo,"Rock, Pop","Ballad, Pop Rock",Italiani,https://www.discogs.com/release/2299441-Claudio-Baglioni-Oltre-Un-Mondo-Uomo-Sotto-Un-Cielo-Mago,,"Pino Palladino [Bass] | Manu Katché [Drums, Percussion] | Danilo Rea [Piano] | Mia Martini [Voice]",
Claudio Baglioni,Vivi,B1,4:21,Oltre (Un Mondo Uomo Sotto Un Cielo Mago),1990,Italy,CBS,466135-1,Vinyl / LP | Album | Stereo,"Rock, Pop","Ballad, Pop Rock",Italiani,https://www.discogs.com/release/2299441-Claudio-Baglioni-Oltre-Un-Mondo-Uomo-Sotto-Un-Cielo-Mago,,Manu Katché [Drums] | Phil Palmer [Guitar] | Celso Valli [Keyboards] | Nick Glennie-Smith [Keyboards],
Claudio Baglioni,Le Donne Sono,B2,4:40,Oltre (Un Mondo Uomo Sotto Un Cielo Mago),1990,Italy,CBS,466135-1,Vinyl / LP | Album | Stereo,"Rock, Pop","Ballad, Pop Rock",Italiani,https://www.discogs.com/release/2299441-Claudio-Baglioni-Oltre-Un-Mondo-Uomo-Sotto-Un-Cielo-Mago,,Pino Palladino [Bass] | Cesare De Natale [Choir] | Claudio Mattone [Choir] | Danilo Rea [Choir] | Franco Novaro [Choir] | Livio Macoratti [Choir] | Massimiliano Savaiano [Choir] | Matteo Montanari [Choir] | Paola Massari [Choir] | Piero Montanari [Choir] | Roberta Longhi (2) [Choir] | Rossella Corsi [Choir] | Susan Duncan-Smith [Choir] | Walter Savelli [Choir] | Manu Katché [Drums] | Paolo Gianolio [Guitar] | Danny Cummings [Percussion],
Claudio Baglioni,Domani Mai,B3,5:09,Oltre (Un Mondo Uomo Sotto Un Cielo Mago),1990,Italy,CBS,466135-1,Vinyl / LP | Album | Stereo,"Rock, Pop","Ballad, Pop Rock",Italiani,https://www.discogs.com/release/2299441-Claudio-Baglioni-Oltre-Un-Mondo-Uomo-Sotto-Un-Cielo-Mago,,Pino Palladino [Bass] | Celso Valli [Conductor [Orchestra Strings And Mandolins]] | Manu Katché [Drums] | Paco De Lucía [Guitar] | Paolo Gianolio [Guitar] | Unione Musicisti Di Roma [Orchestra [Strings And Mandolins]],
Claudio Baglioni,Acqua Dalla Luna,B4,4:31,Oltre (Un Mondo Uomo Sotto Un Cielo Mago),1990,Italy,CBS,466135-1,Vinyl / LP | Album | Stereo,"Rock, Pop","Ballad, Pop Rock",Italiani,https://www.discogs.com/release/2299441-Claudio-Baglioni-Oltre-Un-Mondo-Uomo-Sotto-Un-Cielo-Mago,,Tony Levin [Bass] | Steve Ferrone [Drums] | Celso Valli [Keyboards],
Claudio Baglioni,Tamburi Lontani,B5,5:49,Oltre (Un Mondo Uomo Sotto Un Cielo Mago),1990,Italy,CBS,466135-1,Vinyl / LP | Album | Stereo,"Rock, Pop","Ballad, Pop Rock",Italiani,https://www.discogs.com/release/2299441-Claudio-Baglioni-Oltre-Un-Mondo-Uomo-Sotto-Un-Cielo-Mago,,"Isobel Griffiths [Brass, Woodwind] | Celso Valli [Conductor [Woodwind]] | Danny Thompson [Contrabass] | Manu Katché [Drums] | Danny Cummings [Percussion]",
Claudio Baglioni,Noi No,C1,5:14,Oltre (Un Mondo Uomo Sotto Un Cielo Mago),1990,Italy,CBS,466135-1,Vinyl / LP | Album | Stereo,"Rock, Pop","Ballad, Pop Rock",Italiani,https://www.discogs.com/release/2299441-Claudio-Baglioni-Oltre-Un-Mondo-Uomo-Sotto-Un-Cielo-Mago,,Pino Palladino [Bass] | Manu Katché [Drums] | Paolo Gianolio [Guitar] | Celso Valli [Keyboards] | Frank Ricotti [Percussion],
Claudio Baglioni,Signora Delle Ore Oscure,C2,4:50,Oltre (Un Mondo Uomo Sotto Un Cielo Mago),1990,Italy,CBS,466135-1,Vinyl / LP | Album | Stereo,"Rock, Pop","Ballad, Pop Rock",Italiani,https://www.discogs.com/release/2299441-Claudio-Baglioni-Oltre-Un-Mondo-Uomo-Sotto-Un-Cielo-Mago,,Tony Levin [Bass] | Manu Katché [Drums] | Paolo Gianolio [Guitar] | Celso Valli [Keyboards],
Claudio Baglioni,Navigando,C3,4:03,Oltre (Un Mondo Uomo Sotto Un Cielo Mago),1990,Italy,CBS,466135-1,Vinyl / LP | Album | Stereo,"Rock, Pop","Ballad, Pop Rock",Italiani,https://www.discogs.com/release/2299441-Claudio-Baglioni-Oltre-Un-Mondo-Uomo-Sotto-Un-Cielo-Mago,,Tony Levin [Bass] | Steve Ferrone [Drums] | Richard Galliano [Harmonica [Fisarmonica]] | Celso Valli [Keyboards] | Nick Glennie-Smith [Keyboards] | Hossam Ramzy [Percussion],
Claudio Baglioni,Le Mani E L'Anima,C4,5:22,Oltre (Un Mondo Uomo Sotto Un Cielo Mago),1990,Italy,CBS,466135-1,Vinyl / LP | Album | Stereo,"Rock, Pop","Ballad, Pop Rock",Italiani,https://www.discogs.com/release/2299441-Claudio-Baglioni-Oltre-Un-Mondo-Uomo-Sotto-Un-Cielo-Mago,,John Giblin [Bass] | Charlie Morgan [Drums] | Celso Valli [Keyboards] | Nick Glennie-Smith [Keyboards] | Danny Cummings [Percussion] | Youssou N'Dour [Voice],
Claudio Baglioni,Mille Giorni Di Te E Di Me,C5,5:38,Oltre (Un Mondo Uomo Sotto Un Cielo Mago),1990,Italy,CBS,466135-1,Vinyl / LP | Album | Stereo,"Rock, Pop","Ballad, Pop Rock",Italiani,https://www.discogs.com/release/2299441-Claudio-Baglioni-Oltre-Un-Mondo-Uomo-Sotto-Un-Cielo-Mago,,John Giblin [Bass] | Charlie Morgan [Drums] | Paolo Gianolio [Guitar] | Celso Valli [Keyboards] | Walter Savelli [Piano],
Claudio Baglioni,Dov'È Dov'È,D1,4:55,Oltre (Un Mondo Uomo Sotto Un Cielo Mago),1990,Italy,CBS,466135-1,Vinyl / LP | Album | Stereo,"Rock, Pop","Ballad, Pop Rock",Italiani,https://www.discogs.com/release/2299441-Claudio-Baglioni-Oltre-Un-Mondo-Uomo-Sotto-Un-Cielo-Mago,,Ida Baldi [Choir] | Paola Massari [Choir] | Walter Savelli [Choir] | Paolo Gianolio [Guitar] | Phil Palmer [Guitar [Solo]] | Celso Valli [Keyboards] | Mario Pescetelli [Voice] | Oreste Lionello [Voice] | Riccardo Baglioni [Voice] | Silvia Saleppico [Voice] | Teresita Lastoria [Voice],
Claudio Baglioni,Tieniamente,D2,3:44,Oltre (Un Mondo Uomo Sotto Un Cielo Mago),1990,Italy,CBS,466135-1,Vinyl / LP | Album | Stereo,"Rock, Pop","Ballad, Pop Rock",Italiani,https://www.discogs.com/release/2299441-Claudio-Baglioni-Oltre-Un-Mondo-Uomo-Sotto-Un-Cielo-Mago,,Claudio Baglioni [Keyboards],
Claudio Baglioni,Qui Dio Non C'È,D3,5:38,Oltre (Un Mondo Uomo Sotto Un Cielo Mago),1990,Italy,CBS,466135-1,Vinyl / LP | Album | Stereo,"Rock, Pop","Ballad, Pop Rock",Italiani,https://www.discogs.com/release/2299441-Claudio-Baglioni-Oltre-Un-Mondo-Uomo-Sotto-Un-Cielo-Mago,,"Pino Palladino [Bass] | Celso Valli [Conductor [Flute], Keyboards] | Manu Katché [Drums] | Unione Musicisti Di Roma [Flute] | Paolo Gianolio [Guitar] | Frank Ricotti [Percussion] | Hossam Ramzy [Percussion] | Didier Lockwood [Violin] | London Symphony Orchestra [Woodwind]",
Claudio Baglioni,La Piana Dei Cavalli Bradi,D4,4:56,Oltre (Un Mondo Uomo Sotto Un Cielo Mago),1990,Italy,CBS,466135-1,Vinyl / LP | Album | Stereo,"Rock, Pop","Ballad, Pop Rock",Italiani,https://www.discogs.com/release/2299441-Claudio-Baglioni-Oltre-Un-Mondo-Uomo-Sotto-Un-Cielo-Mago,,"Pino Palladino [Bass] | Celso Valli [Conductor [Strings, Oboe, Fagotto], Keyboards] | Manu Katché [Drums] | Paolo Gianolio [Guitar] | Unione Musicisti Di Roma [Orchestra [Strings, Oboe, Fagotto]] | Danny Cummings [Percussion]",
Claudio Baglioni,Pace,D5,5:41,Oltre (Un Mondo Uomo Sotto Un Cielo Mago),1990,Italy,CBS,466135-1,Vinyl / LP | Album | Stereo,"Rock, Pop","Ballad, Pop Rock",Italiani,https://www.discogs.com/release/2299441-Claudio-Baglioni-Oltre-Un-Mondo-Uomo-Sotto-Un-Cielo-Mago,,Pino Palladino [Bass] | Manu Katché [Drums] | Paolo Gianolio [Guitar] | Celso Valli [Keyboards] | Frank Ricotti [Percussion],
Pooh,Corri Corri,A1,3:02,Forse Ancora Poesia,1975,Italy,CBS,CBS 69212,Vinyl / LP | Album | Stereo / Gatefold,"Rock, Pop","Chanson, Pop Rock",Italiani,https://www.discogs.com/release/3169339-I-Pooh-Forse-Ancora-Poesia,Roby Facchinetti | Valerio Negrini,Roby Facchinetti [Written-By] | Valerio Negrini [Written-By],
Pooh,Ninna Nanna,A2,3:21,Forse Ancora Poesia,1975,Italy,CBS,CBS 69212,Vinyl / LP | Album | Stereo / Gatefold,"Rock, Pop","Chanson, Pop Rock",Italiani,https://www.discogs.com/release/3169339-I-Pooh-Forse-Ancora-Poesia,Roby Facchinetti | Valerio Negrini,Roby Facchinetti [Written-By] | Valerio Negrini [Written-By],
Pooh,Wild Track,A3,3:19,Forse Ancora Poesia,1975,Italy,CBS,CBS 69212,Vinyl / LP | Album | Stereo / Gatefold,"Rock, Pop","Chanson, Pop Rock",Italiani,https://www.discogs.com/release/3169339-I-Pooh-Forse-Ancora-Poesia,Dodi Battaglia | Roby Facchinetti,Dodi Battaglia [Written-By] | Roby Facchinetti [Written-By],
Pooh,Quel Tanto In Più,A4,4:24,Forse Ancora Poesia,1975,Italy,CBS,CBS 69212,Vinyl / LP | Album | Stereo / Gatefold,"Rock, Pop","Chanson, Pop Rock",Italiani,https://www.discogs.com/release/3169339-I-Pooh-Forse-Ancora-Poesia,Roby Facchinetti | Valerio Negrini,Roby Facchinetti [Written-By] | Valerio Negrini [Written-By],
Pooh,Quinta Stagione,A5,4:19,Forse Ancora Poesia,1975,Italy,CBS,CBS 69212,Vinyl / LP | Album | Stereo / Gatefold,"Rock, Pop","Chanson, Pop Rock",Italiani,https://www.discogs.com/release/3169339-I-Pooh-Forse-Ancora-Poesia,Roby Facchinetti,Roby Facchinetti [Written-By],
Pooh,Cara Bellissima,B1,5:07,Forse Ancora Poesia,1975,Italy,CBS,CBS 69212,Vinyl / LP | Album | Stereo / Gatefold,"Rock, Pop","Chanson, Pop Rock",Italiani,https://www.discogs.com/release/3169339-I-Pooh-Forse-Ancora-Poesia,Roby Facchinetti | Valerio Negrini,Roby Facchinetti [Written-By] | Valerio Negrini [Written-By],
Pooh,Peter Jr.,B2,4:51,Forse Ancora Poesia,1975,Italy,CBS,CBS 69212,Vinyl / LP | Album | Stereo / Gatefold,"Rock, Pop","Chanson, Pop Rock",Italiani,https://www.discogs.com/release/3169339-I-Pooh-Forse-Ancora-Poesia,Dodi Battaglia | Stefano D'Orazio,Dodi Battaglia [Written-By] | Stefano D'Orazio [Written-By],
Pooh,Un Posto Sulla Strada,B3,3:43,Forse Ancora Poesia,1975,Italy,CBS,CBS 69212,Vinyl / LP | Album | Stereo / Gatefold,"Rock, Pop","Chanson, Pop Rock",Italiani,https://www.discogs.com/release/3169339-I-Pooh-Forse-Ancora-Poesia,Roby Facchinetti | Valerio Negrini,Roby Facchinetti [Written-By] | Valerio Negrini [Written-By],
Pooh,Rock'N'Roll,B4,2:30,Forse Ancora Poesia,1975,Italy,CBS,CBS 69212,Vinyl / LP | Album | Stereo / Gatefold,"Rock, Pop","Chanson, Pop Rock",Italiani,https://www.discogs.com/release/3169339-I-Pooh-Forse-Ancora-Poesia,Dodi Battaglia | Valerio Negrini,Dodi Battaglia [Written-By] | Valerio Negrini [Written-By],
Pooh,Forse Ancora Poesia,B5,4:30,Forse Ancora Poesia,1975,Italy,CBS,CBS 69212,Vinyl / LP | Album | Stereo / Gatefold,"Rock, Pop","Chanson, Pop Rock",Italiani,https://www.discogs.com/release/3169339-I-Pooh-Forse-Ancora-Poesia,Roby Facchinetti,Roby Facchinetti [Written-By],
Julio Iglesias,Pensami = Jurame,A1,4:04,"Sono Un Pirata, Sono Un Signore",1978,Italy,CBS,CBS 82838,Vinyl / LP | Album | Stereo / Gatefold,"Latin, Pop","Chanson, Vocal",Italiani,https://www.discogs.com/release/9966761-Julio-Iglesias-Sono-Un-Pirata-Sono-Un-Signore,Gianni Belfiore | Maria Grever,"Rafael Ferro [Arranged By, Directed By] | Gianni Belfiore [Written-By] | Maria Grever [Written-By]",
Julio Iglesias,"Sono Un Pirata Sono Un Signore = Soy Un Trujan, Soy Un Señor",A2,2:58,"Sono Un Pirata, Sono Un Signore",1978,Italy,CBS,CBS 82838,Vinyl / LP | Album | Stereo / Gatefold,"Latin, Pop","Chanson, Vocal",Italiani,https://www.discogs.com/release/9966761-Julio-Iglesias-Sono-Un-Pirata-Sono-Un-Signore,Gianni Belfiore | Julio Iglesias | Manuel De La Calva | Ramón Arcusa,"Ramón Arcusa [Arranged By, Directed By] | Gianni Belfiore [Written-By] | Julio Iglesias [Written-By] | Manuel De La Calva [Written-By] | Ramón Arcusa [Written-By]",
Julio Iglesias,Dove Sarai = Donde Estaras,A3,2:58,"Sono Un Pirata, Sono Un Signore",1978,Italy,CBS,CBS 82838,Vinyl / LP | Album | Stereo / Gatefold,"Latin, Pop","Chanson, Vocal",Italiani,https://www.discogs.com/release/9966761-Julio-Iglesias-Sono-Un-Pirata-Sono-Un-Signore,Gianni Belfiore | Manuel De La Calva | Ramón Arcusa,"Ramón Arcusa [Arranged By, Directed By] | Gianni Belfiore [Written-By] | Manuel De La Calva [Written-By] | Ramón Arcusa [Written-By]",
Julio Iglesias,Amico = Gavilan O Paloma,A4,4:38,"Sono Un Pirata, Sono Un Signore",1978,Italy,CBS,CBS 82838,Vinyl / LP | Album | Stereo / Gatefold,"Latin, Pop","Chanson, Vocal",Italiani,https://www.discogs.com/release/9966761-Julio-Iglesias-Sono-Un-Pirata-Sono-Un-Signore,Gianni Belfiore | Rafael Pérez-Botija,"Ramón Arcusa [Arranged By, Directed By] | Gianni Belfiore [Written-By] | Rafael Pérez-Botija [Written-By]",
Julio Iglesias,Abbracciami = Abrazame,A5,4:43,"Sono Un Pirata, Sono Un Signore",1978,Italy,CBS,CBS 82838,Vinyl / LP | Album | Stereo / Gatefold,"Latin, Pop","Chanson, Vocal",Italiani,https://www.discogs.com/release/9966761-Julio-Iglesias-Sono-Un-Pirata-Sono-Un-Signore,Gianni Belfiore | Julio Iglesias | Rafael Ferro,"Rafael Ferro [Arranged By, Directed By] | Gianni Belfiore [Written-By] | Julio Iglesias [Written-By] | Rafael Ferro [Written-By]",
Julio Iglesias,Restiamo Ancora Insieme = Para Que No Me Olvides,B1,4:03,"Sono Un Pirata, Sono Un Signore",1978,Italy,CBS,CBS 82838,Vinyl / LP | Album | Stereo / Gatefold,"Latin, Pop","Chanson, Vocal",Italiani,https://www.discogs.com/release/9966761-Julio-Iglesias-Sono-Un-Pirata-Sono-Un-Signore,Gianni Belfiore | Ray Girado,"Ramón Arcusa [Arranged By, Directed By] | Gianni Belfiore [Written-By] | Ray Girado [Written-By]",
Julio Iglesias,33 Anni = 33 Años,B2,3:51,"Sono Un Pirata, Sono Un Signore",1978,Italy,CBS,CBS 82838,Vinyl / LP | Album | Stereo / Gatefold,"Latin, Pop","Chanson, Vocal",Italiani,https://www.discogs.com/release/9966761-Julio-Iglesias-Sono-Un-Pirata-Sono-Un-Signore,Gianni Belfiore | Julio Iglesias,"Ramón Arcusa [Arranged By, Directed By] | Gianni Belfiore [Written-By] | Julio Iglesias [Written-By]",
Julio Iglesias,Seguirò Il Mio Cammino = Seguiré Mi Camino,B3,3:11,"Sono Un Pirata, Sono Un Signore",1978,Italy,CBS,CBS 82838,Vinyl / LP | Album | Stereo / Gatefold,"Latin, Pop","Chanson, Vocal",Italiani,https://www.discogs.com/release/9966761-Julio-Iglesias-Sono-Un-Pirata-Sono-Un-Signore,Dino Ramos | Gianni Belfiore | Julio Iglesias,"Ramón Arcusa [Arranged By, Directed By] | Dino Ramos [Written-By] | Gianni Belfiore [Written-By] | Julio Iglesias [Written-By]",
Julio Iglesias,Sono Sempre Io = Cada Dia Mas,B4,3:11,"Sono Un Pirata, Sono Un Signore",1978,Italy,CBS,CBS 82838,Vinyl / LP | Album | Stereo / Gatefold,"Latin, Pop","Chanson, Vocal",Italiani,https://www.discogs.com/release/9966761-Julio-Iglesias-Sono-Un-Pirata-Sono-Un-Signore,Gianni Belfiore | Julio Iglesias | Manuel De La Calva,"Ramón Arcusa [Arranged By, Directed By] | Gianni Belfiore [Written-By] | Julio Iglesias [Written-By] | Manuel De La Calva [Written-By]",
Julio Iglesias,Stai = Limelight,B5,5:01,"Sono Un Pirata, Sono Un Signore",1978,Italy,CBS,CBS 82838,Vinyl / LP | Album | Stereo / Gatefold,"Latin, Pop","Chanson, Vocal",Italiani,https://www.discogs.com/release/9966761-Julio-Iglesias-Sono-Un-Pirata-Sono-Un-Signore,Charlie Chaplin | Gianni Belfiore | Vincenzo Ardo,"Ramón Arcusa [Arranged By, Directed By] | Charlie Chaplin [Written-By] | Gianni Belfiore [Written-By] | Vincenzo Ardo [Written-By]",
Claudio Baglioni,Con Te,A1,3:50,E Tu Come Stai?,1978,Italy,CBS,CBS 83335,Vinyl / LP | Album | Stereo / Gatefold,"Rock, Pop","Pop Rock, Ballad",Italiani,https://www.discogs.com/release/3119336-Claudio-Baglioni-E-Tu-Come-Stai,,"Jacques Chambon [Oboe] | Benoît Widemann [Synthesizer [Oberheim, Minimoog]]",
Claudio Baglioni,Signori Si Chiude,A2,3:40,E Tu Come Stai?,1978,Italy,CBS,CBS 83335,Vinyl / LP | Album | Stereo / Gatefold,"Rock, Pop","Pop Rock, Ballad",Italiani,https://www.discogs.com/release/3119336-Claudio-Baglioni-E-Tu-Come-Stai,,Claudio Baglioni [Backing Vocals],
Claudio Baglioni,Ti Amo Ancora,A3,4:00,E Tu Come Stai?,1978,Italy,CBS,CBS 83335,Vinyl / LP | Album | Stereo / Gatefold,"Rock, Pop","Pop Rock, Ballad",Italiani,https://www.discogs.com/release/3119336-Claudio-Baglioni-E-Tu-Come-Stai,,Paola Massari [Backing Vocals],
Claudio Baglioni,Giorni Di Neve,A4,3:16,E Tu Come Stai?,1978,Italy,CBS,CBS 83335,Vinyl / LP | Album | Stereo / Gatefold,"Rock, Pop","Pop Rock, Ballad",Italiani,https://www.discogs.com/release/3119336-Claudio-Baglioni-E-Tu-Come-Stai,,Luciano Ciccaglioni [Synthesizer [ARP Avatar]],
Claudio Baglioni,Loro Sono Là,A5,4:13,E Tu Come Stai?,1978,Italy,CBS,CBS 83335,Vinyl / LP | Album | Stereo / Gatefold,"Rock, Pop","Pop Rock, Ballad",Italiani,https://www.discogs.com/release/3119336-Claudio-Baglioni-E-Tu-Come-Stai,,"Benoît Widemann [Synthesizer [Oberheim, Minimoog]]",
Claudio Baglioni,E Tu Come Stai?,B1,3:30,E Tu Come Stai?,1978,Italy,CBS,CBS 83335,Vinyl / LP | Album | Stereo / Gatefold,"Rock, Pop","Pop Rock, Ballad",Italiani,https://www.discogs.com/release/3119336-Claudio-Baglioni-E-Tu-Come-Stai,,"Benoît Widemann [Synthesizer [Oberheim, Minimoog]]",
Claudio Baglioni,Un Pò Di Più,B2,4:30,E Tu Come Stai?,1978,Italy,CBS,CBS 83335,Vinyl / LP | Album | Stereo / Gatefold,"Rock, Pop","Pop Rock, Ballad",Italiani,https://www.discogs.com/release/3119336-Claudio-Baglioni-E-Tu-Come-Stai,,"Claudio Baglioni [Choir] | Benoît Widemann [Synthesizer [Oberheim, Minimoog]] | Rodolfo Bianchi [Tenor Saxophone]",
Claudio Baglioni,Quando È Così,B3,3:57,E Tu Come Stai?,1978,Italy,CBS,CBS 83335,Vinyl / LP | Album | Stereo / Gatefold,"Rock, Pop","Pop Rock, Ballad",Italiani,https://www.discogs.com/release/3119336-Claudio-Baglioni-E-Tu-Come-Stai,,"Claudio Baglioni [Choir] | Jacques Chambon [Oboe] | Benoît Widemann [Synthesizer [Oberheim, Minimoog]] | Rodolfo Bianchi [Tenor Saxophone]",
Claudio Baglioni,Ancora La Pioggia Cadrà,B4,6:08,E Tu Come Stai?,1978,Italy,CBS,CBS 83335,Vinyl / LP | Album | Stereo / Gatefold,"Rock, Pop","Pop Rock, Ballad",Italiani,https://www.discogs.com/release/3119336-Claudio-Baglioni-E-Tu-Come-Stai,,"Francis Pierre [Harp] | Benoît Widemann [Synthesizer [Oberheim, Minimoog]]",
Julio Iglesias,Manuela,A1,3:21,Da Manuela A Pensami (Volume 1),1979,Italy,CBS,CBS 88336,Vinyl / LP | Compilation / Gatefold,"Pop, Folk, World, & Country","Chanson, Vocal",Italiani,https://www.discogs.com/release/3836699-Julio-Iglesias-Da-Manuela-A-Pensami-Volume-1,Ana Magdalena | Daniele Pace | Manuel Alejandro,Ana Magdalena [Written-By] | Daniele Pace [Written-By] | Manuel Alejandro [Written-By],
Julio Iglesias,Da Quando Sei Tornata,A2,3:04,Da Manuela A Pensami (Volume 1),1979,Italy,CBS,CBS 88336,Vinyl / LP | Compilation / Gatefold,"Pop, Folk, World, & Country","Chanson, Vocal",Italiani,https://www.discogs.com/release/3836699-Julio-Iglesias-Da-Manuela-A-Pensami-Volume-1,Cecilia (5) | Mario Coppola,Cecilia (5) [Written-By] | Mario Coppola [Written-By],
Julio Iglesias,Bimba,A3,4:00,Da Manuela A Pensami (Volume 1),1979,Italy,CBS,CBS 88336,Vinyl / LP | Compilation / Gatefold,"Pop, Folk, World, & Country","Chanson, Vocal",Italiani,https://www.discogs.com/release/3836699-Julio-Iglesias-Da-Manuela-A-Pensami-Volume-1,Ana Magdalena | Manuel Alejandro | Roberto Arnaldi,Ana Magdalena [Written-By] | Manuel Alejandro [Written-By] | Roberto Arnaldi [Written-By],
Julio Iglesias,Quella Di Sempre,A4,3:28,Da Manuela A Pensami (Volume 1),1979,Italy,CBS,CBS 88336,Vinyl / LP | Compilation / Gatefold,"Pop, Folk, World, & Country","Chanson, Vocal",Italiani,https://www.discogs.com/release/3836699-Julio-Iglesias-Da-Manuela-A-Pensami-Volume-1,Alberto Salerno | Ana Magdalena | Manuel Alejandro,Alberto Salerno [Written-By] | Ana Magdalena [Written-By] | Manuel Alejandro [Written-By],
Julio Iglesias,Caminito,A5,3:30,Da Manuela A Pensami (Volume 1),1979,Italy,CBS,CBS 88336,Vinyl / LP | Compilation / Gatefold,"Pop, Folk, World, & Country","Chanson, Vocal",Italiani,https://www.discogs.com/release/3836699-Julio-Iglesias-Da-Manuela-A-Pensami-Volume-1,Gabino Coria Peñaloza | Juan de Dios Filiberto,Gabino Coria Peñaloza [Written-By] | Juan de Dios Filiberto [Written-By],
Julio Iglesias,Se Mi Lasci Non Vale,B1,3:00,Da Manuela A Pensami (Volume 1),1979,Italy,CBS,CBS 88336,Vinyl / LP | Compilation / Gatefold,"Pop, Folk, World, & Country","Chanson, Vocal",Italiani,https://www.discogs.com/release/3836699-Julio-Iglesias-Da-Manuela-A-Pensami-Volume-1,L. Rossi-G. Belfiore-L.Rossi | Gianni Belfiore | Luciano Rossi,L. Rossi-G. Belfiore-L.Rossi [Written By] | Gianni Belfiore [Written-By] | Luciano Rossi [Written-By],
Julio Iglesias,A Eleonora Perchè È Un Fiore,B2,4:00,Da Manuela A Pensami (Volume 1),1979,Italy,CBS,CBS 88336,Vinyl / LP | Compilation / Gatefold,"Pop, Folk, World, & Country","Chanson, Vocal",Italiani,https://www.discogs.com/release/3836699-Julio-Iglesias-Da-Manuela-A-Pensami-Volume-1,Gianni Belfiore | Roberto Livi,Gianni Belfiore [Written-By] | Roberto Livi [Written-By],
Julio Iglesias,Anima Ribelle,B3,3:16,Da Manuela A Pensami (Volume 1),1979,Italy,CBS,CBS 88336,Vinyl / LP | Compilation / Gatefold,"Pop, Folk, World, & Country","Chanson, Vocal",Italiani,https://www.discogs.com/release/3836699-Julio-Iglesias-Da-Manuela-A-Pensami-Volume-1,Gianni Belfiore | Julio Iglesias | Rafael Ferro,Gianni Belfiore [Written-By] | Julio Iglesias [Written-By] | Rafael Ferro [Written-By],
Julio Iglesias,Non Rimane Che Un Addio,B4,3:34,Da Manuela A Pensami (Volume 1),1979,Italy,CBS,CBS 88336,Vinyl / LP | Compilation / Gatefold,"Pop, Folk, World, & Country","Chanson, Vocal",Italiani,https://www.discogs.com/release/3836699-Julio-Iglesias-Da-Manuela-A-Pensami-Volume-1,Cecilia (5) | Julio Iglesias | Mario Coppola | Rafael Ferro,Cecilia (5) [Written-By] | Julio Iglesias [Written-By] | Mario Coppola [Written-By] | Rafael Ferro [Written-By],
Julio Iglesias,Solamente Una Vez,B5,3:37,Da Manuela A Pensami (Volume 1),1979,Italy,CBS,CBS 88336,Vinyl / LP | Compilation / Gatefold,"Pop, Folk, World, & Country","Chanson, Vocal",Italiani,https://www.discogs.com/release/3836699-Julio-Iglesias-Da-Manuela-A-Pensami-Volume-1,Agustin Lara,Agustin Lara [Written-By],
Julio Iglesias,"Sono Un Pirata, Sono Un Signore",C1,2:58,Da Manuela A Pensami (Volume 1),1979,Italy,CBS,CBS 88336,Vinyl / LP | Compilation / Gatefold,"Pop, Folk, World, & Country","Chanson, Vocal",Italiani,https://www.discogs.com/release/3836699-Julio-Iglesias-Da-Manuela-A-Pensami-Volume-1,Gianni Belfiore | Julio Iglesias | Manuel De La Calva | Ramón Arcusa,Gianni Belfiore [Written-By] | Julio Iglesias [Written-By] | Manuel De La Calva [Written-By] | Ramón Arcusa [Written-By],
Julio Iglesias,Un Amore A Matita,C2,3:02,Da Manuela A Pensami (Volume 1),1979,Italy,CBS,CBS 88336,Vinyl / LP | Compilation / Gatefold,"Pop, Folk, World, & Country","Chanson, Vocal",Italiani,https://www.discogs.com/release/3836699-Julio-Iglesias-Da-Manuela-A-Pensami-Volume-1,Gianni Belfiore | Julio Iglesias | Rafael Ferro,Gianni Belfiore [Written-By] | Julio Iglesias [Written-By] | Rafael Ferro [Written-By],
Julio Iglesias,Restiamo Ancora Insieme,C3,4:03,Da Manuela A Pensami (Volume 1),1979,Italy,CBS,CBS 88336,Vinyl / LP | Compilation / Gatefold,"Pop, Folk, World, & Country","Chanson, Vocal",Italiani,https://www.discogs.com/release/3836699-Julio-Iglesias-Da-Manuela-A-Pensami-Volume-1,Gianni Belfiore | Ray Girado,Gianni Belfiore [Written-By] | Ray Girado [Written-By],
Julio Iglesias,Passar Di Mano,C4,3:45,Da Manuela A Pensami (Volume 1),1979,Italy,CBS,CBS 88336,Vinyl / LP | Compilation / Gatefold,"Pop, Folk, World, & Country","Chanson, Vocal",Italiani,https://www.discogs.com/release/3836699-Julio-Iglesias-Da-Manuela-A-Pensami-Volume-1,Danny Daniel | Gianni Belfiore | Sonny Marti,Danny Daniel [Written-By] | Gianni Belfiore [Written-By] | Sonny Marti [Written-By],
Julio Iglesias,Guantanamera,C5,3:45,Da Manuela A Pensami (Volume 1),1979,Italy,CBS,CBS 88336,Vinyl / LP | Compilation / Gatefold,"Pop, Folk, World, & Country","Chanson, Vocal",Italiani,https://www.discogs.com/release/3836699-Julio-Iglesias-Da-Manuela-A-Pensami-Volume-1,Hector Angulo | José Fernandez Diaz | José Martí | Pete Seeger,Hector Angulo [Written-By] | José Fernandez Diaz [Written-By] | José Martí [Written-By] | Pete Seeger [Written-By],
Julio Iglesias,Pensami,D1,4:04,Da Manuela A Pensami (Volume 1),1979,Italy,CBS,CBS 88336,Vinyl / LP | Compilation / Gatefold,"Pop, Folk, World, & Country","Chanson, Vocal",Italiani,https://www.discogs.com/release/3836699-Julio-Iglesias-Da-Manuela-A-Pensami-Volume-1,Gianni Belfiore | Maria Grever,Gianni Belfiore [Written-By] | Maria Grever [Written-By],
Julio Iglesias,Piccole Grandi Cose,D2,3:41,Da Manuela A Pensami (Volume 1),1979,Italy,CBS,CBS 88336,Vinyl / LP | Compilation / Gatefold,"Pop, Folk, World, & Country","Chanson, Vocal",Italiani,https://www.discogs.com/release/3836699-Julio-Iglesias-Da-Manuela-A-Pensami-Volume-1,Giorgio Calabrese | Julio Iglesias | Rafael Ferro,Giorgio Calabrese [Written-By] | Julio Iglesias [Written-By] | Rafael Ferro [Written-By],
Julio Iglesias,La Ragazza Di Ypacarai,D3,,Da Manuela A Pensami (Volume 1),1979,Italy,CBS,CBS 88336,Vinyl / LP | Compilation / Gatefold,"Pop, Folk, World, & Country","Chanson, Vocal",Italiani,https://www.discogs.com/release/3836699-Julio-Iglesias-Da-Manuela-A-Pensami-Volume-1,Demetrio Ortiz | Gianni Belfiore | Zulema De Mirkin,Demetrio Ortiz [Written-By] | Gianni Belfiore [Written-By] | Zulema De Mirkin [Written-By],
Julio Iglesias,Quel Punto In Più,D4,2:52,Da Manuela A Pensami (Volume 1),1979,Italy,CBS,CBS 88336,Vinyl / LP | Compilation / Gatefold,"Pop, Folk, World, & Country","Chanson, Vocal",Italiani,https://www.discogs.com/release/3836699-Julio-Iglesias-Da-Manuela-A-Pensami-Volume-1,Cecilia (5) | Gianni Belfiore | Julio Iglesias,Cecilia (5) [Written-By] | Gianni Belfiore [Written-By] | Julio Iglesias [Written-By],
Julio Iglesias,De Un Mundo Raro,D5,3:12,Da Manuela A Pensami (Volume 1),1979,Italy,CBS,CBS 88336,Vinyl / LP | Compilation / Gatefold,"Pop, Folk, World, & Country","Chanson, Vocal",Italiani,https://www.discogs.com/release/3836699-Julio-Iglesias-Da-Manuela-A-Pensami-Volume-1,José Alfredo Jiménez,José Alfredo Jiménez [Written-By],
Pooh,Sara Nel Sole,A1,,Rotolando Respirando,1977,Italy,CGD,CGD 20012,Vinyl / LP | Album | Stereo,Pop,"Vocal, Ballad",Italiani,https://www.discogs.com/release/2977921-I-Pooh-Rotolando-Respirando,Roby Facchinetti | Valerio Negrini,Roby Facchinetti [Written-By] | Valerio Negrini [Written-By],
Pooh,Bella,A2,,Rotolando Respirando,1977,Italy,CGD,CGD 20012,Vinyl / LP | Album | Stereo,Pop,"Vocal, Ballad",Italiani,https://www.discogs.com/release/2977921-I-Pooh-Rotolando-Respirando,Roby Facchinetti | Valerio Negrini,Roby Facchinetti [Written-By] | Valerio Negrini [Written-By],
Pooh,In Diretta Nel Vento,A3,,Rotolando Respirando,1977,Italy,CGD,CGD 20012,Vinyl / LP | Album | Stereo,Pop,"Vocal, Ballad",Italiani,https://www.discogs.com/release/2977921-I-Pooh-Rotolando-Respirando,Dodi Battaglia | Valerio Negrini,Dodi Battaglia [Written-By] | Valerio Negrini [Written-By],
Pooh,Che Ne Fai Di Te,A4,,Rotolando Respirando,1977,Italy,CGD,CGD 20012,Vinyl / LP | Album | Stereo,Pop,"Vocal, Ballad",Italiani,https://www.discogs.com/release/2977921-I-Pooh-Rotolando-Respirando,Roby Facchinetti | Stefano D'Orazio,Roby Facchinetti [Written-By] | Stefano D'Orazio [Written-By],
Pooh,Rotolando Respirando,A5,,Rotolando Respirando,1977,Italy,CGD,CGD 20012,Vinyl / LP | Album | Stereo,Pop,"Vocal, Ballad",Italiani,https://www.discogs.com/release/2977921-I-Pooh-Rotolando-Respirando,Roby Facchinetti | Valerio Negrini,Roby Facchinetti [Written-By] | Valerio Negrini [Written-By],
Pooh,Per Una Donna,B1,,Rotolando Respirando,1977,Italy,CGD,CGD 20012,Vinyl / LP | Album | Stereo,Pop,"Vocal, Ballad",Italiani,https://www.discogs.com/release/2977921-I-Pooh-Rotolando-Respirando,Roby Facchinetti | Valerio Negrini,Roby Facchinetti [Written-By] | Valerio Negrini [Written-By],
Pooh,Il Suo Tempo E Noi,B2,,Rotolando Respirando,1977,Italy,CGD,CGD 20012,Vinyl / LP | Album | Stereo,Pop,"Vocal, Ballad",Italiani,https://www.discogs.com/release/2977921-I-Pooh-Rotolando-Respirando,Red Canzian | Roby Facchinetti | Valerio Negrini,Red Canzian [Written-By] | Roby Facchinetti [Written-By] | Valerio Negrini [Written-By],
Pooh,Una Domenica Da Buttare,B3,,Rotolando Respirando,1977,Italy,CGD,CGD 20012,Vinyl / LP | Album | Stereo,Pop,"Vocal, Ballad",Italiani,https://www.discogs.com/release/2977921-I-Pooh-Rotolando-Respirando,Dodi Battaglia | Roby Facchinetti | Valerio Negrini,Dodi Battaglia [Written-By] | Roby Facchinetti [Written-By] | Valerio Negrini [Written-By],
Pooh,Dammi Solo Un Minuto,B4,,Rotolando Respirando,1977,Italy,CGD,CGD 20012,Vinyl / LP | Album | Stereo,Pop,"Vocal, Ballad",Italiani,https://www.discogs.com/release/2977921-I-Pooh-Rotolando-Respirando,Roby Facchinetti | Valerio Negrini,Roby Facchinetti [Written-By] | Valerio Negrini [Written-By],
Pooh,Ancora Tra Un Anno,B5,,Rotolando Respirando,1977,Italy,CGD,CGD 20012,Vinyl / LP | Album | Stereo,Pop,"Vocal, Ballad",Italiani,https://www.discogs.com/release/2977921-I-Pooh-Rotolando-Respirando,Roby Facchinetti | Valerio Negrini,Roby Facchinetti [Written-By] | Valerio Negrini [Written-By],
Pooh,Caro Me Stesso Mio,A1,3:43,... Stop,1980,Italy,CGD,CGD 20225,Vinyl / LP | Album | Stereo / Gatefold,"Rock, Pop",Pop Rock,Italiani,https://www.discogs.com/release/2194572-Pooh--Stop,Roby Facchinetti | Valerio Negrini,Roby Facchinetti [Written-By] | Valerio Negrini [Written-By],
Pooh,Stagione Di Vento,A2,4:15,... Stop,1980,Italy,CGD,CGD 20225,Vinyl / LP | Album | Stereo / Gatefold,"Rock, Pop",Pop Rock,Italiani,https://www.discogs.com/release/2194572-Pooh--Stop,Roby Facchinetti | Valerio Negrini,Roby Facchinetti [Written-By] | Valerio Negrini [Written-By],
Pooh,Numero Uno,A3,4:16,... Stop,1980,Italy,CGD,CGD 20225,Vinyl / LP | Album | Stereo / Gatefold,"Rock, Pop",Pop Rock,Italiani,https://www.discogs.com/release/2194572-Pooh--Stop,Roby Facchinetti | Stefano D'Orazio,Roby Facchinetti [Written-By] | Stefano D'Orazio [Written-By],
Pooh,Vienna,A4,3:45,... Stop,1980,Italy,CGD,CGD 20225,Vinyl / LP | Album | Stereo / Gatefold,"Rock, Pop",Pop Rock,Italiani,https://www.discogs.com/release/2194572-Pooh--Stop,Dodi Battaglia | Valerio Negrini,Dodi Battaglia [Written-By] | Valerio Negrini [Written-By],
Pooh,"Ali Per Guardare, Occhi Per Volare",A5,2:49,... Stop,1980,Italy,CGD,CGD 20225,Vinyl / LP | Album | Stereo / Gatefold,"Rock, Pop",Pop Rock,Italiani,https://www.discogs.com/release/2194572-Pooh--Stop,Roby Facchinetti | Valerio Negrini,"Franco Monaldi [Arranged By, Conductor] | Roby Facchinetti [Written-By] | Valerio Negrini [Written-By]",
Pooh,Canterò Per Te,B1,3:50,... Stop,1980,Italy,CGD,CGD 20225,Vinyl / LP | Album | Stereo / Gatefold,"Rock, Pop",Pop Rock,Italiani,https://www.discogs.com/release/2194572-Pooh--Stop,Dodi Battaglia | Valerio Negrini,Dodi Battaglia [Written-By] | Valerio Negrini [Written-By],
Pooh,Aria Di Mezzanotte,B2,4:00,... Stop,1980,Italy,CGD,CGD 20225,Vinyl / LP | Album | Stereo / Gatefold,"Rock, Pop",Pop Rock,Italiani,https://www.discogs.com/release/2194572-Pooh--Stop,Red Canzian | Roby Facchinetti | Stefano D'Orazio,Red Canzian [Written-By] | Roby Facchinetti [Written-By] | Stefano D'Orazio [Written-By],
Pooh,Quasi Città,B3,4:08,... Stop,1980,Italy,CGD,CGD 20225,Vinyl / LP | Album | Stereo / Gatefold,"Rock, Pop",Pop Rock,Italiani,https://www.discogs.com/release/2194572-Pooh--Stop,Roby Facchinetti | Valerio Negrini,Roby Facchinetti [Written-By] | Valerio Negrini [Written-By],
Pooh,Gatto Di Strada,B4,4:17,... Stop,1980,Italy,CGD,CGD 20225,Vinyl / LP | Album | Stereo / Gatefold,"Rock, Pop",Pop Rock,Italiani,https://www.discogs.com/release/2194572-Pooh--Stop,Red Canzian | Valerio Negrini,Red Canzian [Written-By] | Valerio Negrini [Written-By],
Pooh,Inca,B5,4:40,... Stop,1980,Italy,CGD,CGD 20225,Vinyl / LP | Album | Stereo / Gatefold,"Rock, Pop",Pop Rock,Italiani,https://www.discogs.com/release/2194572-Pooh--Stop,Roby Facchinetti | Valerio Negrini,Roby Facchinetti [Written-By] | Valerio Negrini [Written-By],
Pooh,Buona Fortuna,A1,3:48,Buona Fortuna,1981,Italy,CGD,CGD 20264,Vinyl / LP | Album | Stereo / Gatefold,"Rock, Pop","Chanson, Pop Rock",Italiani,https://www.discogs.com/release/2202171-Pooh-Buona-Fortuna,,Stefano D'Orazio [Lyrics By] | Roby Facchinetti [Music By],
Pooh,Banda Nel Vento,A2,4:34,Buona Fortuna,1981,Italy,CGD,CGD 20264,Vinyl / LP | Album | Stereo / Gatefold,"Rock, Pop","Chanson, Pop Rock",Italiani,https://www.discogs.com/release/2202171-Pooh-Buona-Fortuna,,Valerio Negrini [Lyrics By] | Roby Facchinetti [Music By],
Pooh,Lascia Che Sia,A3,3:50,Buona Fortuna,1981,Italy,CGD,CGD 20264,Vinyl / LP | Album | Stereo / Gatefold,"Rock, Pop","Chanson, Pop Rock",Italiani,https://www.discogs.com/release/2202171-Pooh-Buona-Fortuna,,Stefano D'Orazio [Lyrics By] | Roby Facchinetti [Music By],
Pooh,Compleanno Di Maggio,A4,3:40,Buona Fortuna,1981,Italy,CGD,CGD 20264,Vinyl / LP | Album | Stereo / Gatefold,"Rock, Pop","Chanson, Pop Rock",Italiani,https://www.discogs.com/release/2202171-Pooh-Buona-Fortuna,,Valerio Negrini [Lyrics By] | Dodi Battaglia [Music By],
Pooh,Gente Della Sera,A5,4:10,Buona Fortuna,1981,Italy,CGD,CGD 20264,Vinyl / LP | Album | Stereo / Gatefold,"Rock, Pop","Chanson, Pop Rock",Italiani,https://www.discogs.com/release/2202171-Pooh-Buona-Fortuna,,Valerio Negrini [Lyrics By] | Roby Facchinetti [Music By],
Pooh,Fuori Stagione,B1,3:18,Buona Fortuna,1981,Italy,CGD,CGD 20264,Vinyl / LP | Album | Stereo / Gatefold,"Rock, Pop","Chanson, Pop Rock",Italiani,https://www.discogs.com/release/2202171-Pooh-Buona-Fortuna,,Valerio Negrini [Lyrics By] | Roby Facchinetti [Music By],
Pooh,Dove Sto Domani,B2,4:15,Buona Fortuna,1981,Italy,CGD,CGD 20264,Vinyl / LP | Album | Stereo / Gatefold,"Rock, Pop","Chanson, Pop Rock",Italiani,https://www.discogs.com/release/2202171-Pooh-Buona-Fortuna,,Valerio Negrini [Lyrics By] | Roby Facchinetti [Music By],
Pooh,Replay,B3,3:42,Buona Fortuna,1981,Italy,CGD,CGD 20264,Vinyl / LP | Album | Stereo / Gatefold,"Rock, Pop","Chanson, Pop Rock",Italiani,https://www.discogs.com/release/2202171-Pooh-Buona-Fortuna,,Valerio Negrini [Lyrics By] | Red Canzian [Music By],
Pooh,Fotografie,B4,3:50,Buona Fortuna,1981,Italy,CGD,CGD 20264,Vinyl / LP | Album | Stereo / Gatefold,"Rock, Pop","Chanson, Pop Rock",Italiani,https://www.discogs.com/release/2202171-Pooh-Buona-Fortuna,,Valerio Negrini [Lyrics By] | Dodi Battaglia [Music By],
Pooh,Chi Fermerà La Musica,B5,4:51,Buona Fortuna,1981,Italy,CGD,CGD 20264,Vinyl / LP | Album | Stereo / Gatefold,"Rock, Pop","Chanson, Pop Rock",Italiani,https://www.discogs.com/release/2202171-Pooh-Buona-Fortuna,,Valerio Negrini [Lyrics By] | Roby Facchinetti [Music By],
Pooh,Cara Sconosciuta,A1,4:35,Tropico Del Nord,1983,Italy,CGD,CGD 20373,Vinyl / LP | Album | Stereo / Gatefold,"Rock, Pop","Chanson, Pop Rock",Italiani,https://www.discogs.com/release/2039249-Pooh-Tropico-Del-Nord,Roby Facchinetti | Valerio Negrini,Roby Facchinetti [Written-By] | Valerio Negrini [Written-By],
Pooh,Cosa Dici Di Me,A2,4:54,Tropico Del Nord,1983,Italy,CGD,CGD 20373,Vinyl / LP | Album | Stereo / Gatefold,"Rock, Pop","Chanson, Pop Rock",Italiani,https://www.discogs.com/release/2039249-Pooh-Tropico-Del-Nord,Roby Facchinetti | Valerio Negrini,Roby Facchinetti [Written-By] | Valerio Negrini [Written-By],
Pooh,Lettera Da Berlino Est,A3,4:39,Tropico Del Nord,1983,Italy,CGD,CGD 20373,Vinyl / LP | Album | Stereo / Gatefold,"Rock, Pop","Chanson, Pop Rock",Italiani,https://www.discogs.com/release/2039249-Pooh-Tropico-Del-Nord,Red Canzian | Roby Facchinetti | Stefano D'Orazio,Red Canzian [Written-By] | Roby Facchinetti [Written-By] | Stefano D'Orazio [Written-By],
Pooh,Grandi Speranze,A4,6:46,Tropico Del Nord,1983,Italy,CGD,CGD 20373,Vinyl / LP | Album | Stereo / Gatefold,"Rock, Pop","Chanson, Pop Rock",Italiani,https://www.discogs.com/release/2039249-Pooh-Tropico-Del-Nord,Roby Facchinetti | Valerio Negrini,Roby Facchinetti [Written-By] | Valerio Negrini [Written-By],
Pooh,Passaporto Per Le Stelle,B1,4:40,Tropico Del Nord,1983,Italy,CGD,CGD 20373,Vinyl / LP | Album | Stereo / Gatefold,"Rock, Pop","Chanson, Pop Rock",Italiani,https://www.discogs.com/release/2039249-Pooh-Tropico-Del-Nord,Roby Facchinetti | Valerio Negrini,Roby Facchinetti [Written-By] | Valerio Negrini [Written-By],
Pooh,Solo Voci,B2,1:20,Tropico Del Nord,1983,Italy,CGD,CGD 20373,Vinyl / LP | Album | Stereo / Gatefold,"Rock, Pop","Chanson, Pop Rock",Italiani,https://www.discogs.com/release/2039249-Pooh-Tropico-Del-Nord,Roby Facchinetti | Valerio Negrini,Roby Facchinetti [Written-By] | Valerio Negrini [Written-By],
Pooh,Mezzanotte Per Te,B3,4:47,Tropico Del Nord,1983,Italy,CGD,CGD 20373,Vinyl / LP | Album | Stereo / Gatefold,"Rock, Pop","Chanson, Pop Rock",Italiani,https://www.discogs.com/release/2039249-Pooh-Tropico-Del-Nord,Dodi Battaglia | Valerio Negrini,Dodi Battaglia [Written-By] | Valerio Negrini [Written-By],
Pooh, È Vero,B4,4:20,Tropico Del Nord,1983,Italy,CGD,CGD 20373,Vinyl / LP | Album | Stereo / Gatefold,"Rock, Pop","Chanson, Pop Rock",Italiani,https://www.discogs.com/release/2039249-Pooh-Tropico-Del-Nord,Roby Facchinetti | Valerio Negrini,Roby Facchinetti [Written-By] | Valerio Negrini [Written-By],
Pooh,Tropico Del Nord,B5,4:03,Tropico Del Nord,1983,Italy,CGD,CGD 20373,Vinyl / LP | Album | Stereo / Gatefold,"Rock, Pop","Chanson, Pop Rock",Italiani,https://www.discogs.com/release/2039249-Pooh-Tropico-Del-Nord,Roby Facchinetti | Stefano D'Orazio,Roby Facchinetti [Written-By] | Stefano D'Orazio [Written-By],
Pierangelo Bertoli,Eppure Soffia,A1,2:45,Eppure Soffia,1976,Italy,CGD,CGD 81800,Vinyl / LP | Album,"Rock, Pop","Chanson, Pop Rock",Italiani,https://www.discogs.com/release/1648873-PAngelo-Bertoli-Eppure-Soffia,,,
Pierangelo Bertoli,C'Era Un Tempo,A2,4:05,Eppure Soffia,1976,Italy,CGD,CGD 81800,Vinyl / LP | Album,"Rock, Pop","Chanson, Pop Rock",Italiani,https://www.discogs.com/release/1648873-PAngelo-Bertoli-Eppure-Soffia,,,
Pierangelo Bertoli,La Bala,A3,3:00,Eppure Soffia,1976,Italy,CGD,CGD 81800,Vinyl / LP | Album,"Rock, Pop","Chanson, Pop Rock",Italiani,https://www.discogs.com/release/1648873-PAngelo-Bertoli-Eppure-Soffia,,,
Pierangelo Bertoli,Sera Di Gallipoli,A4,4:45,Eppure Soffia,1976,Italy,CGD,CGD 81800,Vinyl / LP | Album,"Rock, Pop","Chanson, Pop Rock",Italiani,https://www.discogs.com/release/1648873-PAngelo-Bertoli-Eppure-Soffia,,,
Pierangelo Bertoli,Non Vincono,A5,4:00,Eppure Soffia,1976,Italy,CGD,CGD 81800,Vinyl / LP | Album,"Rock, Pop","Chanson, Pop Rock",Italiani,https://www.discogs.com/release/1648873-PAngelo-Bertoli-Eppure-Soffia,,,
Pierangelo Bertoli,Cristalli Di Memoria,A6,2:58,Eppure Soffia,1976,Italy,CGD,CGD 81800,Vinyl / LP | Album,"Rock, Pop","Chanson, Pop Rock",Italiani,https://www.discogs.com/release/1648873-PAngelo-Bertoli-Eppure-Soffia,,,
Pierangelo Bertoli,Per Dirti T'Amo,B1,3:00,Eppure Soffia,1976,Italy,CGD,CGD 81800,Vinyl / LP | Album,"Rock, Pop","Chanson, Pop Rock",Italiani,https://www.discogs.com/release/1648873-PAngelo-Bertoli-Eppure-Soffia,,,
Pierangelo Bertoli,Racconta Una Storia D'Amore,B2,4:15,Eppure Soffia,1976,Italy,CGD,CGD 81800,Vinyl / LP | Album,"Rock, Pop","Chanson, Pop Rock",Italiani,https://www.discogs.com/release/1648873-PAngelo-Bertoli-Eppure-Soffia,,,
Pierangelo Bertoli,Prega Crest,B3,3:30,Eppure Soffia,1976,Italy,CGD,CGD 81800,Vinyl / LP | Album,"Rock, Pop","Chanson, Pop Rock",Italiani,https://www.discogs.com/release/1648873-PAngelo-Bertoli-Eppure-Soffia,,,
Pierangelo Bertoli,Povera Mary,B4,4:50,Eppure Soffia,1976,Italy,CGD,CGD 81800,Vinyl / LP | Album,"Rock, Pop","Chanson, Pop Rock",Italiani,https://www.discogs.com/release/1648873-PAngelo-Bertoli-Eppure-Soffia,,,
Pierangelo Bertoli,È Nato Si Dice,B5,2:55,Eppure Soffia,1976,Italy,CGD,CGD 81800,Vinyl / LP | Album,"Rock, Pop","Chanson, Pop Rock",Italiani,https://www.discogs.com/release/1648873-PAngelo-Bertoli-Eppure-Soffia,,,
Pierangelo Bertoli,Due Occhi Blu,B6,2:52,Eppure Soffia,1976,Italy,CGD,CGD 81800,Vinyl / LP | Album,"Rock, Pop","Chanson, Pop Rock",Italiani,https://www.discogs.com/release/1648873-PAngelo-Bertoli-Eppure-Soffia,,,
Adriano Celentano,Veronica Verrai (Veronica You'll Come),A1,4:35,I Miei Americani (Tre Puntini) 2,1986,Italy,Clan Celentano,CLN 20545,Vinyl / LP | Album,"Rock, Pop","Chanson, Pop Rock",Italiani,https://www.discogs.com/release/1742942-Adriano-Celentano-I-Miei-Americani-Tre-Puntini-2,Giancarlo Bigazzi | Gianna Albini | Katamar,Giancarlo Bigazzi [Written-By] | Gianna Albini [Written-By] | Katamar [Written-By],
Adriano Celentano,Gelosia (Jalousie),A2,4:20,I Miei Americani (Tre Puntini) 2,1986,Italy,Clan Celentano,CLN 20545,Vinyl / LP | Album,"Rock, Pop","Chanson, Pop Rock",Italiani,https://www.discogs.com/release/1742942-Adriano-Celentano-I-Miei-Americani-Tre-Puntini-2,Jacob Gade,Jacob Gade [Written-By],
Adriano Celentano,Ma Come Fa La Gente Sola (Eleonor Rigby),A3,3:18,I Miei Americani (Tre Puntini) 2,1986,Italy,Clan Celentano,CLN 20545,Vinyl / LP | Album,"Rock, Pop","Chanson, Pop Rock",Italiani,https://www.discogs.com/release/1742942-Adriano-Celentano-I-Miei-Americani-Tre-Puntini-2,Gianna Albini | Lennon-McCartney,Gianna Albini [Written-By] | Lennon-McCartney [Written-By],
Adriano Celentano,Mi Scade (She's Got It),A4,3:03,I Miei Americani (Tre Puntini) 2,1986,Italy,Clan Celentano,CLN 20545,Vinyl / LP | Album,"Rock, Pop","Chanson, Pop Rock",Italiani,https://www.discogs.com/release/1742942-Adriano-Celentano-I-Miei-Americani-Tre-Puntini-2,Adriano Celentano | John Marascalco | Michele Del Prete | Richard Penniman,Adriano Celentano [Written-By] | John Marascalco [Written-By] | Michele Del Prete [Written-By] | Richard Penniman [Written-By],
Adriano Celentano,Vivrò Per Lei (My Prayer),A5,2:42,I Miei Americani (Tre Puntini) 2,1986,Italy,Clan Celentano,CLN 20545,Vinyl / LP | Album,"Rock, Pop","Chanson, Pop Rock",Italiani,https://www.discogs.com/release/1742942-Adriano-Celentano-I-Miei-Americani-Tre-Puntini-2,Georges Boulanger | Jimmy Kennedy | Michele Del Prete,Georges Boulanger [Written-By] | Jimmy Kennedy [Written-By] | Michele Del Prete [Written-By],
Adriano Celentano,Seguirò Chi Mi Ama (Is It Love),B1,3:38,I Miei Americani (Tre Puntini) 2,1986,Italy,Clan Celentano,CLN 20545,Vinyl / LP | Album,"Rock, Pop","Chanson, Pop Rock",Italiani,https://www.discogs.com/release/1742942-Adriano-Celentano-I-Miei-Americani-Tre-Puntini-2,Beth Andersen | Claudia Mori | Giorgio Moroder,Claudia Mori [Featuring] | Beth Andersen [Written-By] | Claudia Mori [Written-By] | Giorgio Moroder [Written-By],
Adriano Celentano,L'Ascensore (Sixteen Tons),B2,2:43,I Miei Americani (Tre Puntini) 2,1986,Italy,Clan Celentano,CLN 20545,Vinyl / LP | Album,"Rock, Pop","Chanson, Pop Rock",Italiani,https://www.discogs.com/release/1742942-Adriano-Celentano-I-Miei-Americani-Tre-Puntini-2,Depsa | Merle Travis,Depsa [Written-By] | Merle Travis [Written-By],
Adriano Celentano,È Finita (Cry),B3,3:58,I Miei Americani (Tre Puntini) 2,1986,Italy,Clan Celentano,CLN 20545,Vinyl / LP | Album,"Rock, Pop","Chanson, Pop Rock",Italiani,https://www.discogs.com/release/1742942-Adriano-Celentano-I-Miei-Americani-Tre-Puntini-2,Churchill Kohlman | Michele Del Prete | Misselvia,Churchill Kohlman [Written-By] | Michele Del Prete [Written-By] | Misselvia [Written-By],
Adriano Celentano,Un'Altra Ragazza (Love Me Do),B4,4:04,I Miei Americani (Tre Puntini) 2,1986,Italy,Clan Celentano,CLN 20545,Vinyl / LP | Album,"Rock, Pop","Chanson, Pop Rock",Italiani,https://www.discogs.com/release/1742942-Adriano-Celentano-I-Miei-Americani-Tre-Puntini-2,Depsa | Lennon-McCartney | Pino Donaggio,Depsa [Written-By] | Lennon-McCartney [Written-By] | Pino Donaggio [Written-By],
Adriano Celentano,Crederò (Crazy Love),B5,3:35,I Miei Americani (Tre Puntini) 2,1986,Italy,Clan Celentano,CLN 20545,Vinyl / LP | Album,"Rock, Pop","Chanson, Pop Rock",Italiani,https://www.discogs.com/release/1742942-Adriano-Celentano-I-Miei-Americani-Tre-Puntini-2,Bruno Pallesi | Depsa | Paul Anka,Bruno Pallesi [Written-By] | Depsa [Written-By] | Paul Anka [Written-By],
Adamo,Sei Qui Con Me,A1,,I Successi Di Adamo,1972,Italy,Columbia,3C 054-23412,Vinyl / LP | Compilation | Stereo,Pop,,Italiani,https://www.discogs.com/release/3571140-Adamo-I-Successi-Di-Adamo,,,
Adamo,Lei,A2,,I Successi Di Adamo,1972,Italy,Columbia,3C 054-23412,Vinyl / LP | Compilation | Stereo,Pop,,Italiani,https://www.discogs.com/release/3571140-Adamo-I-Successi-Di-Adamo,,,
Adamo,La Notte,A3,,I Successi Di Adamo,1972,Italy,Columbia,3C 054-23412,Vinyl / LP | Compilation | Stereo,Pop,,Italiani,https://www.discogs.com/release/3571140-Adamo-I-Successi-Di-Adamo,,,
Adamo,Vous Permettez Monsieur?,A4,,I Successi Di Adamo,1972,Italy,Columbia,3C 054-23412,Vinyl / LP | Compilation | Stereo,Pop,,Italiani,https://www.discogs.com/release/3571140-Adamo-I-Successi-Di-Adamo,,,
Adamo,Amo,A5,,I Successi Di Adamo,1972,Italy,Columbia,3C 054-23412,Vinyl / LP | Compilation | Stereo,Pop,,Italiani,https://www.discogs.com/release/3571140-Adamo-I-Successi-Di-Adamo,,,
Adamo,Una Ciocca Di Capelli,A6,,I Successi Di Adamo,1972,Italy,Columbia,3C 054-23412,Vinyl / LP | Compilation | Stereo,Pop,,Italiani,https://www.discogs.com/release/3571140-Adamo-I-Successi-Di-Adamo,,,
Adamo,Affida Una Lacrima Al Vento,B1,,I Successi Di Adamo,1972,Italy,Columbia,3C 054-23412,Vinyl / LP | Compilation | Stereo,Pop,,Italiani,https://www.discogs.com/release/3571140-Adamo-I-Successi-Di-Adamo,,,
Adamo,Non Voglio Nascondermi,B2,,I Successi Di Adamo,1972,Italy,Columbia,3C 054-23412,Vinyl / LP | Compilation | Stereo,Pop,,Italiani,https://www.discogs.com/release/3571140-Adamo-I-Successi-Di-Adamo,,,
Adamo,Inch'Allah,B3,,I Successi Di Adamo,1972,Italy,Columbia,3C 054-23412,Vinyl / LP | Compilation | Stereo,Pop,,Italiani,https://www.discogs.com/release/3571140-Adamo-I-Successi-Di-Adamo,,,
Adamo,Ho Tanti Sogni Nel Mio Bagaglio,B4,,I Successi Di Adamo,1972,Italy,Columbia,3C 054-23412,Vinyl / LP | Compilation | Stereo,Pop,,Italiani,https://www.discogs.com/release/3571140-Adamo-I-Successi-Di-Adamo,,,
Adamo,Non Mi Tenere Il Broncio,B5,,I Successi Di Adamo,1972,Italy,Columbia,3C 054-23412,Vinyl / LP | Compilation | Stereo,Pop,,Italiani,https://www.discogs.com/release/3571140-Adamo-I-Successi-Di-Adamo,,,
Adamo,Non Sei Tu,B6,,I Successi Di Adamo,1972,Italy,Columbia,3C 054-23412,Vinyl / LP | Compilation | Stereo,Pop,,Italiani,https://www.discogs.com/release/3571140-Adamo-I-Successi-Di-Adamo,,,
Claudio Lolli,Aspettando Godot,A1,6:00,Aspettando Godot,1976,Italy,"Columbia, Columbia","3C 054-17814, 3C 054 - 17814",Vinyl / LP | Album | Reissue | Stereo,"Rock, Blues, Pop, Folk, World, & Country","Folk Rock, Acoustic, Chanson, Pop Rock, Ballad",Italiani,https://www.discogs.com/release/8297077-Claudio-Lolli-Aspettando-Godot,,,
Claudio Lolli,Borghesia,A2,5:28,Aspettando Godot,1976,Italy,"Columbia, Columbia","3C 054-17814, 3C 054 - 17814",Vinyl / LP | Album | Reissue | Stereo,"Rock, Blues, Pop, Folk, World, & Country","Folk Rock, Acoustic, Chanson, Pop Rock, Ballad",Italiani,https://www.discogs.com/release/8297077-Claudio-Lolli-Aspettando-Godot,,,
Claudio Lolli,Michel,A3,5:18,Aspettando Godot,1976,Italy,"Columbia, Columbia","3C 054-17814, 3C 054 - 17814",Vinyl / LP | Album | Reissue | Stereo,"Rock, Blues, Pop, Folk, World, & Country","Folk Rock, Acoustic, Chanson, Pop Rock, Ballad",Italiani,https://www.discogs.com/release/8297077-Claudio-Lolli-Aspettando-Godot,,,
Claudio Lolli,L'Isola Verde,A4,3:43,Aspettando Godot,1976,Italy,"Columbia, Columbia","3C 054-17814, 3C 054 - 17814",Vinyl / LP | Album | Reissue | Stereo,"Rock, Blues, Pop, Folk, World, & Country","Folk Rock, Acoustic, Chanson, Pop Rock, Ballad",Italiani,https://www.discogs.com/release/8297077-Claudio-Lolli-Aspettando-Godot,,,
Claudio Lolli,Il Tempo Dell'Illusione,A5,5:53,Aspettando Godot,1976,Italy,"Columbia, Columbia","3C 054-17814, 3C 054 - 17814",Vinyl / LP | Album | Reissue | Stereo,"Rock, Blues, Pop, Folk, World, & Country","Folk Rock, Acoustic, Chanson, Pop Rock, Ballad",Italiani,https://www.discogs.com/release/8297077-Claudio-Lolli-Aspettando-Godot,,,
Claudio Lolli,Quelli Come Noi,B1,3:53,Aspettando Godot,1976,Italy,"Columbia, Columbia","3C 054-17814, 3C 054 - 17814",Vinyl / LP | Album | Reissue | Stereo,"Rock, Blues, Pop, Folk, World, & Country","Folk Rock, Acoustic, Chanson, Pop Rock, Ballad",Italiani,https://www.discogs.com/release/8297077-Claudio-Lolli-Aspettando-Godot,,,
Claudio Lolli,Angoscia Metropolitana,B2,5:36,Aspettando Godot,1976,Italy,"Columbia, Columbia","3C 054-17814, 3C 054 - 17814",Vinyl / LP | Album | Reissue | Stereo,"Rock, Blues, Pop, Folk, World, & Country","Folk Rock, Acoustic, Chanson, Pop Rock, Ballad",Italiani,https://www.discogs.com/release/8297077-Claudio-Lolli-Aspettando-Godot,,,
Claudio Lolli,Quello Che Mi Resta,B3,4:08,Aspettando Godot,1976,Italy,"Columbia, Columbia","3C 054-17814, 3C 054 - 17814",Vinyl / LP | Album | Reissue | Stereo,"Rock, Blues, Pop, Folk, World, & Country","Folk Rock, Acoustic, Chanson, Pop Rock, Ballad",Italiani,https://www.discogs.com/release/8297077-Claudio-Lolli-Aspettando-Godot,,,
Claudio Lolli,Quanto Amore,B4,4:04,Aspettando Godot,1976,Italy,"Columbia, Columbia","3C 054-17814, 3C 054 - 17814",Vinyl / LP | Album | Reissue | Stereo,"Rock, Blues, Pop, Folk, World, & Country","Folk Rock, Acoustic, Chanson, Pop Rock, Ballad",Italiani,https://www.discogs.com/release/8297077-Claudio-Lolli-Aspettando-Godot,,,
Claudio Lolli,Quando La Morte Avrà,B5,4:40,Aspettando Godot,1976,Italy,"Columbia, Columbia","3C 054-17814, 3C 054 - 17814",Vinyl / LP | Album | Reissue | Stereo,"Rock, Blues, Pop, Folk, World, & Country","Folk Rock, Acoustic, Chanson, Pop Rock, Ballad",Italiani,https://www.discogs.com/release/8297077-Claudio-Lolli-Aspettando-Godot,,,
Gianni Bella,Sirene,A1,5:08,Io Canto E Tu,1977,Italy,Derby,DBR 82160,Vinyl / LP | Album | Stereo,"Funk / Soul, Pop","Pop Rock, Disco",Italiani,https://www.discogs.com/release/2043977-Gianni-Bella-Io-Canto-E-Tu,Antonio E Gianni Bella,Antonio E Gianni Bella [Written-By],
Gianni Bella,Pane Caldo,A2,6:07,Io Canto E Tu,1977,Italy,Derby,DBR 82160,Vinyl / LP | Album | Stereo,"Funk / Soul, Pop","Pop Rock, Disco",Italiani,https://www.discogs.com/release/2043977-Gianni-Bella-Io-Canto-E-Tu,Antonio Bella | Giancarlo Bigazzi | Gianni Bella,Antonio Bella [Written-By] | Giancarlo Bigazzi [Written-By] | Gianni Bella [Written-By],
Gianni Bella,L'Equilibrista,A3,4:09,Io Canto E Tu,1977,Italy,Derby,DBR 82160,Vinyl / LP | Album | Stereo,"Funk / Soul, Pop","Pop Rock, Disco",Italiani,https://www.discogs.com/release/2043977-Gianni-Bella-Io-Canto-E-Tu,Antonio Bella | Giancarlo Bigazzi | Gianni Bella,Antonio Bella [Written-By] | Giancarlo Bigazzi [Written-By] | Gianni Bella [Written-By],
Gianni Bella,Io Canto E Tu,B1,3:48,Io Canto E Tu,1977,Italy,Derby,DBR 82160,Vinyl / LP | Album | Stereo,"Funk / Soul, Pop","Pop Rock, Disco",Italiani,https://www.discogs.com/release/2043977-Gianni-Bella-Io-Canto-E-Tu,Giancarlo Bigazzi | Gianni Bella,Giancarlo Bigazzi [Written-By] | Gianni Bella [Written-By],
Gianni Bella,Me Ne Andrò,B2,4:17,Io Canto E Tu,1977,Italy,Derby,DBR 82160,Vinyl / LP | Album | Stereo,"Funk / Soul, Pop","Pop Rock, Disco",Italiani,https://www.discogs.com/release/2043977-Gianni-Bella-Io-Canto-E-Tu,Giancarlo Bigazzi | Gianni Bella,Giancarlo Bigazzi [Written-By] | Gianni Bella [Written-By],
Gianni Bella,Sei,B3,4:27,Io Canto E Tu,1977,Italy,Derby,DBR 82160,Vinyl / LP | Album | Stereo,"Funk / Soul, Pop","Pop Rock, Disco",Italiani,https://www.discogs.com/release/2043977-Gianni-Bella-Io-Canto-E-Tu,Gianni Bella | Giancarlo Bigazzi,Gianni Bella [Written By] | Giancarlo Bigazzi [Written-By],
Gianni Bella,Io Canto E Tu (Strumentale),B4,3:50,Io Canto E Tu,1977,Italy,Derby,DBR 82160,Vinyl / LP | Album | Stereo,"Funk / Soul, Pop","Pop Rock, Disco",Italiani,https://www.discogs.com/release/2043977-Gianni-Bella-Io-Canto-E-Tu,Giancarlo Bigazzi | Gianni Bella,Giancarlo Bigazzi [Written-By] | Gianni Bella [Written-By],
Fausto Papetti,Djamballa',A1,,12a Raccolta,1971,Italy,Durium,ms AI 77284,Vinyl / LP | Album,"Jazz, Latin",Easy Listening,Italiani,https://www.discogs.com/release/1828093-Fausto-Papetti-12a-Raccolta,Augusto Martelli,Augusto Martelli [Written-By],
Fausto Papetti,Samba Pa Ti,A2,,12a Raccolta,1971,Italy,Durium,ms AI 77284,Vinyl / LP | Album,"Jazz, Latin",Easy Listening,Italiani,https://www.discogs.com/release/1828093-Fausto-Papetti-12a-Raccolta,Carlos Santana,Carlos Santana [Written-By],
Fausto Papetti,Tweedle Dee Tweedle Dum,A3,,12a Raccolta,1971,Italy,Durium,ms AI 77284,Vinyl / LP | Album,"Jazz, Latin",Easy Listening,Italiani,https://www.discogs.com/release/1828093-Fausto-Papetti-12a-Raccolta,Lally Stott | Mario & Giosy Capuano,Lally Stott [Written-By] | Mario & Giosy Capuano [Written-By],
Fausto Papetti,Love Story,A4,,12a Raccolta,1971,Italy,Durium,ms AI 77284,Vinyl / LP | Album,"Jazz, Latin",Easy Listening,Italiani,https://www.discogs.com/release/1828093-Fausto-Papetti-12a-Raccolta,Francis Lai,Francis Lai [Written-By],
Fausto Papetti,Tanta Voglia Di Lei,A5,,12a Raccolta,1971,Italy,Durium,ms AI 77284,Vinyl / LP | Album,"Jazz, Latin",Easy Listening,Italiani,https://www.discogs.com/release/1828093-Fausto-Papetti-12a-Raccolta,Roby Facchinetti | Valerio Negrini,Roby Facchinetti [Written-By] | Valerio Negrini [Written-By],
Fausto Papetti,Pour Un Flirt,A6,,12a Raccolta,1971,Italy,Durium,ms AI 77284,Vinyl / LP | Album,"Jazz, Latin",Easy Listening,Italiani,https://www.discogs.com/release/1828093-Fausto-Papetti-12a-Raccolta,Giorgio Calabrese | Michel Delpech | Raymond Vincent,Giorgio Calabrese [Written-By] | Michel Delpech [Written-By] | Raymond Vincent [Written-By],
Fausto Papetti,Allegro,B1,,12a Raccolta,1971,Italy,Durium,ms AI 77284,Vinyl / LP | Album,"Jazz, Latin",Easy Listening,Italiani,https://www.discogs.com/release/1828093-Fausto-Papetti-12a-Raccolta,,Fausto Papetti [Adapted By] | Wolfgang Amadeus Mozart [Composed By],
Fausto Papetti,A Face In The Crowd,B2,,12a Raccolta,1971,Italy,Durium,ms AI 77284,Vinyl / LP | Album,"Jazz, Latin",Easy Listening,Italiani,https://www.discogs.com/release/1828093-Fausto-Papetti-12a-Raccolta,Alan & Marilyn Bergman | Michel Legrand,Alan & Marilyn Bergman [Written-By] | Michel Legrand [Written-By],
Fausto Papetti,Anonimo Veneziano,B3,,12a Raccolta,1971,Italy,Durium,ms AI 77284,Vinyl / LP | Album,"Jazz, Latin",Easy Listening,Italiani,https://www.discogs.com/release/1828093-Fausto-Papetti-12a-Raccolta,Stelvio Cipriani,Stelvio Cipriani [Written-By],
Fausto Papetti,I'll Never Fall In Love Again,B4,,12a Raccolta,1971,Italy,Durium,ms AI 77284,Vinyl / LP | Album,"Jazz, Latin",Easy Listening,Italiani,https://www.discogs.com/release/1828093-Fausto-Papetti-12a-Raccolta,Bacharach And David,Bacharach And David [Written-By],
Fausto Papetti,We Shall Dance,B5,,12a Raccolta,1971,Italy,Durium,ms AI 77284,Vinyl / LP | Album,"Jazz, Latin",Easy Listening,Italiani,https://www.discogs.com/release/1828093-Fausto-Papetti-12a-Raccolta,Boris Bergman | Demis Roussos,Boris Bergman [Written-By] | Demis Roussos [Written-By],
Fausto Papetti,Meeting,B6,,12a Raccolta,1971,Italy,Durium,ms AI 77284,Vinyl / LP | Album,"Jazz, Latin",Easy Listening,Italiani,https://www.discogs.com/release/1828093-Fausto-Papetti-12a-Raccolta,Fausto Papetti,Fausto Papetti [Written-By],
Fausto Papetti,Soleado,A1,,18a Raccolta,1974,Italy,Durium,ms AI 77342,Vinyl / LP | Album / Gatefold,"Jazz, Rock, Stage & Screen","Lounge, Soft Rock, Theme, Easy Listening",Italiani,https://www.discogs.com/release/871400-Fausto-Papetti-18a-Raccolta,Zacar,Zacar [Written-By],
Fausto Papetti,A Blue Shadow,A2,,18a Raccolta,1974,Italy,Durium,ms AI 77342,Vinyl / LP | Album / Gatefold,"Jazz, Rock, Stage & Screen","Lounge, Soft Rock, Theme, Easy Listening",Italiani,https://www.discogs.com/release/871400-Fausto-Papetti-18a-Raccolta,Romolo Grano,Romolo Grano [Written-By],
Fausto Papetti,Tentation,A3,,18a Raccolta,1974,Italy,Durium,ms AI 77342,Vinyl / LP | Album / Gatefold,"Jazz, Rock, Stage & Screen","Lounge, Soft Rock, Theme, Easy Listening",Italiani,https://www.discogs.com/release/871400-Fausto-Papetti-18a-Raccolta,Claude Carrère | Ringo (6),Claude Carrère [Written-By] | Ringo (6) [Written-By],
Fausto Papetti,L'Ultima Neve Di Primavera,A4,,18a Raccolta,1974,Italy,Durium,ms AI 77342,Vinyl / LP | Album / Gatefold,"Jazz, Rock, Stage & Screen","Lounge, Soft Rock, Theme, Easy Listening",Italiani,https://www.discogs.com/release/871400-Fausto-Papetti-18a-Raccolta,Franco Micalizzi,Franco Micalizzi [Written-By],
Fausto Papetti,Love's Theme,A5,,18a Raccolta,1974,Italy,Durium,ms AI 77342,Vinyl / LP | Album / Gatefold,"Jazz, Rock, Stage & Screen","Lounge, Soft Rock, Theme, Easy Listening",Italiani,https://www.discogs.com/release/871400-Fausto-Papetti-18a-Raccolta,Barry White,Barry White [Written-By],
Fausto Papetti,The Way We Were,A6,,18a Raccolta,1974,Italy,Durium,ms AI 77342,Vinyl / LP | Album / Gatefold,"Jazz, Rock, Stage & Screen","Lounge, Soft Rock, Theme, Easy Listening",Italiani,https://www.discogs.com/release/871400-Fausto-Papetti-18a-Raccolta,Alan & Marilyn Bergman | Marvin Hamlisch,Alan & Marilyn Bergman [Written-By] | Marvin Hamlisch [Written-By],
Fausto Papetti,Peccato Veniale,B1,,18a Raccolta,1974,Italy,Durium,ms AI 77342,Vinyl / LP | Album / Gatefold,"Jazz, Rock, Stage & Screen","Lounge, Soft Rock, Theme, Easy Listening",Italiani,https://www.discogs.com/release/871400-Fausto-Papetti-18a-Raccolta,Fred Bongusto,Fred Bongusto [Written-By],
Fausto Papetti,Ricordo Di Lilia,B2,,18a Raccolta,1974,Italy,Durium,ms AI 77342,Vinyl / LP | Album / Gatefold,"Jazz, Rock, Stage & Screen","Lounge, Soft Rock, Theme, Easy Listening",Italiani,https://www.discogs.com/release/871400-Fausto-Papetti-18a-Raccolta,Armando Trovaioli,Armando Trovaioli [Written-By],
Fausto Papetti,Delitto Di Regime,B3,,18a Raccolta,1974,Italy,Durium,ms AI 77342,Vinyl / LP | Album / Gatefold,"Jazz, Rock, Stage & Screen","Lounge, Soft Rock, Theme, Easy Listening",Italiani,https://www.discogs.com/release/871400-Fausto-Papetti-18a-Raccolta,Guido And Maurizio De Angelis,Guido And Maurizio De Angelis [Written-By],
Fausto Papetti,Gesma,B4,,18a Raccolta,1974,Italy,Durium,ms AI 77342,Vinyl / LP | Album / Gatefold,"Jazz, Rock, Stage & Screen","Lounge, Soft Rock, Theme, Easy Listening",Italiani,https://www.discogs.com/release/871400-Fausto-Papetti-18a-Raccolta,Fausto Papetti | Giancarlo Sorio,Fausto Papetti [Written-By] | Giancarlo Sorio [Written-By],
Fausto Papetti,The Windmills Of Your Mind,B5,,18a Raccolta,1974,Italy,Durium,ms AI 77342,Vinyl / LP | Album / Gatefold,"Jazz, Rock, Stage & Screen","Lounge, Soft Rock, Theme, Easy Listening",Italiani,https://www.discogs.com/release/871400-Fausto-Papetti-18a-Raccolta,Michel Legrand,Michel Legrand [Written-By],
Fausto Papetti,Nutbush City Limits,B6,,18a Raccolta,1974,Italy,Durium,ms AI 77342,Vinyl / LP | Album / Gatefold,"Jazz, Rock, Stage & Screen","Lounge, Soft Rock, Theme, Easy Listening",Italiani,https://www.discogs.com/release/871400-Fausto-Papetti-18a-Raccolta,Gino Ingrosso | Tina Turner,Gino Ingrosso [Written-By] | Tina Turner [Written-By],
Pino Daniele,I Say I' Sto Ccà,A1,4:08,Nero A Metà,1980,Italy,"EMI, EMI","3C 064 18468, 3C 064-18468",Vinyl / LP | Album | Stereo / Runout 12-2-80,"Rock, Blues, Pop",Blues Rock,Italiani,https://www.discogs.com/release/1244858-Pino-Daniele-Nero-A-Metà,,,
Pino Daniele,Musica Musica,A2,2:48,Nero A Metà,1980,Italy,"EMI, EMI","3C 064 18468, 3C 064-18468",Vinyl / LP | Album | Stereo / Runout 12-2-80,"Rock, Blues, Pop",Blues Rock,Italiani,https://www.discogs.com/release/1244858-Pino-Daniele-Nero-A-Metà,,,
Pino Daniele,Quanno Chiove,A3,4:35,Nero A Metà,1980,Italy,"EMI, EMI","3C 064 18468, 3C 064-18468",Vinyl / LP | Album | Stereo / Runout 12-2-80,"Rock, Blues, Pop",Blues Rock,Italiani,https://www.discogs.com/release/1244858-Pino-Daniele-Nero-A-Metà,,,
Pino Daniele,Puozze Passà' Nu Guaio,A4,3:06,Nero A Metà,1980,Italy,"EMI, EMI","3C 064 18468, 3C 064-18468",Vinyl / LP | Album | Stereo / Runout 12-2-80,"Rock, Blues, Pop",Blues Rock,Italiani,https://www.discogs.com/release/1244858-Pino-Daniele-Nero-A-Metà,,,
Pino Daniele,Voglio Di Più,A5,4:03,Nero A Metà,1980,Italy,"EMI, EMI","3C 064 18468, 3C 064-18468",Vinyl / LP | Album | Stereo / Runout 12-2-80,"Rock, Blues, Pop",Blues Rock,Italiani,https://www.discogs.com/release/1244858-Pino-Daniele-Nero-A-Metà,,,
Pino Daniele,Appocundria,A6,1:36,Nero A Metà,1980,Italy,"EMI, EMI","3C 064 18468, 3C 064-18468",Vinyl / LP | Album | Stereo / Runout 12-2-80,"Rock, Blues, Pop",Blues Rock,Italiani,https://www.discogs.com/release/1244858-Pino-Daniele-Nero-A-Metà,,,
Pino Daniele,A Me Me Piace 'O Blues,B1,3:00,Nero A Metà,1980,Italy,"EMI, EMI","3C 064 18468, 3C 064-18468",Vinyl / LP | Album | Stereo / Runout 12-2-80,"Rock, Blues, Pop",Blues Rock,Italiani,https://www.discogs.com/release/1244858-Pino-Daniele-Nero-A-Metà,,,
Pino Daniele,E So' Cuntento 'E Stà',B2,4:29,Nero A Metà,1980,Italy,"EMI, EMI","3C 064 18468, 3C 064-18468",Vinyl / LP | Album | Stereo / Runout 12-2-80,"Rock, Blues, Pop",Blues Rock,Italiani,https://www.discogs.com/release/1244858-Pino-Daniele-Nero-A-Metà,,,
Pino Daniele,Nun Me Scoccià',B3,3:33,Nero A Metà,1980,Italy,"EMI, EMI","3C 064 18468, 3C 064-18468",Vinyl / LP | Album | Stereo / Runout 12-2-80,"Rock, Blues, Pop",Blues Rock,Italiani,https://www.discogs.com/release/1244858-Pino-Daniele-Nero-A-Metà,,,
Pino Daniele,Alleria,B4,3:11,Nero A Metà,1980,Italy,"EMI, EMI","3C 064 18468, 3C 064-18468",Vinyl / LP | Album | Stereo / Runout 12-2-80,"Rock, Blues, Pop",Blues Rock,Italiani,https://www.discogs.com/release/1244858-Pino-Daniele-Nero-A-Metà,,,
Pino Daniele,A Testa In Giù,B5,3:43,Nero A Metà,1980,Italy,"EMI, EMI","3C 064 18468, 3C 064-18468",Vinyl / LP | Album | Stereo / Runout 12-2-80,"Rock, Blues, Pop",Blues Rock,Italiani,https://www.discogs.com/release/1244858-Pino-Daniele-Nero-A-Metà,,,
Pino Daniele,Sotto 'O Sole,B6,2:59,Nero A Metà,1980,Italy,"EMI, EMI","3C 064 18468, 3C 064-18468",Vinyl / LP | Album | Stereo / Runout 12-2-80,"Rock, Blues, Pop",Blues Rock,Italiani,https://www.discogs.com/release/1244858-Pino-Daniele-Nero-A-Metà,,,
Cristina D'Avena,L'Europa Siamo Noi,A1,4:09,"Cristina, L'Europa Siamo Noi",1991,Italy,Five,LP-FM 18003,Vinyl / LP | Album,Children's,"Ballad, Vocal",Italiani,https://www.discogs.com/release/1821433-Cristina-DAvena-Cristina-LEuropa-Siamo-Noi,,,
Cristina D'Avena,Esci Dal Tuo Guscio,A2,3:41,"Cristina, L'Europa Siamo Noi",1991,Italy,Five,LP-FM 18003,Vinyl / LP | Album,Children's,"Ballad, Vocal",Italiani,https://www.discogs.com/release/1821433-Cristina-DAvena-Cristina-LEuropa-Siamo-Noi,,,
Cristina D'Avena,La Solitudine,A3,3:29,"Cristina, L'Europa Siamo Noi",1991,Italy,Five,LP-FM 18003,Vinyl / LP | Album,Children's,"Ballad, Vocal",Italiani,https://www.discogs.com/release/1821433-Cristina-DAvena-Cristina-LEuropa-Siamo-Noi,,,
Cristina D'Avena,Chi Lo Sa Che Moda Andrà,A4,3:16,"Cristina, L'Europa Siamo Noi",1991,Italy,Five,LP-FM 18003,Vinyl / LP | Album,Children's,"Ballad, Vocal",Italiani,https://www.discogs.com/release/1821433-Cristina-DAvena-Cristina-LEuropa-Siamo-Noi,,,
Cristina D'Avena,Parla Con I Tuoi Genitori,A5,3:16,"Cristina, L'Europa Siamo Noi",1991,Italy,Five,LP-FM 18003,Vinyl / LP | Album,Children's,"Ballad, Vocal",Italiani,https://www.discogs.com/release/1821433-Cristina-DAvena-Cristina-LEuropa-Siamo-Noi,,,
Cristina D'Avena,I Nonni Ascoltano (Strumentale),A6,3:23,"Cristina, L'Europa Siamo Noi",1991,Italy,Five,LP-FM 18003,Vinyl / LP | Album,Children's,"Ballad, Vocal",Italiani,https://www.discogs.com/release/1821433-Cristina-DAvena-Cristina-LEuropa-Siamo-Noi,,,
Cristina D'Avena,I Nonni Ascoltano,B1,3:23,"Cristina, L'Europa Siamo Noi",1991,Italy,Five,LP-FM 18003,Vinyl / LP | Album,Children's,"Ballad, Vocal",Italiani,https://www.discogs.com/release/1821433-Cristina-DAvena-Cristina-LEuropa-Siamo-Noi,,,
Cristina D'Avena,W La Mountain Bike,B2,3:49,"Cristina, L'Europa Siamo Noi",1991,Italy,Five,LP-FM 18003,Vinyl / LP | Album,Children's,"Ballad, Vocal",Italiani,https://www.discogs.com/release/1821433-Cristina-DAvena-Cristina-LEuropa-Siamo-Noi,,,
Cristina D'Avena,Non Voltarti Di Là,B3,3:54,"Cristina, L'Europa Siamo Noi",1991,Italy,Five,LP-FM 18003,Vinyl / LP | Album,Children's,"Ballad, Vocal",Italiani,https://www.discogs.com/release/1821433-Cristina-DAvena-Cristina-LEuropa-Siamo-Noi,,,
Cristina D'Avena,Primo Amore,B4,2:13,"Cristina, L'Europa Siamo Noi",1991,Italy,Five,LP-FM 18003,Vinyl / LP | Album,Children's,"Ballad, Vocal",Italiani,https://www.discogs.com/release/1821433-Cristina-DAvena-Cristina-LEuropa-Siamo-Noi,,,
Cristina D'Avena,L'Indifferenza,B5,3:46,"Cristina, L'Europa Siamo Noi",1991,Italy,Five,LP-FM 18003,Vinyl / LP | Album,Children's,"Ballad, Vocal",Italiani,https://www.discogs.com/release/1821433-Cristina-DAvena-Cristina-LEuropa-Siamo-Noi,,,
Cristina D'Avena,L'Europa Siamo Noi (Strumentale),B6,4:09,"Cristina, L'Europa Siamo Noi",1991,Italy,Five,LP-FM 18003,Vinyl / LP | Album,Children's,"Ballad, Vocal",Italiani,https://www.discogs.com/release/1821433-Cristina-DAvena-Cristina-LEuropa-Siamo-Noi,,,
"Renzo Arbore, New Pathetic ""Elastic"" Orchestra",Hey Ba Ba Re Bop,A1,,Quelli Della Notte N. 2,1985,Italy,Fonit Cetra,LPX 146,Vinyl / LP | Album | Stereo,"Jazz, Rock, Funk / Soul, Pop","Easy Listening, Pop Rock, Swing, Disco, Vocal",Italiani,https://www.discogs.com/release/2736694-Renzo-Arbore-Presenta-New-Pathetic-Elastic-Orchestra-Quelli-Della-Notte-N-2,Curley Hamner | Lionel Hampton,Curley Hamner [Written-By] | Lionel Hampton [Written-By],
"Renzo Arbore, New Pathetic ""Elastic"" Orchestra",Cha Cha Cha Della Segretaria,A2,,Quelli Della Notte N. 2,1985,Italy,Fonit Cetra,LPX 146,Vinyl / LP | Album | Stereo,"Jazz, Rock, Funk / Soul, Pop","Easy Listening, Pop Rock, Swing, Disco, Vocal",Italiani,https://www.discogs.com/release/2736694-Renzo-Arbore-Presenta-New-Pathetic-Elastic-Orchestra-Quelli-Della-Notte-N-2,Frank Domínguez | Pepe Luis Soto,Frank Domínguez [Written-By] | Pepe Luis Soto [Written-By],
"Renzo Arbore, New Pathetic ""Elastic"" Orchestra",E Quatte Ciucce,A3,,Quelli Della Notte N. 2,1985,Italy,Fonit Cetra,LPX 146,Vinyl / LP | Album | Stereo,"Jazz, Rock, Funk / Soul, Pop","Easy Listening, Pop Rock, Swing, Disco, Vocal",Italiani,https://www.discogs.com/release/2736694-Renzo-Arbore-Presenta-New-Pathetic-Elastic-Orchestra-Quelli-Della-Notte-N-2,,,
"Renzo Arbore, New Pathetic ""Elastic"" Orchestra",Eat La Pizza Pie,A4,,Quelli Della Notte N. 2,1985,Italy,Fonit Cetra,LPX 146,Vinyl / LP | Album | Stereo,"Jazz, Rock, Funk / Soul, Pop","Easy Listening, Pop Rock, Swing, Disco, Vocal",Italiani,https://www.discogs.com/release/2736694-Renzo-Arbore-Presenta-New-Pathetic-Elastic-Orchestra-Quelli-Della-Notte-N-2,Andy Luotto | Tony Verde,Andy Luotto [Written-By] | Tony Verde [Written-By],
"Renzo Arbore, New Pathetic ""Elastic"" Orchestra",Non Partir,A5,,Quelli Della Notte N. 2,1985,Italy,Fonit Cetra,LPX 146,Vinyl / LP | Album | Stereo,"Jazz, Rock, Funk / Soul, Pop","Easy Listening, Pop Rock, Swing, Disco, Vocal",Italiani,https://www.discogs.com/release/2736694-Renzo-Arbore-Presenta-New-Pathetic-Elastic-Orchestra-Quelli-Della-Notte-N-2,Alfredo Bracchi | Giovanni D'Anzi,Alfredo Bracchi [Written-By] | Giovanni D'Anzi [Written-By],
"Renzo Arbore, New Pathetic ""Elastic"" Orchestra",Ma Che Freddo Fa,A6,,Quelli Della Notte N. 2,1985,Italy,Fonit Cetra,LPX 146,Vinyl / LP | Album | Stereo,"Jazz, Rock, Funk / Soul, Pop","Easy Listening, Pop Rock, Swing, Disco, Vocal",Italiani,https://www.discogs.com/release/2736694-Renzo-Arbore-Presenta-New-Pathetic-Elastic-Orchestra-Quelli-Della-Notte-N-2,Claudio Mattone | Franco Migliacci,Claudio Mattone [Written-By] | Franco Migliacci [Written-By],
"Renzo Arbore, New Pathetic ""Elastic"" Orchestra",Maria Mari,B1,,Quelli Della Notte N. 2,1985,Italy,Fonit Cetra,LPX 146,Vinyl / LP | Album | Stereo,"Jazz, Rock, Funk / Soul, Pop","Easy Listening, Pop Rock, Swing, Disco, Vocal",Italiani,https://www.discogs.com/release/2736694-Renzo-Arbore-Presenta-New-Pathetic-Elastic-Orchestra-Quelli-Della-Notte-N-2,Eduardo di Capua | Vincenzo Russo,Eduardo di Capua [Written-By] | Vincenzo Russo [Written-By],
"Renzo Arbore, New Pathetic ""Elastic"" Orchestra",Caravan Petrol,B2,,Quelli Della Notte N. 2,1985,Italy,Fonit Cetra,LPX 146,Vinyl / LP | Album | Stereo,"Jazz, Rock, Funk / Soul, Pop","Easy Listening, Pop Rock, Swing, Disco, Vocal",Italiani,https://www.discogs.com/release/2736694-Renzo-Arbore-Presenta-New-Pathetic-Elastic-Orchestra-Quelli-Della-Notte-N-2,Nisa (2) | Renato Carosone,Nisa (2) [Written-By] | Renato Carosone [Written-By],
"Renzo Arbore, New Pathetic ""Elastic"" Orchestra",Canzone Da Due Soldi,B3,,Quelli Della Notte N. 2,1985,Italy,Fonit Cetra,LPX 146,Vinyl / LP | Album | Stereo,"Jazz, Rock, Funk / Soul, Pop","Easy Listening, Pop Rock, Swing, Disco, Vocal",Italiani,https://www.discogs.com/release/2736694-Renzo-Arbore-Presenta-New-Pathetic-Elastic-Orchestra-Quelli-Della-Notte-N-2,Carlo Donida | Giuseppe Perotti,Carlo Donida [Written-By] | Giuseppe Perotti [Written-By],
"Renzo Arbore, New Pathetic ""Elastic"" Orchestra",Bongo Bongo,B4,,Quelli Della Notte N. 2,1985,Italy,Fonit Cetra,LPX 146,Vinyl / LP | Album | Stereo,"Jazz, Rock, Funk / Soul, Pop","Easy Listening, Pop Rock, Swing, Disco, Vocal",Italiani,https://www.discogs.com/release/2736694-Renzo-Arbore-Presenta-New-Pathetic-Elastic-Orchestra-Quelli-Della-Notte-N-2,Bob Hilliard | Carl Sigman | Devilli,Bob Hilliard [Written-By] | Carl Sigman [Written-By] | Devilli [Written-By],
"Renzo Arbore, New Pathetic ""Elastic"" Orchestra",Ma La Notte No,B5,,Quelli Della Notte N. 2,1985,Italy,Fonit Cetra,LPX 146,Vinyl / LP | Album | Stereo,"Jazz, Rock, Funk / Soul, Pop","Easy Listening, Pop Rock, Swing, Disco, Vocal",Italiani,https://www.discogs.com/release/2736694-Renzo-Arbore-Presenta-New-Pathetic-Elastic-Orchestra-Quelli-Della-Notte-N-2,Claudio Mattone | Renzo Arbore,Claudio Mattone [Written-By] | Renzo Arbore [Written-By],
"Renzo Arbore, New Pathetic ""Elastic"" Orchestra",Il Materasso,B6,,Quelli Della Notte N. 2,1985,Italy,Fonit Cetra,LPX 146,Vinyl / LP | Album | Stereo,"Jazz, Rock, Funk / Soul, Pop","Easy Listening, Pop Rock, Swing, Disco, Vocal",Italiani,https://www.discogs.com/release/2736694-Renzo-Arbore-Presenta-New-Pathetic-Elastic-Orchestra-Quelli-Della-Notte-N-2,Claudio Mattone | Renzo Arbore,Claudio Mattone [Written-By] | Renzo Arbore [Written-By],
Milva,Le Canzoni Del Tabarin,,,Le Canzoni Del Tabarin - Canzoni Da Cortile,1981,Italy,Fonit Cetra,PL 554,Vinyl / LP | Album | Reissue,"Pop, Stage & Screen","Chanson, Ballad, Vocal",Italiani,https://www.discogs.com/release/2976254-Milva-Le-Canzoni-Del-Tabarin-Canzoni-Da-Cortile,,,
Milva,Scettico Blues,A1,,Le Canzoni Del Tabarin - Canzoni Da Cortile,1981,Italy,Fonit Cetra,PL 554,Vinyl / LP | Album | Reissue,"Pop, Stage & Screen","Chanson, Ballad, Vocal",Italiani,https://www.discogs.com/release/2976254-Milva-Le-Canzoni-Del-Tabarin-Canzoni-Da-Cortile,Dino Rulli | Tommaso De Filippis,Dino Rulli [Written-By] | Tommaso De Filippis [Written-By],
Milva,Re Di Cuori,A2,,Le Canzoni Del Tabarin - Canzoni Da Cortile,1981,Italy,Fonit Cetra,PL 554,Vinyl / LP | Album | Reissue,"Pop, Stage & Screen","Chanson, Ballad, Vocal",Italiani,https://www.discogs.com/release/2976254-Milva-Le-Canzoni-Del-Tabarin-Canzoni-Da-Cortile,Alberto Lao Schor | Bixio Cherubini,Alberto Lao Schor [Written-By] | Bixio Cherubini [Written-By],
Milva,Creola,A3,,Le Canzoni Del Tabarin - Canzoni Da Cortile,1981,Italy,Fonit Cetra,PL 554,Vinyl / LP | Album | Reissue,"Pop, Stage & Screen","Chanson, Ballad, Vocal",Italiani,https://www.discogs.com/release/2976254-Milva-Le-Canzoni-Del-Tabarin-Canzoni-Da-Cortile,Ripp (4),Ripp (4) [Written-By],
Milva,Balocchi E Profumi,A4,,Le Canzoni Del Tabarin - Canzoni Da Cortile,1981,Italy,Fonit Cetra,PL 554,Vinyl / LP | Album | Reissue,"Pop, Stage & Screen","Chanson, Ballad, Vocal",Italiani,https://www.discogs.com/release/2976254-Milva-Le-Canzoni-Del-Tabarin-Canzoni-Da-Cortile,E. A. Mario,E. A. Mario [Written-By],
Milva,Gastone,A5,,Le Canzoni Del Tabarin - Canzoni Da Cortile,1981,Italy,Fonit Cetra,PL 554,Vinyl / LP | Album | Reissue,"Pop, Stage & Screen","Chanson, Ballad, Vocal",Italiani,https://www.discogs.com/release/2976254-Milva-Le-Canzoni-Del-Tabarin-Canzoni-Da-Cortile,Ettore Petrolini,Ettore Petrolini [Written-By],
Milva,Lucciole Vagabonde,A6,,Le Canzoni Del Tabarin - Canzoni Da Cortile,1981,Italy,Fonit Cetra,PL 554,Vinyl / LP | Album | Reissue,"Pop, Stage & Screen","Chanson, Ballad, Vocal",Italiani,https://www.discogs.com/release/2976254-Milva-Le-Canzoni-Del-Tabarin-Canzoni-Da-Cortile,Bixio Cherubini | Cesare Andrea Bixio,Bixio Cherubini [Written-By] | Cesare Andrea Bixio [Written-By],
Milva,Canzoni Da Cortile,,,Le Canzoni Del Tabarin - Canzoni Da Cortile,1981,Italy,Fonit Cetra,PL 554,Vinyl / LP | Album | Reissue,"Pop, Stage & Screen","Chanson, Ballad, Vocal",Italiani,https://www.discogs.com/release/2976254-Milva-Le-Canzoni-Del-Tabarin-Canzoni-Da-Cortile,,,
Milva,Spazzacamino,B1,,Le Canzoni Del Tabarin - Canzoni Da Cortile,1981,Italy,Fonit Cetra,PL 554,Vinyl / LP | Album | Reissue,"Pop, Stage & Screen","Chanson, Ballad, Vocal",Italiani,https://www.discogs.com/release/2976254-Milva-Le-Canzoni-Del-Tabarin-Canzoni-Da-Cortile,Bixio Cherubini | Ermenegildo Rusconi,Bixio Cherubini [Written-By] | Ermenegildo Rusconi [Written-By],
Milva,Miniera,B2,,Le Canzoni Del Tabarin - Canzoni Da Cortile,1981,Italy,Fonit Cetra,PL 554,Vinyl / LP | Album | Reissue,"Pop, Stage & Screen","Chanson, Ballad, Vocal",Italiani,https://www.discogs.com/release/2976254-Milva-Le-Canzoni-Del-Tabarin-Canzoni-Da-Cortile,Bixio Cherubini | Cesare Andrea Bixio,Bixio Cherubini [Written-By] | Cesare Andrea Bixio [Written-By],
Milva,Le Rose Rosse,B3,,Le Canzoni Del Tabarin - Canzoni Da Cortile,1981,Italy,Fonit Cetra,PL 554,Vinyl / LP | Album | Reissue,"Pop, Stage & Screen","Chanson, Ballad, Vocal",Italiani,https://www.discogs.com/release/2976254-Milva-Le-Canzoni-Del-Tabarin-Canzoni-Da-Cortile,E. A. Mario,E. A. Mario [Written-By],
Milva,Il Tango Delle Capinere,B4,,Le Canzoni Del Tabarin - Canzoni Da Cortile,1981,Italy,Fonit Cetra,PL 554,Vinyl / LP | Album | Reissue,"Pop, Stage & Screen","Chanson, Ballad, Vocal",Italiani,https://www.discogs.com/release/2976254-Milva-Le-Canzoni-Del-Tabarin-Canzoni-Da-Cortile,Bixio Cherubini | Cesare Andrea Bixio,Bixio Cherubini [Written-By] | Cesare Andrea Bixio [Written-By],
Milva,Ladra,B5,,Le Canzoni Del Tabarin - Canzoni Da Cortile,1981,Italy,Fonit Cetra,PL 554,Vinyl / LP | Album | Reissue,"Pop, Stage & Screen","Chanson, Ballad, Vocal",Italiani,https://www.discogs.com/release/2976254-Milva-Le-Canzoni-Del-Tabarin-Canzoni-Da-Cortile,E. A. Mario,E. A. Mario [Written-By],
Milva,Finestra Chiusa,B6,,Le Canzoni Del Tabarin - Canzoni Da Cortile,1981,Italy,Fonit Cetra,PL 554,Vinyl / LP | Album | Reissue,"Pop, Stage & Screen","Chanson, Ballad, Vocal",Italiani,https://www.discogs.com/release/2976254-Milva-Le-Canzoni-Del-Tabarin-Canzoni-Da-Cortile,Alfredo Bracchi | Giovanni D'Anzi,Alfredo Bracchi [Written-By] | Giovanni D'Anzi [Written-By],
"Antonio Virgilio Savona, I Piccoli Cantori Di Niny Comolli",È Arrivato L'Ambasciatore,A1,2:10,O Quante Belle Figlie,1983,Italy,Gruppo Editoriale Fabbri,396911,Vinyl / LP | Compilation,"Pop, Folk, World, & Country",Folk,Italiani,https://www.discogs.com/release/8313743-A-Virgilio-Savona-Piccoli-Cantori-Di-Milano-Di-Nini-Comolli-O-Quante-Belle-Figlie,,,
"Antonio Virgilio Savona, I Piccoli Cantori Di Niny Comolli",Miraladondondella,A2,1:20,O Quante Belle Figlie,1983,Italy,Gruppo Editoriale Fabbri,396911,Vinyl / LP | Compilation,"Pop, Folk, World, & Country",Folk,Italiani,https://www.discogs.com/release/8313743-A-Virgilio-Savona-Piccoli-Cantori-Di-Milano-Di-Nini-Comolli-O-Quante-Belle-Figlie,,,
"Antonio Virgilio Savona, I Piccoli Cantori Di Niny Comolli",Madama Dorè,A3,0:32,O Quante Belle Figlie,1983,Italy,Gruppo Editoriale Fabbri,396911,Vinyl / LP | Compilation,"Pop, Folk, World, & Country",Folk,Italiani,https://www.discogs.com/release/8313743-A-Virgilio-Savona-Piccoli-Cantori-Di-Milano-Di-Nini-Comolli-O-Quante-Belle-Figlie,,,
"Antonio Virgilio Savona, I Piccoli Cantori Di Niny Comolli",Fate La Nanna Coscine Di Pollo,A4,3:06,O Quante Belle Figlie,1983,Italy,Gruppo Editoriale Fabbri,396911,Vinyl / LP | Compilation,"Pop, Folk, World, & Country",Folk,Italiani,https://www.discogs.com/release/8313743-A-Virgilio-Savona-Piccoli-Cantori-Di-Milano-Di-Nini-Comolli-O-Quante-Belle-Figlie,,Lucia Mannucci [Vocals],
"Antonio Virgilio Savona, I Piccoli Cantori Di Niny Comolli",Oh Che Bel Castello,A5,1:20,O Quante Belle Figlie,1983,Italy,Gruppo Editoriale Fabbri,396911,Vinyl / LP | Compilation,"Pop, Folk, World, & Country",Folk,Italiani,https://www.discogs.com/release/8313743-A-Virgilio-Savona-Piccoli-Cantori-Di-Milano-Di-Nini-Comolli-O-Quante-Belle-Figlie,,,
"Antonio Virgilio Savona, I Piccoli Cantori Di Niny Comolli",Cincirinella,B1,1:10,O Quante Belle Figlie,1983,Italy,Gruppo Editoriale Fabbri,396911,Vinyl / LP | Compilation,"Pop, Folk, World, & Country",Folk,Italiani,https://www.discogs.com/release/8313743-A-Virgilio-Savona-Piccoli-Cantori-Di-Milano-Di-Nini-Comolli-O-Quante-Belle-Figlie,,,
"Antonio Virgilio Savona, I Piccoli Cantori Di Niny Comolli",Alla Fiera De Mastr'Andrè,B2,2:30,O Quante Belle Figlie,1983,Italy,Gruppo Editoriale Fabbri,396911,Vinyl / LP | Compilation,"Pop, Folk, World, & Country",Folk,Italiani,https://www.discogs.com/release/8313743-A-Virgilio-Savona-Piccoli-Cantori-Di-Milano-Di-Nini-Comolli-O-Quante-Belle-Figlie,,Lucia Mannucci [Vocals],
"Antonio Virgilio Savona, I Piccoli Cantori Di Niny Comolli",Sdrindulaile Che Bnmbinute,B3,2:30,O Quante Belle Figlie,1983,Italy,Gruppo Editoriale Fabbri,396911,Vinyl / LP | Compilation,"Pop, Folk, World, & Country",Folk,Italiani,https://www.discogs.com/release/8313743-A-Virgilio-Savona-Piccoli-Cantori-Di-Milano-Di-Nini-Comolli-O-Quante-Belle-Figlie,,,
"Antonio Virgilio Savona, I Piccoli Cantori Di Niny Comolli",Filastrocca Del Merlo,B4,2:52,O Quante Belle Figlie,1983,Italy,Gruppo Editoriale Fabbri,396911,Vinyl / LP | Compilation,"Pop, Folk, World, & Country",Folk,Italiani,https://www.discogs.com/release/8313743-A-Virgilio-Savona-Piccoli-Cantori-Di-Milano-Di-Nini-Comolli-O-Quante-Belle-Figlie,,,
"Antonio Virgilio Savona, I Piccoli Cantori Di Niny Comolli",Va La Rosina Bella,B5,2:52,O Quante Belle Figlie,1983,Italy,Gruppo Editoriale Fabbri,396911,Vinyl / LP | Compilation,"Pop, Folk, World, & Country",Folk,Italiani,https://www.discogs.com/release/8313743-A-Virgilio-Savona-Piccoli-Cantori-Di-Milano-Di-Nini-Comolli-O-Quante-Belle-Figlie,,,
Alan Sorrenti,Aria,A,19:53,Aria,1972,Italy,"Harvest, Harvest","3 C064-17836, 3C 064 - 17836","Vinyl / LP | Album | Stereo / Gatefold, Textured Cover",Rock,"Folk Rock, Prog Rock",Italiani,https://www.discogs.com/release/2663615-Alan-Sorrenti-Aria,,,
Alan Sorrenti,Vorrei Incontrarti,B1,4:58,Aria,1972,Italy,"Harvest, Harvest","3 C064-17836, 3C 064 - 17836","Vinyl / LP | Album | Stereo / Gatefold, Textured Cover",Rock,"Folk Rock, Prog Rock",Italiani,https://www.discogs.com/release/2663615-Alan-Sorrenti-Aria,,,
Alan Sorrenti,La Mia Mente,B2,7:40,Aria,1972,Italy,"Harvest, Harvest","3 C064-17836, 3C 064 - 17836","Vinyl / LP | Album | Stereo / Gatefold, Textured Cover",Rock,"Folk Rock, Prog Rock",Italiani,https://www.discogs.com/release/2663615-Alan-Sorrenti-Aria,,,
Alan Sorrenti,Un Fiume Tranquillo,B3,7:56,Aria,1972,Italy,"Harvest, Harvest","3 C064-17836, 3C 064 - 17836","Vinyl / LP | Album | Stereo / Gatefold, Textured Cover",Rock,"Folk Rock, Prog Rock",Italiani,https://www.discogs.com/release/2663615-Alan-Sorrenti-Aria,,,
Alvaro Amici,Carrozzella Romana,A1,3:03,Carrozzella Romana,1972,Italy,Joker (2),SM 3316,Vinyl / LP | Album | Stereo,"Folk, World, & Country",,Italiani,https://www.discogs.com/release/8382449-Alvaro-Amici-Carrozzella-Romana,Alberto Lazzeretti | Enzo Bonfanti,Alberto Lazzeretti [Written-By] | Enzo Bonfanti [Written-By],
Alvaro Amici,Vecchia Roma,A2,2:46,Carrozzella Romana,1972,Italy,Joker (2),SM 3316,Vinyl / LP | Album | Stereo,"Folk, World, & Country",,Italiani,https://www.discogs.com/release/8382449-Alvaro-Amici-Carrozzella-Romana,Mario Ruccione,Mario Ruccione [Written-By],
Alvaro Amici,Serenata Sincera,A3,3:07,Carrozzella Romana,1972,Italy,Joker (2),SM 3316,Vinyl / LP | Album | Stereo,"Folk, World, & Country",,Italiani,https://www.discogs.com/release/8382449-Alvaro-Amici-Carrozzella-Romana,Alessandro Derevitzky | Ennio Neri | Luciano Luigi Martelli,Alessandro Derevitzky [Written-By] | Ennio Neri [Written-By] | Luciano Luigi Martelli [Written-By],
Alvaro Amici,Quanno Er Sole De Roma (Lascia Il Sette Colli),A4,2:47,Carrozzella Romana,1972,Italy,Joker (2),SM 3316,Vinyl / LP | Album | Stereo,"Folk, World, & Country",,Italiani,https://www.discogs.com/release/8382449-Alvaro-Amici-Carrozzella-Romana,Amleto Alfieri | Ma Mo Sta,Amleto Alfieri [Written-By] | Ma Mo Sta [Written-By],
Alvaro Amici,Ciumachella De Trastevere,A5,3:00,Carrozzella Romana,1972,Italy,Joker (2),SM 3316,Vinyl / LP | Album | Stereo,"Folk, World, & Country",,Italiani,https://www.discogs.com/release/8382449-Alvaro-Amici-Carrozzella-Romana,Armando Trovaioli | Pietro Garinei | Sandro Giovannini,Armando Trovaioli [Written-By] | Pietro Garinei [Written-By] | Sandro Giovannini [Written-By],
Alvaro Amici,La Romanina,A6,2:05,Carrozzella Romana,1972,Italy,Joker (2),SM 3316,Vinyl / LP | Album | Stereo,"Folk, World, & Country",,Italiani,https://www.discogs.com/release/8382449-Alvaro-Amici-Carrozzella-Romana,Eldo Di Lazzaro | Renato Micheli,Eldo Di Lazzaro [Written-By] | Renato Micheli [Written-By],
Alvaro Amici,Come E' Bello Fa L'Amore Quanno E' Sera,B1,2:54,Carrozzella Romana,1972,Italy,Joker (2),SM 3316,Vinyl / LP | Album | Stereo,"Folk, World, & Country",,Italiani,https://www.discogs.com/release/8382449-Alvaro-Amici-Carrozzella-Romana,Ennio Neri | Gino Simi | Luciano Luigi Martelli,Ennio Neri [Written-By] | Gino Simi [Written-By] | Luciano Luigi Martelli [Written-By],
Alvaro Amici,Me Pizzica Me Mozzica,B2,2:43,Carrozzella Romana,1972,Italy,Joker (2),SM 3316,Vinyl / LP | Album | Stereo,"Folk, World, & Country",,Italiani,https://www.discogs.com/release/8382449-Alvaro-Amici-Carrozzella-Romana,Guido And Maurizio De Angelis | Nino Manfredi,Guido And Maurizio De Angelis [Written-By] | Nino Manfredi [Written-By],
Alvaro Amici,Roma Nun Fa La Stupida Stasera,B3,2:38,Carrozzella Romana,1972,Italy,Joker (2),SM 3316,Vinyl / LP | Album | Stereo,"Folk, World, & Country",,Italiani,https://www.discogs.com/release/8382449-Alvaro-Amici-Carrozzella-Romana,Armando Trovaioli | Pietro Garinei | Sandro Giovannini,Armando Trovaioli [Written-By] | Pietro Garinei [Written-By] | Sandro Giovannini [Written-By],
Alvaro Amici,Borgo Antico,B4,3:29,Carrozzella Romana,1972,Italy,Joker (2),SM 3316,Vinyl / LP | Album | Stereo,"Folk, World, & Country",,Italiani,https://www.discogs.com/release/8382449-Alvaro-Amici-Carrozzella-Romana,Enzo Bonagura | Giuseppe Buonavolontà,Enzo Bonagura [Written-By] | Giuseppe Buonavolontà [Written-By],
Alvaro Amici,Io Ci Aveto Una Balla Balilla,B5,2:23,Carrozzella Romana,1972,Italy,Joker (2),SM 3316,Vinyl / LP | Album | Stereo,"Folk, World, & Country",,Italiani,https://www.discogs.com/release/8382449-Alvaro-Amici-Carrozzella-Romana,Gustavo Moretto | Sergio Balloni,Gustavo Moretto [Written-By] | Sergio Balloni [Written-By],
Alvaro Amici,Cento Campane,B6,2:39,Carrozzella Romana,1972,Italy,Joker (2),SM 3316,Vinyl / LP | Album | Stereo,"Folk, World, & Country",,Italiani,https://www.discogs.com/release/8382449-Alvaro-Amici-Carrozzella-Romana,Fiorenzo Fiorentini | Romolo Grano,Fiorenzo Fiorentini [Written-By] | Romolo Grano [Written-By],
Little Tony And His Brothers,Lucille,A1,,Little Tony And His Brothers,1974,France,Mr. Pickwick,MPD 507,Vinyl / LP,Rock,Rock & Roll,Italiani,https://www.discogs.com/release/5600784-Little-Tony-His-Brothers-Little-Tony-And-His-Brothers,,,
Little Tony And His Brothers,The Hippy Hippy Shake,A2,,Little Tony And His Brothers,1974,France,Mr. Pickwick,MPD 507,Vinyl / LP,Rock,Rock & Roll,Italiani,https://www.discogs.com/release/5600784-Little-Tony-His-Brothers-Little-Tony-And-His-Brothers,,,
Little Tony And His Brothers,I Don't Care If The Sun Don't Shine,A3,,Little Tony And His Brothers,1974,France,Mr. Pickwick,MPD 507,Vinyl / LP,Rock,Rock & Roll,Italiani,https://www.discogs.com/release/5600784-Little-Tony-His-Brothers-Little-Tony-And-His-Brothers,,,
Little Tony And His Brothers,Pity Pity,A4,,Little Tony And His Brothers,1974,France,Mr. Pickwick,MPD 507,Vinyl / LP,Rock,Rock & Roll,Italiani,https://www.discogs.com/release/5600784-Little-Tony-His-Brothers-Little-Tony-And-His-Brothers,,,
Little Tony And His Brothers,Splish Plash,A5,,Little Tony And His Brothers,1974,France,Mr. Pickwick,MPD 507,Vinyl / LP,Rock,Rock & Roll,Italiani,https://www.discogs.com/release/5600784-Little-Tony-His-Brothers-Little-Tony-And-His-Brothers,,,
Little Tony And His Brothers,I Can't Help It,A6,,Little Tony And His Brothers,1974,France,Mr. Pickwick,MPD 507,Vinyl / LP,Rock,Rock & Roll,Italiani,https://www.discogs.com/release/5600784-Little-Tony-His-Brothers-Little-Tony-And-His-Brothers,,,
Little Tony And His Brothers,Shake Rattle And Roll,B1,,Little Tony And His Brothers,1974,France,Mr. Pickwick,MPD 507,Vinyl / LP,Rock,Rock & Roll,Italiani,https://www.discogs.com/release/5600784-Little-Tony-His-Brothers-Little-Tony-And-His-Brothers,,,
Little Tony And His Brothers,Lotta Lovin',B2,,Little Tony And His Brothers,1974,France,Mr. Pickwick,MPD 507,Vinyl / LP,Rock,Rock & Roll,Italiani,https://www.discogs.com/release/5600784-Little-Tony-His-Brothers-Little-Tony-And-His-Brothers,,,
Little Tony And His Brothers,Johnny B.Goode,B3,,Little Tony And His Brothers,1974,France,Mr. Pickwick,MPD 507,Vinyl / LP,Rock,Rock & Roll,Italiani,https://www.discogs.com/release/5600784-Little-Tony-His-Brothers-Little-Tony-And-His-Brothers,,,
Little Tony And His Brothers,She's Got It,B4,,Little Tony And His Brothers,1974,France,Mr. Pickwick,MPD 507,Vinyl / LP,Rock,Rock & Roll,Italiani,https://www.discogs.com/release/5600784-Little-Tony-His-Brothers-Little-Tony-And-His-Brothers,,,
Little Tony And His Brothers,The Beat,B5,,Little Tony And His Brothers,1974,France,Mr. Pickwick,MPD 507,Vinyl / LP,Rock,Rock & Roll,Italiani,https://www.discogs.com/release/5600784-Little-Tony-His-Brothers-Little-Tony-And-His-Brothers,,,
Little Tony And His Brothers,Jumpin' Jack,B6,,Little Tony And His Brothers,1974,France,Mr. Pickwick,MPD 507,Vinyl / LP,Rock,Rock & Roll,Italiani,https://www.discogs.com/release/5600784-Little-Tony-His-Brothers-Little-Tony-And-His-Brothers,,,
Lucio Battisti,Amarsi Un Po',A1,5:07,Io Tu Noi Tutti,1977,Italy,Numero Uno,ZPLN 34006,Vinyl / LP | Album / Grafiche Dotti - Cernobio,Pop,Pop Rock,Italiani,https://www.discogs.com/release/1475668-Lucio-Battisti-Io-Tu-Noi-Tutti,,,
Lucio Battisti,L'Interprete Di Un Film,A2,4:26,Io Tu Noi Tutti,1977,Italy,Numero Uno,ZPLN 34006,Vinyl / LP | Album / Grafiche Dotti - Cernobio,Pop,Pop Rock,Italiani,https://www.discogs.com/release/1475668-Lucio-Battisti-Io-Tu-Noi-Tutti,,,
Lucio Battisti,Soli,A3,4:08,Io Tu Noi Tutti,1977,Italy,Numero Uno,ZPLN 34006,Vinyl / LP | Album / Grafiche Dotti - Cernobio,Pop,Pop Rock,Italiani,https://www.discogs.com/release/1475668-Lucio-Battisti-Io-Tu-Noi-Tutti,,,
Lucio Battisti,Ami Ancora Elisa,A4,6:38,Io Tu Noi Tutti,1977,Italy,Numero Uno,ZPLN 34006,Vinyl / LP | Album / Grafiche Dotti - Cernobio,Pop,Pop Rock,Italiani,https://www.discogs.com/release/1475668-Lucio-Battisti-Io-Tu-Noi-Tutti,,,
Lucio Battisti,"Sì, Viaggiare",B1,6:07,Io Tu Noi Tutti,1977,Italy,Numero Uno,ZPLN 34006,Vinyl / LP | Album / Grafiche Dotti - Cernobio,Pop,Pop Rock,Italiani,https://www.discogs.com/release/1475668-Lucio-Battisti-Io-Tu-Noi-Tutti,,,
Lucio Battisti,Questione Di Cellule,B2,4:20,Io Tu Noi Tutti,1977,Italy,Numero Uno,ZPLN 34006,Vinyl / LP | Album / Grafiche Dotti - Cernobio,Pop,Pop Rock,Italiani,https://www.discogs.com/release/1475668-Lucio-Battisti-Io-Tu-Noi-Tutti,,,
Lucio Battisti,Ho Un Anno Di Più,B3,4:59,Io Tu Noi Tutti,1977,Italy,Numero Uno,ZPLN 34006,Vinyl / LP | Album / Grafiche Dotti - Cernobio,Pop,Pop Rock,Italiani,https://www.discogs.com/release/1475668-Lucio-Battisti-Io-Tu-Noi-Tutti,,,
Lucio Battisti,"Neanche Un Minuto Di ""Non Amore""",B4,5:22,Io Tu Noi Tutti,1977,Italy,Numero Uno,ZPLN 34006,Vinyl / LP | Album / Grafiche Dotti - Cernobio,Pop,Pop Rock,Italiani,https://www.discogs.com/release/1475668-Lucio-Battisti-Io-Tu-Noi-Tutti,,,
Gil Ventura,Pop Corn,A1,,Sax Club Number 2,1972,Italy,Odeon,3C 054-17853,Vinyl / LP | Album | Stereo,"Jazz, Funk / Soul, Stage & Screen","Score, Funk, Easy Listening",Italiani,https://www.discogs.com/release/4714747-Gil-Ventura-Sax-Club-Number-2,,,
Gil Ventura,My Reason,A2,,Sax Club Number 2,1972,Italy,Odeon,3C 054-17853,Vinyl / LP | Album | Stereo,"Jazz, Funk / Soul, Stage & Screen","Score, Funk, Easy Listening",Italiani,https://www.discogs.com/release/4714747-Gil-Ventura-Sax-Club-Number-2,,,
Gil Ventura,Un'Estate Fa - Une Belle Histoire,A3,,Sax Club Number 2,1972,Italy,Odeon,3C 054-17853,Vinyl / LP | Album | Stereo,"Jazz, Funk / Soul, Stage & Screen","Score, Funk, Easy Listening",Italiani,https://www.discogs.com/release/4714747-Gil-Ventura-Sax-Club-Number-2,,,
Gil Ventura,Il Gabbiano Infelice - Amazing Grace,A4,,Sax Club Number 2,1972,Italy,Odeon,3C 054-17853,Vinyl / LP | Album | Stereo,"Jazz, Funk / Soul, Stage & Screen","Score, Funk, Easy Listening",Italiani,https://www.discogs.com/release/4714747-Gil-Ventura-Sax-Club-Number-2,,,
Gil Ventura,Donna Sola - Processione,A5,,Sax Club Number 2,1972,Italy,Odeon,3C 054-17853,Vinyl / LP | Album | Stereo,"Jazz, Funk / Soul, Stage & Screen","Score, Funk, Easy Listening",Italiani,https://www.discogs.com/release/4714747-Gil-Ventura-Sax-Club-Number-2,,,
Gil Ventura,Un Aquilone - Snowbird,A6,,Sax Club Number 2,1972,Italy,Odeon,3C 054-17853,Vinyl / LP | Album | Stereo,"Jazz, Funk / Soul, Stage & Screen","Score, Funk, Easy Listening",Italiani,https://www.discogs.com/release/4714747-Gil-Ventura-Sax-Club-Number-2,,,
Gil Ventura,Song Sung Blue,B1,,Sax Club Number 2,1972,Italy,Odeon,3C 054-17853,Vinyl / LP | Album | Stereo,"Jazz, Funk / Soul, Stage & Screen","Score, Funk, Easy Listening",Italiani,https://www.discogs.com/release/4714747-Gil-Ventura-Sax-Club-Number-2,,,
Gil Ventura,C'Era Una Volta Il West,B2,,Sax Club Number 2,1972,Italy,Odeon,3C 054-17853,Vinyl / LP | Album | Stereo,"Jazz, Funk / Soul, Stage & Screen","Score, Funk, Easy Listening",Italiani,https://www.discogs.com/release/4714747-Gil-Ventura-Sax-Club-Number-2,,,
Gil Ventura,Pan Am 111,B3,,Sax Club Number 2,1972,Italy,Odeon,3C 054-17853,Vinyl / LP | Album | Stereo,"Jazz, Funk / Soul, Stage & Screen","Score, Funk, Easy Listening",Italiani,https://www.discogs.com/release/4714747-Gil-Ventura-Sax-Club-Number-2,,,
Gil Ventura,Alone Again - Naturally,B4,,Sax Club Number 2,1972,Italy,Odeon,3C 054-17853,Vinyl / LP | Album | Stereo,"Jazz, Funk / Soul, Stage & Screen","Score, Funk, Easy Listening",Italiani,https://www.discogs.com/release/4714747-Gil-Ventura-Sax-Club-Number-2,,,
Gil Ventura,Il Padrino - The Godfather,B5,,Sax Club Number 2,1972,Italy,Odeon,3C 054-17853,Vinyl / LP | Album | Stereo,"Jazz, Funk / Soul, Stage & Screen","Score, Funk, Easy Listening",Italiani,https://www.discogs.com/release/4714747-Gil-Ventura-Sax-Club-Number-2,,,
Gil Ventura,Run To Me,B6,,Sax Club Number 2,1972,Italy,Odeon,3C 054-17853,Vinyl / LP | Album | Stereo,"Jazz, Funk / Soul, Stage & Screen","Score, Funk, Easy Listening",Italiani,https://www.discogs.com/release/4714747-Gil-Ventura-Sax-Club-Number-2,,,
Julio Iglesias,Se Mi Lasci Non Vale,A1,3:00,L'Oro Di Julio Iglesias,1979,Italy,Oxford,OX/3147,Vinyl / LP | Compilation | Reissue,"Latin, Pop",Chanson,Italiani,https://www.discogs.com/release/2173379-Julio-Iglesias-LOro-Di-Julio-Iglesias,Gianni Belfiore | Luciano Rossi,Rafael Ferro [Arranged By] | Gianni Belfiore [Written-By] | Luciano Rossi [Written-By],
Julio Iglesias,Passar Di Mano (Por El Amor De Una Mujer),A2,3:41,L'Oro Di Julio Iglesias,1979,Italy,Oxford,OX/3147,Vinyl / LP | Compilation | Reissue,"Latin, Pop",Chanson,Italiani,https://www.discogs.com/release/2173379-Julio-Iglesias-LOro-Di-Julio-Iglesias,Danny Daniel | Gianni Belfiore | Sonny Marti,Rafael Ferro [Arranged By] | Danny Daniel [Written-By] | Gianni Belfiore [Written-By] | Sonny Marti [Written-By],
Julio Iglesias,Anima Ribelle (Dejala),A3,3:16,L'Oro Di Julio Iglesias,1979,Italy,Oxford,OX/3147,Vinyl / LP | Compilation | Reissue,"Latin, Pop",Chanson,Italiani,https://www.discogs.com/release/2173379-Julio-Iglesias-LOro-Di-Julio-Iglesias,Rafael Ferro | Gianni Belfiore | Julio Iglesias,"Rafael Ferro [Arranged By, Written-By] | Gianni Belfiore [Written-By] | Julio Iglesias [Written-By]",
Julio Iglesias,Quella Di Sempre (Asi Nacemos),A4,3:28,L'Oro Di Julio Iglesias,1979,Italy,Oxford,OX/3147,Vinyl / LP | Compilation | Reissue,"Latin, Pop",Chanson,Italiani,https://www.discogs.com/release/2173379-Julio-Iglesias-LOro-Di-Julio-Iglesias,Alberto Salerno | Ana Magdalena | Manuel Alejandro,José Luis Navarro [Arranged By] | Alberto Salerno [Written-By] | Ana Magdalena [Written-By] | Manuel Alejandro [Written-By],
Julio Iglesias,Pensami (Jurame),A5,4:05,L'Oro Di Julio Iglesias,1979,Italy,Oxford,OX/3147,Vinyl / LP | Compilation | Reissue,"Latin, Pop",Chanson,Italiani,https://www.discogs.com/release/2173379-Julio-Iglesias-LOro-Di-Julio-Iglesias,Maria Grever,Rafael Ferro [Arranged By] | Maria Grever [Written-By],
Julio Iglesias,Manuela,B1,3:21,L'Oro Di Julio Iglesias,1979,Italy,Oxford,OX/3147,Vinyl / LP | Compilation | Reissue,"Latin, Pop",Chanson,Italiani,https://www.discogs.com/release/2173379-Julio-Iglesias-LOro-Di-Julio-Iglesias,Ana Magdalena | Daniele Pace | Manuel Alejandro,Rafael Ferro [Arranged By] | Ana Magdalena [Written-By] | Daniele Pace [Written-By] | Manuel Alejandro [Written-By],
Julio Iglesias,Abbracciami (Abrazame),B2,3:29,L'Oro Di Julio Iglesias,1979,Italy,Oxford,OX/3147,Vinyl / LP | Compilation | Reissue,"Latin, Pop",Chanson,Italiani,https://www.discogs.com/release/2173379-Julio-Iglesias-LOro-Di-Julio-Iglesias,Rafael Ferro | Gianni Belfiore | Julio Iglesias,"Rafael Ferro [Arranged By, Written-By] | Gianni Belfiore [Written-By] | Julio Iglesias [Written-By]",
Julio Iglesias,Quiero,B3,2:48,L'Oro Di Julio Iglesias,1979,Italy,Oxford,OX/3147,Vinyl / LP | Compilation | Reissue,"Latin, Pop",Chanson,Italiani,https://www.discogs.com/release/2173379-Julio-Iglesias-LOro-Di-Julio-Iglesias,Rafael Ferro | Cecilia (5) | Julio Iglesias,"Rafael Ferro [Arranged By, Written-By] | Cecilia (5) [Written-By] | Julio Iglesias [Written-By]",
Julio Iglesias,Sono Io,B4,4:33,L'Oro Di Julio Iglesias,1979,Italy,Oxford,OX/3147,Vinyl / LP | Compilation | Reissue,"Latin, Pop",Chanson,Italiani,https://www.discogs.com/release/2173379-Julio-Iglesias-LOro-Di-Julio-Iglesias,Alberto Anelli | Gerardo Gargiulo,Natale Massara [Arranged By] | Alberto Anelli [Written-By] | Gerardo Gargiulo [Written-By],
Julio Iglesias,Good Bye A Modo Mio,B5,3:52,L'Oro Di Julio Iglesias,1979,Italy,Oxford,OX/3147,Vinyl / LP | Compilation | Reissue,"Latin, Pop",Chanson,Italiani,https://www.discogs.com/release/2173379-Julio-Iglesias-LOro-Di-Julio-Iglesias,Gianni Belfiore | Mario Balducci,Natale Massara [Arranged By] | Gianni Belfiore [Written-By] | Mario Balducci [Written-By],
Rossana Casale,Deja Vu,A1,,La Via Dei Misteri,1986,Italy,Philips,830 567-1,Vinyl / LP | Album,Pop,,Italiani,https://www.discogs.com/release/4501748-Rossana-Casale-La-Via-Dei-Misteri,,,
Rossana Casale,La Via Dei Misteri,A2,,La Via Dei Misteri,1986,Italy,Philips,830 567-1,Vinyl / LP | Album,Pop,,Italiani,https://www.discogs.com/release/4501748-Rossana-Casale-La-Via-Dei-Misteri,,,
Rossana Casale,Petra,A3,,La Via Dei Misteri,1986,Italy,Philips,830 567-1,Vinyl / LP | Album,Pop,,Italiani,https://www.discogs.com/release/4501748-Rossana-Casale-La-Via-Dei-Misteri,,,
Rossana Casale,Sittin' On The Dock Of The Bay,A4,,La Via Dei Misteri,1986,Italy,Philips,830 567-1,Vinyl / LP | Album,Pop,,Italiani,https://www.discogs.com/release/4501748-Rossana-Casale-La-Via-Dei-Misteri,,,
Rossana Casale,La Via Dei Misteri (Ripresa),A5,,La Via Dei Misteri,1986,Italy,Philips,830 567-1,Vinyl / LP | Album,Pop,,Italiani,https://www.discogs.com/release/4501748-Rossana-Casale-La-Via-Dei-Misteri,,,
Rossana Casale,Nuova Vita,B1,,La Via Dei Misteri,1986,Italy,Philips,830 567-1,Vinyl / LP | Album,Pop,,Italiani,https://www.discogs.com/release/4501748-Rossana-Casale-La-Via-Dei-Misteri,,,
Rossana Casale,Tango,B2,,La Via Dei Misteri,1986,Italy,Philips,830 567-1,Vinyl / LP | Album,Pop,,Italiani,https://www.discogs.com/release/4501748-Rossana-Casale-La-Via-Dei-Misteri,,,
Rossana Casale,Ritorna Tutto Al Tempo,B3,,La Via Dei Misteri,1986,Italy,Philips,830 567-1,Vinyl / LP | Album,Pop,,Italiani,https://www.discogs.com/release/4501748-Rossana-Casale-La-Via-Dei-Misteri,,,
Rossana Casale,Amnesia,B4,,La Via Dei Misteri,1986,Italy,Philips,830 567-1,Vinyl / LP | Album,Pop,,Italiani,https://www.discogs.com/release/4501748-Rossana-Casale-La-Via-Dei-Misteri,,,
Rossana Casale,Alla Fine,B5,,La Via Dei Misteri,1986,Italy,Philips,830 567-1,Vinyl / LP | Album,Pop,,Italiani,https://www.discogs.com/release/4501748-Rossana-Casale-La-Via-Dei-Misteri,,,
"Domasan, Dj 2Phast",La Grotta Del Drago Blu,A1,,I Racconti Del Vinile Infranto,2010,Italy,Porci Comodi,PC001,Vinyl / LP,Hip Hop,,Italiani,https://www.discogs.com/release/4828337-Domasan-Dj-2Phast-I-Racconti-Del-Vinile-Infranto,,,
"Domasan, Dj 2Phast",La Spada Che Taglia Le Illusioni,A2,,I Racconti Del Vinile Infranto,2010,Italy,Porci Comodi,PC001,Vinyl / LP,Hip Hop,,Italiani,https://www.discogs.com/release/4828337-Domasan-Dj-2Phast-I-Racconti-Del-Vinile-Infranto,,,
"Domasan, Dj 2Phast",Miraggi Sulla Via Della Muffa,A3,,I Racconti Del Vinile Infranto,2010,Italy,Porci Comodi,PC001,Vinyl / LP,Hip Hop,,Italiani,https://www.discogs.com/release/4828337-Domasan-Dj-2Phast-I-Racconti-Del-Vinile-Infranto,,,
"Domasan, Dj 2Phast",L'Ultima Tentazione Di Nasamod,A4,,I Racconti Del Vinile Infranto,2010,Italy,Porci Comodi,PC001,Vinyl / LP,Hip Hop,,Italiani,https://www.discogs.com/release/4828337-Domasan-Dj-2Phast-I-Racconti-Del-Vinile-Infranto,,,
"Domasan, Dj 2Phast",Astronauti Sotterranei,B1,,I Racconti Del Vinile Infranto,2010,Italy,Porci Comodi,PC001,Vinyl / LP,Hip Hop,,Italiani,https://www.discogs.com/release/4828337-Domasan-Dj-2Phast-I-Racconti-Del-Vinile-Infranto,,Joz (2) [Featuring],
"Domasan, Dj 2Phast",Tempi Strani Per Il Rap,B2,,I Racconti Del Vinile Infranto,2010,Italy,Porci Comodi,PC001,Vinyl / LP,Hip Hop,,Italiani,https://www.discogs.com/release/4828337-Domasan-Dj-2Phast-I-Racconti-Del-Vinile-Infranto,,,
"Domasan, Dj 2Phast",È Preferibile Perdersi...,B3,,I Racconti Del Vinile Infranto,2010,Italy,Porci Comodi,PC001,Vinyl / LP,Hip Hop,,Italiani,https://www.discogs.com/release/4828337-Domasan-Dj-2Phast-I-Racconti-Del-Vinile-Infranto,,Callister [Featuring],
"Domasan, Dj 2Phast",Indigestione In Giappone,B4,,I Racconti Del Vinile Infranto,2010,Italy,Porci Comodi,PC001,Vinyl / LP,Hip Hop,,Italiani,https://www.discogs.com/release/4828337-Domasan-Dj-2Phast-I-Racconti-Del-Vinile-Infranto,,,
"Domasan, Dj 2Phast",Incidente Atomico Alla Baia Degli Orchi,C1,,I Racconti Del Vinile Infranto,2010,Italy,Porci Comodi,PC001,Vinyl / LP,Hip Hop,,Italiani,https://www.discogs.com/release/4828337-Domasan-Dj-2Phast-I-Racconti-Del-Vinile-Infranto,,,
"Domasan, Dj 2Phast",... Continuavano A Chiamarlo Rap Feat Ekspo & Zin,C2,,I Racconti Del Vinile Infranto,2010,Italy,Porci Comodi,PC001,Vinyl / LP,Hip Hop,,Italiani,https://www.discogs.com/release/4828337-Domasan-Dj-2Phast-I-Racconti-Del-Vinile-Infranto,,Ale Zin [Featuring] | Ekspo [Featuring],
"Domasan, Dj 2Phast",Neuro Per La Vita,C3,,I Racconti Del Vinile Infranto,2010,Italy,Porci Comodi,PC001,Vinyl / LP,Hip Hop,,Italiani,https://www.discogs.com/release/4828337-Domasan-Dj-2Phast-I-Racconti-Del-Vinile-Infranto,,,
"Domasan, Dj 2Phast",S È Troppo Lento,C4,,I Racconti Del Vinile Infranto,2010,Italy,Porci Comodi,PC001,Vinyl / LP,Hip Hop,,Italiani,https://www.discogs.com/release/4828337-Domasan-Dj-2Phast-I-Racconti-Del-Vinile-Infranto,,,
"Domasan, Dj 2Phast",I Lupi Sono Bestie Ostinate,D1,,I Racconti Del Vinile Infranto,2010,Italy,Porci Comodi,PC001,Vinyl / LP,Hip Hop,,Italiani,https://www.discogs.com/release/4828337-Domasan-Dj-2Phast-I-Racconti-Del-Vinile-Infranto,,,
"Domasan, Dj 2Phast",Incendio Alla Piantagione N° 13,D2,,I Racconti Del Vinile Infranto,2010,Italy,Porci Comodi,PC001,Vinyl / LP,Hip Hop,,Italiani,https://www.discogs.com/release/4828337-Domasan-Dj-2Phast-I-Racconti-Del-Vinile-Infranto,,,
"Domasan, Dj 2Phast",Volevo Andare All'Inferno... Ma Ho Trovato Chiuso,D3,,I Racconti Del Vinile Infranto,2010,Italy,Porci Comodi,PC001,Vinyl / LP,Hip Hop,,Italiani,https://www.discogs.com/release/4828337-Domasan-Dj-2Phast-I-Racconti-Del-Vinile-Infranto,,,
"Domasan, Dj 2Phast",Gli Spiriti Non Possono Trovarmi,D3,,I Racconti Del Vinile Infranto,2010,Italy,Porci Comodi,PC001,Vinyl / LP,Hip Hop,,Italiani,https://www.discogs.com/release/4828337-Domasan-Dj-2Phast-I-Racconti-Del-Vinile-Infranto,,,
Orchestra Spettacolo Raoul Casadei,La Mazurka Di Periferia,A1,2:37,La Mazurka Di Periferia,0,Italy,Produttori Associati,ORL 8378,Vinyl / LP | Album | Reissue | Stereo,"Latin, Folk, World, & Country","Ballad, Folk, Polka, Tango, Liscio",Italiani,https://www.discogs.com/release/10124112-Orchestra-Spettacolo-Casadei-La-Mazurka-Di-Periferia,Enrico Muccioli | Raoul Casadei,Rita Baldoni [Vocals] | Enrico Muccioli [Written-By] | Raoul Casadei [Written-By],
Orchestra Spettacolo Raoul Casadei,Sangue Romagnolo,A2,3:56,La Mazurka Di Periferia,0,Italy,Produttori Associati,ORL 8378,Vinyl / LP | Album | Reissue | Stereo,"Latin, Folk, World, & Country","Ballad, Folk, Polka, Tango, Liscio",Italiani,https://www.discogs.com/release/10124112-Orchestra-Spettacolo-Casadei-La-Mazurka-Di-Periferia,Secondo Casadei,Enrico Muccioli [Alto Saxophone] | Robertino (4) [Clarinet] | Secondo Casadei [Written-By],
Orchestra Spettacolo Raoul Casadei,Baciatevi Nel Tango,A3,2:54,La Mazurka Di Periferia,0,Italy,Produttori Associati,ORL 8378,Vinyl / LP | Album | Reissue | Stereo,"Latin, Folk, World, & Country","Ballad, Folk, Polka, Tango, Liscio",Italiani,https://www.discogs.com/release/10124112-Orchestra-Spettacolo-Casadei-La-Mazurka-Di-Periferia,Secondo E Raoul Casadei,Gelli [Vocals] | Rita Baldoni [Vocals] | Secondo E Raoul Casadei [Written-By],
Orchestra Spettacolo Raoul Casadei,Il Passatore,A4,3:35,La Mazurka Di Periferia,0,Italy,Produttori Associati,ORL 8378,Vinyl / LP | Album | Reissue | Stereo,"Latin, Folk, World, & Country","Ballad, Folk, Polka, Tango, Liscio",Italiani,https://www.discogs.com/release/10124112-Orchestra-Spettacolo-Casadei-La-Mazurka-Di-Periferia,Secondo E Raoul Casadei,Orchestra Muccioli [Orchestra] | Gelli [Vocals] | Rita Baldoni [Vocals] | Secondo E Raoul Casadei [Written-By],
Orchestra Spettacolo Raoul Casadei,Il Valzer Dell'Amicizia,A5,2:48,La Mazurka Di Periferia,0,Italy,Produttori Associati,ORL 8378,Vinyl / LP | Album | Reissue | Stereo,"Latin, Folk, World, & Country","Ballad, Folk, Polka, Tango, Liscio",Italiani,https://www.discogs.com/release/10124112-Orchestra-Spettacolo-Casadei-La-Mazurka-Di-Periferia,Simonini | Al Pedulli | Raoul Casadei,Al Pedulli [Accordion] | Simonini [Written By] | Al Pedulli [Written-By] | Raoul Casadei [Written-By],
Orchestra Spettacolo Raoul Casadei,Mille Miglia,A6,3:36,La Mazurka Di Periferia,0,Italy,Produttori Associati,ORL 8378,Vinyl / LP | Album | Reissue | Stereo,"Latin, Folk, World, & Country","Ballad, Folk, Polka, Tango, Liscio",Italiani,https://www.discogs.com/release/10124112-Orchestra-Spettacolo-Casadei-La-Mazurka-Di-Periferia,Secondo Casadei,Enrico Muccioli [Alto Saxophone] | Robertino (4) [Clarinet] | Secondo Casadei [Written-By],
Orchestra Spettacolo Raoul Casadei,Romagna Mia,B1,3:24,La Mazurka Di Periferia,0,Italy,Produttori Associati,ORL 8378,Vinyl / LP | Album | Reissue | Stereo,"Latin, Folk, World, & Country","Ballad, Folk, Polka, Tango, Liscio",Italiani,https://www.discogs.com/release/10124112-Orchestra-Spettacolo-Casadei-La-Mazurka-Di-Periferia,Secondo Casadei,Orchestra Muccioli [Orchestra] | Gelli [Vocals] | Secondo Casadei [Written-By],
Orchestra Spettacolo Raoul Casadei,Lella,B2,2:58,La Mazurka Di Periferia,0,Italy,Produttori Associati,ORL 8378,Vinyl / LP | Album | Reissue | Stereo,"Latin, Folk, World, & Country","Ballad, Folk, Polka, Tango, Liscio",Italiani,https://www.discogs.com/release/10124112-Orchestra-Spettacolo-Casadei-La-Mazurka-Di-Periferia,Secondo Casadei,Enrico Muccioli [Alto Saxophone] | Robertino (4) [Clarinet] | Secondo Casadei [Written-By],
Orchestra Spettacolo Raoul Casadei,Appassiuneda,B3,3:06,La Mazurka Di Periferia,0,Italy,Produttori Associati,ORL 8378,Vinyl / LP | Album | Reissue | Stereo,"Latin, Folk, World, & Country","Ballad, Folk, Polka, Tango, Liscio",Italiani,https://www.discogs.com/release/10124112-Orchestra-Spettacolo-Casadei-La-Mazurka-Di-Periferia,Secondo E Raoul Casadei,Il Gagino [Vocals] | Secondo E Raoul Casadei [Written-By],
Orchestra Spettacolo Raoul Casadei,Romagna Sangiovese,B4,2:29,La Mazurka Di Periferia,0,Italy,Produttori Associati,ORL 8378,Vinyl / LP | Album | Reissue | Stereo,"Latin, Folk, World, & Country","Ballad, Folk, Polka, Tango, Liscio",Italiani,https://www.discogs.com/release/10124112-Orchestra-Spettacolo-Casadei-La-Mazurka-Di-Periferia,Raoul Casadei | Terzo Fariselli,Gelli [Vocals] | Raoul Casadei [Written-By] | Terzo Fariselli [Written-By],
Orchestra Spettacolo Raoul Casadei,Fortuna,B5,2:32,La Mazurka Di Periferia,0,Italy,Produttori Associati,ORL 8378,Vinyl / LP | Album | Reissue | Stereo,"Latin, Folk, World, & Country","Ballad, Folk, Polka, Tango, Liscio",Italiani,https://www.discogs.com/release/10124112-Orchestra-Spettacolo-Casadei-La-Mazurka-Di-Periferia,Secondo Casadei,Enrico Muccioli [Alto Saxophone] | Robertino (4) [Clarinet] | Secondo Casadei [Written-By],
Orchestra Spettacolo Raoul Casadei,La Balera,B6,3:05,La Mazurka Di Periferia,0,Italy,Produttori Associati,ORL 8378,Vinyl / LP | Album | Reissue | Stereo,"Latin, Folk, World, & Country","Ballad, Folk, Polka, Tango, Liscio",Italiani,https://www.discogs.com/release/10124112-Orchestra-Spettacolo-Casadei-La-Mazurka-Di-Periferia,Enrico Muccioli | Learco Gianferrari | Raoul Casadei,Lucio Di Cesenatico [Vocals] | Enrico Muccioli [Written-By] | Learco Gianferrari [Written-By] | Raoul Casadei [Written-By],
Gigi Botto,Adios Muchachos,A1,2:18,Fisarmonica E Orchestra - Vol. 4 Tango Delle Rose,1972,Italy,Quadrifoglio International,VDS 237,Vinyl / LP,"Latin, Folk, World, & Country",Tango,Italiani,https://www.discogs.com/release/6548659-Gigi-Botto-Fisarmonica-E-Orchestra-Vol-4-Tango-Delle-Rose,,,
Gigi Botto,Andalusia,A2,2:33,Fisarmonica E Orchestra - Vol. 4 Tango Delle Rose,1972,Italy,Quadrifoglio International,VDS 237,Vinyl / LP,"Latin, Folk, World, & Country",Tango,Italiani,https://www.discogs.com/release/6548659-Gigi-Botto-Fisarmonica-E-Orchestra-Vol-4-Tango-Delle-Rose,,,
Gigi Botto,Fox Delle Gigolettes,A3,2:52,Fisarmonica E Orchestra - Vol. 4 Tango Delle Rose,1972,Italy,Quadrifoglio International,VDS 237,Vinyl / LP,"Latin, Folk, World, & Country",Tango,Italiani,https://www.discogs.com/release/6548659-Gigi-Botto-Fisarmonica-E-Orchestra-Vol-4-Tango-Delle-Rose,,,
Gigi Botto,Perfidia,A4,2:42,Fisarmonica E Orchestra - Vol. 4 Tango Delle Rose,1972,Italy,Quadrifoglio International,VDS 237,Vinyl / LP,"Latin, Folk, World, & Country",Tango,Italiani,https://www.discogs.com/release/6548659-Gigi-Botto-Fisarmonica-E-Orchestra-Vol-4-Tango-Delle-Rose,,,
Gigi Botto,Sotto Il Cielo DI Parigi,A5,2:32,Fisarmonica E Orchestra - Vol. 4 Tango Delle Rose,1972,Italy,Quadrifoglio International,VDS 237,Vinyl / LP,"Latin, Folk, World, & Country",Tango,Italiani,https://www.discogs.com/release/6548659-Gigi-Botto-Fisarmonica-E-Orchestra-Vol-4-Tango-Delle-Rose,,,
Gigi Botto,Bim Bum Bam,A6,2:25,Fisarmonica E Orchestra - Vol. 4 Tango Delle Rose,1972,Italy,Quadrifoglio International,VDS 237,Vinyl / LP,"Latin, Folk, World, & Country",Tango,Italiani,https://www.discogs.com/release/6548659-Gigi-Botto-Fisarmonica-E-Orchestra-Vol-4-Tango-Delle-Rose,,,
Gigi Botto,La Cucaracha,B1,2:10,Fisarmonica E Orchestra - Vol. 4 Tango Delle Rose,1972,Italy,Quadrifoglio International,VDS 237,Vinyl / LP,"Latin, Folk, World, & Country",Tango,Italiani,https://www.discogs.com/release/6548659-Gigi-Botto-Fisarmonica-E-Orchestra-Vol-4-Tango-Delle-Rose,,,
Gigi Botto,Moulin Rouge,B2,1:53,Fisarmonica E Orchestra - Vol. 4 Tango Delle Rose,1972,Italy,Quadrifoglio International,VDS 237,Vinyl / LP,"Latin, Folk, World, & Country",Tango,Italiani,https://www.discogs.com/release/6548659-Gigi-Botto-Fisarmonica-E-Orchestra-Vol-4-Tango-Delle-Rose,,,
Gigi Botto,Chitarra Romana,B3,2:52,Fisarmonica E Orchestra - Vol. 4 Tango Delle Rose,1972,Italy,Quadrifoglio International,VDS 237,Vinyl / LP,"Latin, Folk, World, & Country",Tango,Italiani,https://www.discogs.com/release/6548659-Gigi-Botto-Fisarmonica-E-Orchestra-Vol-4-Tango-Delle-Rose,,,
Gigi Botto,Lola,B4,2:00,Fisarmonica E Orchestra - Vol. 4 Tango Delle Rose,1972,Italy,Quadrifoglio International,VDS 237,Vinyl / LP,"Latin, Folk, World, & Country",Tango,Italiani,https://www.discogs.com/release/6548659-Gigi-Botto-Fisarmonica-E-Orchestra-Vol-4-Tango-Delle-Rose,,,
Gigi Botto,Roma Nun Fa La Stupida Stasera,B5,2:02,Fisarmonica E Orchestra - Vol. 4 Tango Delle Rose,1972,Italy,Quadrifoglio International,VDS 237,Vinyl / LP,"Latin, Folk, World, & Country",Tango,Italiani,https://www.discogs.com/release/6548659-Gigi-Botto-Fisarmonica-E-Orchestra-Vol-4-Tango-Delle-Rose,,,
Gigi Botto,Tango Delle Rose,B6,2:13,Fisarmonica E Orchestra - Vol. 4 Tango Delle Rose,1972,Italy,Quadrifoglio International,VDS 237,Vinyl / LP,"Latin, Folk, World, & Country",Tango,Italiani,https://www.discogs.com/release/6548659-Gigi-Botto-Fisarmonica-E-Orchestra-Vol-4-Tango-Delle-Rose,,,
Riccardo Cocciante,Bella Senz'Anima,A1,,Amare Con Rabbia,1976,Italy,RCA,NL 33004,Vinyl / LP | Compilation | Stereo,Pop,Chanson,Italiani,https://www.discogs.com/release/2720782-Riccardo-Cocciante-Amare-Con-Rabbia,,Franco Pisano [Arranged By] | Marco Luberti [Producer] | Paolo Amerigo Cassella [Producer],
Riccardo Cocciante,Il Mio Modo Di Vivere,A2,,Amare Con Rabbia,1976,Italy,RCA,NL 33004,Vinyl / LP | Compilation | Stereo,Pop,Chanson,Italiani,https://www.discogs.com/release/2720782-Riccardo-Cocciante-Amare-Con-Rabbia,,Franco Pisano [Arranged By] | Marco Luberti [Producer] | Paolo Amerigo Cassella [Producer],
Riccardo Cocciante,Quando Finisce L'Amore,A3,,Amare Con Rabbia,1976,Italy,RCA,NL 33004,Vinyl / LP | Compilation | Stereo,Pop,Chanson,Italiani,https://www.discogs.com/release/2720782-Riccardo-Cocciante-Amare-Con-Rabbia,,Ennio Morricone [Arranged By] | Marco Luberti [Producer] | Paolo Amerigo Cassella [Producer],
Riccardo Cocciante,Uomo,A4,,Amare Con Rabbia,1976,Italy,RCA,NL 33004,Vinyl / LP | Compilation | Stereo,Pop,Chanson,Italiani,https://www.discogs.com/release/2720782-Riccardo-Cocciante-Amare-Con-Rabbia,,"Italo Greco [Arranged By] | Paolo Dossena [Arranged By, Producer]",
Riccardo Cocciante,Poesia,B1,,Amare Con Rabbia,1976,Italy,RCA,NL 33004,Vinyl / LP | Compilation | Stereo,Pop,Chanson,Italiani,https://www.discogs.com/release/2720782-Riccardo-Cocciante-Amare-Con-Rabbia,,"Paolo Dossena [Arranged By, Producer]",
Riccardo Cocciante,Decisamente Tu,B2,,Amare Con Rabbia,1976,Italy,RCA,NL 33004,Vinyl / LP | Compilation | Stereo,Pop,Chanson,Italiani,https://www.discogs.com/release/2720782-Riccardo-Cocciante-Amare-Con-Rabbia,,"Paolo Dossena [Arranged By, Producer]",
Riccardo Cocciante,Noi,B3,,Amare Con Rabbia,1976,Italy,RCA,NL 33004,Vinyl / LP | Compilation | Stereo,Pop,Chanson,Italiani,https://www.discogs.com/release/2720782-Riccardo-Cocciante-Amare-Con-Rabbia,,"Paolo Dossena [Arranged By, Producer]",
Riccardo Cocciante,Lucia,B4,,Amare Con Rabbia,1976,Italy,RCA,NL 33004,Vinyl / LP | Compilation | Stereo,Pop,Chanson,Italiani,https://www.discogs.com/release/2720782-Riccardo-Cocciante-Amare-Con-Rabbia,,Ennio Morricone [Arranged By] | Marco Luberti [Producer] | Paolo Amerigo Cassella [Producer],
Claudio Baglioni,Sabato Pomeriggio,A1,,Personale Di Claudio Baglioni Vol. 2,1977,Italy,RCA,NL 33041,Vinyl / LP | Compilation | Promo | Stereo,Pop,Ballad,Italiani,https://www.discogs.com/release/11032531-Claudio-Baglioni-Personale-Di-Claudio-Baglioni-Vol-2,,Luis Enriquez [Arranged By] | Claudio Baglioni [Lyrics By] | Antonio Coggio [Music By] | Claudio Baglioni [Music By],
Claudio Baglioni,La Mia Libertà,A2,,Personale Di Claudio Baglioni Vol. 2,1977,Italy,RCA,NL 33041,Vinyl / LP | Compilation | Promo | Stereo,Pop,Ballad,Italiani,https://www.discogs.com/release/11032531-Claudio-Baglioni-Personale-Di-Claudio-Baglioni-Vol-2,,Tony Mimms [Arranged By] | Tony Mimms [Conductor [Orchestra]] | Claudio Baglioni [Lyrics By] | Antonio Coggio [Music By] | Claudio Baglioni [Music By],
Claudio Baglioni,Poster,A3,,Personale Di Claudio Baglioni Vol. 2,1977,Italy,RCA,NL 33041,Vinyl / LP | Compilation | Promo | Stereo,Pop,Ballad,Italiani,https://www.discogs.com/release/11032531-Claudio-Baglioni-Personale-Di-Claudio-Baglioni-Vol-2,,Luis Enriquez [Arranged By] | Claudio Baglioni [Lyrics By] | Antonio Coggio [Music By] | Claudio Baglioni [Music By],
Claudio Baglioni,Isolina,A4,,Personale Di Claudio Baglioni Vol. 2,1977,Italy,RCA,NL 33041,Vinyl / LP | Compilation | Promo | Stereo,Pop,Ballad,Italiani,https://www.discogs.com/release/11032531-Claudio-Baglioni-Personale-Di-Claudio-Baglioni-Vol-2,,Claudio Baglioni [Lyrics By] | Antonio Coggio [Music By] | Claudio Baglioni [Music By] | Ruggero Cini E La Sua Orchestra [Orchestra] | Tino Fornai [Violin [Soloist]],
Claudio Baglioni,Ragazza Di Campagna,B1,,Personale Di Claudio Baglioni Vol. 2,1977,Italy,RCA,NL 33041,Vinyl / LP | Compilation | Promo | Stereo,Pop,Ballad,Italiani,https://www.discogs.com/release/11032531-Claudio-Baglioni-Personale-Di-Claudio-Baglioni-Vol-2,,Tony Mimms [Arranged By] | Tony Mimms [Conductor [Orchestra]] | Claudio Baglioni [Lyrics By] | Antonio Coggio [Music By] | Claudio Baglioni [Music By],
Claudio Baglioni,A Modo Mio,B2,,Personale Di Claudio Baglioni Vol. 2,1977,Italy,RCA,NL 33041,Vinyl / LP | Compilation | Promo | Stereo,Pop,Ballad,Italiani,https://www.discogs.com/release/11032531-Claudio-Baglioni-Personale-Di-Claudio-Baglioni-Vol-2,,Evangelos Papathanassiou [Arranged By] | Claudio Baglioni [Lyrics By] | Antonio Coggio [Music By] | Claudio Baglioni [Music By],
Claudio Baglioni,E Me Lo Chiami Amore,B3,,Personale Di Claudio Baglioni Vol. 2,1977,Italy,RCA,NL 33041,Vinyl / LP | Compilation | Promo | Stereo,Pop,Ballad,Italiani,https://www.discogs.com/release/11032531-Claudio-Baglioni-Personale-Di-Claudio-Baglioni-Vol-2,,Evangelos Papathanassiou [Arranged By] | Claudio Baglioni [Lyrics By] | Antonio Coggio [Music By] | Claudio Baglioni [Music By],
Claudio Baglioni,Io Me Ne Andrei,B4,,Personale Di Claudio Baglioni Vol. 2,1977,Italy,RCA,NL 33041,Vinyl / LP | Compilation | Promo | Stereo,Pop,Ballad,Italiani,https://www.discogs.com/release/11032531-Claudio-Baglioni-Personale-Di-Claudio-Baglioni-Vol-2,,Tony Mimms [Arranged By] | Tony Mimms [Conductor [Orchestra]] | Claudio Baglioni [Lyrics By] | Antonio Coggio [Music By] | Claudio Baglioni [Music By],
Riccardo Cocciante,Nonostante Tutto (I Parte),A1,3:28,Concerto Per Margherita,1976,Italy,RCA Italiana,TPL1-1220,Vinyl / LP | Album | Stereo,"Rock, Pop","Soft Rock, Chanson, Pop Rock",Italiani,https://www.discogs.com/release/1245317-Riccardo-Cocciante-Concerto-Per-Margherita,,,
Riccardo Cocciante,Margherita,A2,4:31,Concerto Per Margherita,1976,Italy,RCA Italiana,TPL1-1220,Vinyl / LP | Album | Stereo,"Rock, Pop","Soft Rock, Chanson, Pop Rock",Italiani,https://www.discogs.com/release/1245317-Riccardo-Cocciante-Concerto-Per-Margherita,,,
Riccardo Cocciante,Sul Bordo Del Fiume,A3,4:02,Concerto Per Margherita,1976,Italy,RCA Italiana,TPL1-1220,Vinyl / LP | Album | Stereo,"Rock, Pop","Soft Rock, Chanson, Pop Rock",Italiani,https://www.discogs.com/release/1245317-Riccardo-Cocciante-Concerto-Per-Margherita,,,
Riccardo Cocciante,Inverno,A4,3:51,Concerto Per Margherita,1976,Italy,RCA Italiana,TPL1-1220,Vinyl / LP | Album | Stereo,"Rock, Pop","Soft Rock, Chanson, Pop Rock",Italiani,https://www.discogs.com/release/1245317-Riccardo-Cocciante-Concerto-Per-Margherita,,,
Riccardo Cocciante,Primavera,A5,4:59,Concerto Per Margherita,1976,Italy,RCA Italiana,TPL1-1220,Vinyl / LP | Album | Stereo,"Rock, Pop","Soft Rock, Chanson, Pop Rock",Italiani,https://www.discogs.com/release/1245317-Riccardo-Cocciante-Concerto-Per-Margherita,,,
Riccardo Cocciante,Violenza,B1,4:01,Concerto Per Margherita,1976,Italy,RCA Italiana,TPL1-1220,Vinyl / LP | Album | Stereo,"Rock, Pop","Soft Rock, Chanson, Pop Rock",Italiani,https://www.discogs.com/release/1245317-Riccardo-Cocciante-Concerto-Per-Margherita,,,
Riccardo Cocciante,Ancora,B2,3:47,Concerto Per Margherita,1976,Italy,RCA Italiana,TPL1-1220,Vinyl / LP | Album | Stereo,"Rock, Pop","Soft Rock, Chanson, Pop Rock",Italiani,https://www.discogs.com/release/1245317-Riccardo-Cocciante-Concerto-Per-Margherita,,,
Riccardo Cocciante,Quando Si Vuole Bene,B3,3:46,Concerto Per Margherita,1976,Italy,RCA Italiana,TPL1-1220,Vinyl / LP | Album | Stereo,"Rock, Pop","Soft Rock, Chanson, Pop Rock",Italiani,https://www.discogs.com/release/1245317-Riccardo-Cocciante-Concerto-Per-Margherita,,,
Riccardo Cocciante,Quando Me Ne Andrò Da Qui,B4,3:24,Concerto Per Margherita,1976,Italy,RCA Italiana,TPL1-1220,Vinyl / LP | Album | Stereo,"Rock, Pop","Soft Rock, Chanson, Pop Rock",Italiani,https://www.discogs.com/release/1245317-Riccardo-Cocciante-Concerto-Per-Margherita,,,
Riccardo Cocciante,Nonostante Tutto (II Parte),B5,2:42,Concerto Per Margherita,1976,Italy,RCA Italiana,TPL1-1220,Vinyl / LP | Album | Stereo,"Rock, Pop","Soft Rock, Chanson, Pop Rock",Italiani,https://www.discogs.com/release/1245317-Riccardo-Cocciante-Concerto-Per-Margherita,,,
Riccardo Cocciante,Bella Senz'Anima,A1,,Amare Con Rabbia,1976,Italy,"RCA, RCA","TNL1-3004, TNL1 3004",Vinyl / LP | Compilation,Pop,Chanson,Italiani,https://www.discogs.com/release/1917304-Riccardo-Cocciante-Amare-Con-Rabbia,,Franco Pisano [Arranged By] | Marco Luberti [Producer] | Paolo Amerigo Cassella [Producer],
Riccardo Cocciante,Il Mio Modo Di Vivere,A2,,Amare Con Rabbia,1976,Italy,"RCA, RCA","TNL1-3004, TNL1 3004",Vinyl / LP | Compilation,Pop,Chanson,Italiani,https://www.discogs.com/release/1917304-Riccardo-Cocciante-Amare-Con-Rabbia,,Franco Pisano [Arranged By] | Marco Luberti [Producer] | Paolo Amerigo Cassella [Producer],
Riccardo Cocciante,Quando Finisce L'Amore,A3,,Amare Con Rabbia,1976,Italy,"RCA, RCA","TNL1-3004, TNL1 3004",Vinyl / LP | Compilation,Pop,Chanson,Italiani,https://www.discogs.com/release/1917304-Riccardo-Cocciante-Amare-Con-Rabbia,,Ennio Morricone [Arranged By] | Marco Luberti [Producer] | Paolo Amerigo Cassella [Producer],
Riccardo Cocciante,Uomo,A4,,Amare Con Rabbia,1976,Italy,"RCA, RCA","TNL1-3004, TNL1 3004",Vinyl / LP | Compilation,Pop,Chanson,Italiani,https://www.discogs.com/release/1917304-Riccardo-Cocciante-Amare-Con-Rabbia,,"Italo Greco [Arranged By] | Paolo Dossena [Arranged By, Producer]",
Riccardo Cocciante,Poesia,B1,,Amare Con Rabbia,1976,Italy,"RCA, RCA","TNL1-3004, TNL1 3004",Vinyl / LP | Compilation,Pop,Chanson,Italiani,https://www.discogs.com/release/1917304-Riccardo-Cocciante-Amare-Con-Rabbia,,"Paolo Dossena [Arranged By, Producer]",
Riccardo Cocciante,Decisamente Tu,B2,,Amare Con Rabbia,1976,Italy,"RCA, RCA","TNL1-3004, TNL1 3004",Vinyl / LP | Compilation,Pop,Chanson,Italiani,https://www.discogs.com/release/1917304-Riccardo-Cocciante-Amare-Con-Rabbia,,"Paolo Dossena [Arranged By, Producer]",
Riccardo Cocciante,Noi,B3,,Amare Con Rabbia,1976,Italy,"RCA, RCA","TNL1-3004, TNL1 3004",Vinyl / LP | Compilation,Pop,Chanson,Italiani,https://www.discogs.com/release/1917304-Riccardo-Cocciante-Amare-Con-Rabbia,,"Paolo Dossena [Arranged By, Producer]",
Riccardo Cocciante,Lucia,B4,,Amare Con Rabbia,1976,Italy,"RCA, RCA","TNL1-3004, TNL1 3004",Vinyl / LP | Compilation,Pop,Chanson,Italiani,https://www.discogs.com/release/1917304-Riccardo-Cocciante-Amare-Con-Rabbia,,Ennio Morricone [Arranged By] | Marco Luberti [Producer] | Paolo Amerigo Cassella [Producer],
Riccardo Cocciante,Smania,A1,2:05,L'Alba,1975,Italy,"RCA, RCA Italiana","TPL1 1167, TPL1 1167",Vinyl / LP | Album / No Campi Grafica,"Rock, Pop","Chanson, Ballad, Symphonic Rock",Italiani,https://www.discogs.com/release/2184706-Riccardo-Cocciante-LAlba,,Sergio Rendine [Arranged By],
Riccardo Cocciante,L'Alba,A2,4:23,L'Alba,1975,Italy,"RCA, RCA Italiana","TPL1 1167, TPL1 1167",Vinyl / LP | Album / No Campi Grafica,"Rock, Pop","Chanson, Ballad, Symphonic Rock",Italiani,https://www.discogs.com/release/2184706-Riccardo-Cocciante-LAlba,,Sergio Rendine [Arranged By],
Riccardo Cocciante,Il Tagliacarte,A3,3:15,L'Alba,1975,Italy,"RCA, RCA Italiana","TPL1 1167, TPL1 1167",Vinyl / LP | Album / No Campi Grafica,"Rock, Pop","Chanson, Ballad, Symphonic Rock",Italiani,https://www.discogs.com/release/2184706-Riccardo-Cocciante-LAlba,,Lucas Sideras [Arranged By] | Niko Papathanassiou [Producer [Realizzazione]],
Riccardo Cocciante,Era Già Tutto Previsto,A4,4:16,L'Alba,1975,Italy,"RCA, RCA Italiana","TPL1 1167, TPL1 1167",Vinyl / LP | Album / No Campi Grafica,"Rock, Pop","Chanson, Ballad, Symphonic Rock",Italiani,https://www.discogs.com/release/2184706-Riccardo-Cocciante-LAlba,,Sergio Rendine [Arranged By],
Riccardo Cocciante,Vendo,A5,3:24,L'Alba,1975,Italy,"RCA, RCA Italiana","TPL1 1167, TPL1 1167",Vinyl / LP | Album / No Campi Grafica,"Rock, Pop","Chanson, Ballad, Symphonic Rock",Italiani,https://www.discogs.com/release/2184706-Riccardo-Cocciante-LAlba,,Lucas Sideras [Arranged By] | Niko Papathanassiou [Producer [Realizzazione]],
Riccardo Cocciante,E Lei Sopra Di Me,B1,3:56,L'Alba,1975,Italy,"RCA, RCA Italiana","TPL1 1167, TPL1 1167",Vinyl / LP | Album / No Campi Grafica,"Rock, Pop","Chanson, Ballad, Symphonic Rock",Italiani,https://www.discogs.com/release/2184706-Riccardo-Cocciante-LAlba,,Sergio Rendine [Arranged By],
Riccardo Cocciante,Canto Popolare,B2,2:57,L'Alba,1975,Italy,"RCA, RCA Italiana","TPL1 1167, TPL1 1167",Vinyl / LP | Album / No Campi Grafica,"Rock, Pop","Chanson, Ballad, Symphonic Rock",Italiani,https://www.discogs.com/release/2184706-Riccardo-Cocciante-LAlba,,Lucas Sideras [Arranged By] | Niko Papathanassiou [Producer [Realizzazione]],
Riccardo Cocciante,La Morte Di Una Rosa,B3,2:15,L'Alba,1975,Italy,"RCA, RCA Italiana","TPL1 1167, TPL1 1167",Vinyl / LP | Album / No Campi Grafica,"Rock, Pop","Chanson, Ballad, Symphonic Rock",Italiani,https://www.discogs.com/release/2184706-Riccardo-Cocciante-LAlba,,,
Riccardo Cocciante,A Mio Padre,B4,4:14,L'Alba,1975,Italy,"RCA, RCA Italiana","TPL1 1167, TPL1 1167",Vinyl / LP | Album / No Campi Grafica,"Rock, Pop","Chanson, Ballad, Symphonic Rock",Italiani,https://www.discogs.com/release/2184706-Riccardo-Cocciante-LAlba,,Lucas Sideras [Arranged By] | Niko Papathanassiou [Producer [Realizzazione]],
Riccardo Cocciante,Comica Finale,B5,2:41,L'Alba,1975,Italy,"RCA, RCA Italiana","TPL1 1167, TPL1 1167",Vinyl / LP | Album / No Campi Grafica,"Rock, Pop","Chanson, Ballad, Symphonic Rock",Italiani,https://www.discogs.com/release/2184706-Riccardo-Cocciante-LAlba,,Lucas Sideras [Arranged By] | Niko Papathanassiou [Producer [Realizzazione]],
Guido And Maurizio De Angelis,Sandokan,A1,3:02,Sandokan - Dalla Colonna Sonora Originale Dello Sceneggiato Televisivo,1976,Italy,"RCA, RCA Original Cast","TBL1 1191, TBL1 1191",Vinyl / LP | Album,Stage & Screen,Soundtrack,Italiani,https://www.discogs.com/release/1587452-Guido-E-Maurizio-De-Angelis-Sandokan-Dalla-Colonna-Sonora-Originale-Dello-Sceneggiato-Televisivo,Guido And Maurizio De Angelis | Sergio Sollima | Susan Duncan-Smith,Oliver Onions [Vocals] | Guido And Maurizio De Angelis [Written-By] | Sergio Sollima [Written-By] | Susan Duncan-Smith [Written-By],
Guido And Maurizio De Angelis,Mompracem,A2,2:37,Sandokan - Dalla Colonna Sonora Originale Dello Sceneggiato Televisivo,1976,Italy,"RCA, RCA Original Cast","TBL1 1191, TBL1 1191",Vinyl / LP | Album,Stage & Screen,Soundtrack,Italiani,https://www.discogs.com/release/1587452-Guido-E-Maurizio-De-Angelis-Sandokan-Dalla-Colonna-Sonora-Originale-Dello-Sceneggiato-Televisivo,,,
Guido And Maurizio De Angelis,Sweet Lady Blue (Orchestrale),A3,3:13,Sandokan - Dalla Colonna Sonora Originale Dello Sceneggiato Televisivo,1976,Italy,"RCA, RCA Original Cast","TBL1 1191, TBL1 1191",Vinyl / LP | Album,Stage & Screen,Soundtrack,Italiani,https://www.discogs.com/release/1587452-Guido-E-Maurizio-De-Angelis-Sandokan-Dalla-Colonna-Sonora-Originale-Dello-Sceneggiato-Televisivo,,,
Guido And Maurizio De Angelis,Caccia Alla Tigre,A4,2:04,Sandokan - Dalla Colonna Sonora Originale Dello Sceneggiato Televisivo,1976,Italy,"RCA, RCA Original Cast","TBL1 1191, TBL1 1191",Vinyl / LP | Album,Stage & Screen,Soundtrack,Italiani,https://www.discogs.com/release/1587452-Guido-E-Maurizio-De-Angelis-Sandokan-Dalla-Colonna-Sonora-Originale-Dello-Sceneggiato-Televisivo,,,
Guido And Maurizio De Angelis,Marianna,A5,2:43,Sandokan - Dalla Colonna Sonora Originale Dello Sceneggiato Televisivo,1976,Italy,"RCA, RCA Original Cast","TBL1 1191, TBL1 1191",Vinyl / LP | Album,Stage & Screen,Soundtrack,Italiani,https://www.discogs.com/release/1587452-Guido-E-Maurizio-De-Angelis-Sandokan-Dalla-Colonna-Sonora-Originale-Dello-Sceneggiato-Televisivo,,,
Guido And Maurizio De Angelis,Colera,A6,4:10,Sandokan - Dalla Colonna Sonora Originale Dello Sceneggiato Televisivo,1976,Italy,"RCA, RCA Original Cast","TBL1 1191, TBL1 1191",Vinyl / LP | Album,Stage & Screen,Soundtrack,Italiani,https://www.discogs.com/release/1587452-Guido-E-Maurizio-De-Angelis-Sandokan-Dalla-Colonna-Sonora-Originale-Dello-Sceneggiato-Televisivo,,,
Guido And Maurizio De Angelis,Sweet Lady Blue,B1,3:13,Sandokan - Dalla Colonna Sonora Originale Dello Sceneggiato Televisivo,1976,Italy,"RCA, RCA Original Cast","TBL1 1191, TBL1 1191",Vinyl / LP | Album,Stage & Screen,Soundtrack,Italiani,https://www.discogs.com/release/1587452-Guido-E-Maurizio-De-Angelis-Sandokan-Dalla-Colonna-Sonora-Originale-Dello-Sceneggiato-Televisivo,Guido And Maurizio De Angelis | Susan Duncan-Smith,Oliver Onions [Vocals] | Guido And Maurizio De Angelis [Written-By] | Susan Duncan-Smith [Written-By],
Guido And Maurizio De Angelis,Arrembaggio,B2,1:45,Sandokan - Dalla Colonna Sonora Originale Dello Sceneggiato Televisivo,1976,Italy,"RCA, RCA Original Cast","TBL1 1191, TBL1 1191",Vinyl / LP | Album,Stage & Screen,Soundtrack,Italiani,https://www.discogs.com/release/1587452-Guido-E-Maurizio-De-Angelis-Sandokan-Dalla-Colonna-Sonora-Originale-Dello-Sceneggiato-Televisivo,,,
Guido And Maurizio De Angelis,Arrivo Di Sandokan,B3,3:42,Sandokan - Dalla Colonna Sonora Originale Dello Sceneggiato Televisivo,1976,Italy,"RCA, RCA Original Cast","TBL1 1191, TBL1 1191",Vinyl / LP | Album,Stage & Screen,Soundtrack,Italiani,https://www.discogs.com/release/1587452-Guido-E-Maurizio-De-Angelis-Sandokan-Dalla-Colonna-Sonora-Originale-Dello-Sceneggiato-Televisivo,,,
Guido And Maurizio De Angelis,Brooke,B4,1:24,Sandokan - Dalla Colonna Sonora Originale Dello Sceneggiato Televisivo,1976,Italy,"RCA, RCA Original Cast","TBL1 1191, TBL1 1191",Vinyl / LP | Album,Stage & Screen,Soundtrack,Italiani,https://www.discogs.com/release/1587452-Guido-E-Maurizio-De-Angelis-Sandokan-Dalla-Colonna-Sonora-Originale-Dello-Sceneggiato-Televisivo,,,
Guido And Maurizio De Angelis,Dedicata A Marianna,B5,1:25,Sandokan - Dalla Colonna Sonora Originale Dello Sceneggiato Televisivo,1976,Italy,"RCA, RCA Original Cast","TBL1 1191, TBL1 1191",Vinyl / LP | Album,Stage & Screen,Soundtrack,Italiani,https://www.discogs.com/release/1587452-Guido-E-Maurizio-De-Angelis-Sandokan-Dalla-Colonna-Sonora-Originale-Dello-Sceneggiato-Televisivo,,,
Guido And Maurizio De Angelis,Sandokan (Orchestrale),B6,3:27,Sandokan - Dalla Colonna Sonora Originale Dello Sceneggiato Televisivo,1976,Italy,"RCA, RCA Original Cast","TBL1 1191, TBL1 1191",Vinyl / LP | Album,Stage & Screen,Soundtrack,Italiani,https://www.discogs.com/release/1587452-Guido-E-Maurizio-De-Angelis-Sandokan-Dalla-Colonna-Sonora-Originale-Dello-Sceneggiato-Televisivo,,,
Guido And Maurizio De Angelis,Goodbye Sandokan,B7,1:53,Sandokan - Dalla Colonna Sonora Originale Dello Sceneggiato Televisivo,1976,Italy,"RCA, RCA Original Cast","TBL1 1191, TBL1 1191",Vinyl / LP | Album,Stage & Screen,Soundtrack,Italiani,https://www.discogs.com/release/1587452-Guido-E-Maurizio-De-Angelis-Sandokan-Dalla-Colonna-Sonora-Originale-Dello-Sceneggiato-Televisivo,,Oliver Onions [Vocals],
Adriano Celentano,Il Ragazzo Della Via Gluck,A1,,Celentanando,1978,Italy,"Record Bazaar, Clan Celentano","RB 177, RB 177",Vinyl / LP | Compilation | Stereo,Rock,"Rock & Roll, Soft Rock, Disco",Italiani,https://www.discogs.com/release/22738679-Adriano-Celentano-Celentanando,Adriano Celentano | Luciano Beretta | Michele del Prete,Adriano Celentano [Written-By] | Luciano Beretta [Written-By] | Michele del Prete [Written-By],
Adriano Celentano,La Storia Di Serafino,A2,,Celentanando,1978,Italy,"Record Bazaar, Clan Celentano","RB 177, RB 177",Vinyl / LP | Compilation | Stereo,Rock,"Rock & Roll, Soft Rock, Disco",Italiani,https://www.discogs.com/release/22738679-Adriano-Celentano-Celentanando,Adriano Celentano | Carlo Rustichelli | Luciano Beretta | Michele del Prete,Adriano Celentano [Written-By] | Carlo Rustichelli [Written-By] | Luciano Beretta [Written-By] | Michele del Prete [Written-By],
Adriano Celentano,Una Festa Sui Prati,A3,,Celentanando,1978,Italy,"Record Bazaar, Clan Celentano","RB 177, RB 177",Vinyl / LP | Compilation | Stereo,Rock,"Rock & Roll, Soft Rock, Disco",Italiani,https://www.discogs.com/release/22738679-Adriano-Celentano-Celentanando,Adriano Celentano | Luciano Beretta | Michele del Prete,Adriano Celentano [Written-By] | Luciano Beretta [Written-By] | Michele del Prete [Written-By],
Adriano Celentano,Er Più,A4,,Celentanando,1978,Italy,"Record Bazaar, Clan Celentano","RB 177, RB 177",Vinyl / LP | Compilation | Stereo,Rock,"Rock & Roll, Soft Rock, Disco",Italiani,https://www.discogs.com/release/22738679-Adriano-Celentano-Celentanando,Carlo Rustichelli | Luciano Beretta | Michele del Prete,Carlo Rustichelli [Written-By] | Luciano Beretta [Written-By] | Michele del Prete [Written-By],
Adriano Celentano,È Inutile Davvero,A5,,Celentanando,1978,Italy,"Record Bazaar, Clan Celentano","RB 177, RB 177",Vinyl / LP | Compilation | Stereo,Rock,"Rock & Roll, Soft Rock, Disco",Italiani,https://www.discogs.com/release/22738679-Adriano-Celentano-Celentanando,Gino Santercole | Michele del Prete | Mogol,Gino Santercole [Written-By] | Michele del Prete [Written-By] | Mogol [Written-By],
Adriano Celentano,Sabato Triste,A6,,Celentanando,1978,Italy,"Record Bazaar, Clan Celentano","RB 177, RB 177",Vinyl / LP | Compilation | Stereo,Rock,"Rock & Roll, Soft Rock, Disco",Italiani,https://www.discogs.com/release/22738679-Adriano-Celentano-Celentanando,Adriano Celentano | Don Backy | Michele del Prete,Adriano Celentano [Written-By] | Don Backy [Written-By] | Michele del Prete [Written-By],
Adriano Celentano,Viola,B1,,Celentanando,1978,Italy,"Record Bazaar, Clan Celentano","RB 177, RB 177",Vinyl / LP | Compilation | Stereo,Rock,"Rock & Roll, Soft Rock, Disco",Italiani,https://www.discogs.com/release/22738679-Adriano-Celentano-Celentanando,Luciano Beretta | Michele del Prete | Nando De Luca,Luciano Beretta [Written-By] | Michele del Prete [Written-By] | Nando De Luca [Written-By],
Adriano Celentano,E Voi Ballate,B2,,Celentanando,1978,Italy,"Record Bazaar, Clan Celentano","RB 177, RB 177",Vinyl / LP | Compilation | Stereo,Rock,"Rock & Roll, Soft Rock, Disco",Italiani,https://www.discogs.com/release/22738679-Adriano-Celentano-Celentanando,Michele del Prete | Nello Ciangherotti | Nisa (2),Michele del Prete [Written-By] | Nello Ciangherotti [Written-By] | Nisa (2) [Written-By],
Adriano Celentano,Una Carezza In Un Pugno,B3,,Celentanando,1978,Italy,"Record Bazaar, Clan Celentano","RB 177, RB 177",Vinyl / LP | Compilation | Stereo,Rock,"Rock & Roll, Soft Rock, Disco",Italiani,https://www.discogs.com/release/22738679-Adriano-Celentano-Celentanando,Gino Santercole | Luciano Beretta | Michele del Prete,Gino Santercole [Written-By] | Luciano Beretta [Written-By] | Michele del Prete [Written-By],
Adriano Celentano,Torno Sui Miei Passi,B4,,Celentanando,1978,Italy,"Record Bazaar, Clan Celentano","RB 177, RB 177",Vinyl / LP | Compilation | Stereo,Rock,"Rock & Roll, Soft Rock, Disco",Italiani,https://www.discogs.com/release/22738679-Adriano-Celentano-Celentanando,Luciano Beretta | Michele del Prete,Luciano Beretta [Written-By] | Michele del Prete [Written-By],
Adriano Celentano,Don't Play That Song (You Lied),B5,,Celentanando,1978,Italy,"Record Bazaar, Clan Celentano","RB 177, RB 177",Vinyl / LP | Compilation | Stereo,Rock,"Rock & Roll, Soft Rock, Disco",Italiani,https://www.discogs.com/release/22738679-Adriano-Celentano-Celentanando,Ahmet Ertegun | Betty Nelson,Ahmet Ertegun [Written-By] | Betty Nelson [Written-By],
Adriano Celentano,When Love...,B6,,Celentanando,1978,Italy,"Record Bazaar, Clan Celentano","RB 177, RB 177",Vinyl / LP | Compilation | Stereo,Rock,"Rock & Roll, Soft Rock, Disco",Italiani,https://www.discogs.com/release/22738679-Adriano-Celentano-Celentanando,D.B. Besquet | Michele del Prete,D.B. Besquet [Written-By] | Michele del Prete [Written-By],
Mia Martini,Ma Quale Amore,A1,4:00,Il Giorno Dopo,0,Italy,Ricordi,ORL 8084,Vinyl / LP | Album | Reissue,Pop,Vocal,Italiani,https://www.discogs.com/release/3282902-Mia-Martini-Il-Giorno-Dopo,,,
Mia Martini,Picnic (Your Song),A2,3:45,Il Giorno Dopo,0,Italy,Ricordi,ORL 8084,Vinyl / LP | Album | Reissue,Pop,Vocal,Italiani,https://www.discogs.com/release/3282902-Mia-Martini-Il-Giorno-Dopo,,,
Mia Martini,Il Guerriero,A3,3:38,Il Giorno Dopo,0,Italy,Ricordi,ORL 8084,Vinyl / LP | Album | Reissue,Pop,Vocal,Italiani,https://www.discogs.com/release/3282902-Mia-Martini-Il-Giorno-Dopo,,,
Mia Martini,Bolero,A4,4:33,Il Giorno Dopo,0,Italy,Ricordi,ORL 8084,Vinyl / LP | Album | Reissue,Pop,Vocal,Italiani,https://www.discogs.com/release/3282902-Mia-Martini-Il-Giorno-Dopo,,,
Mia Martini,Dimmelo Tu,A5,4:00,Il Giorno Dopo,0,Italy,Ricordi,ORL 8084,Vinyl / LP | Album | Reissue,Pop,Vocal,Italiani,https://www.discogs.com/release/3282902-Mia-Martini-Il-Giorno-Dopo,,,
Mia Martini,Minuetto,A6,4:44,Il Giorno Dopo,0,Italy,Ricordi,ORL 8084,Vinyl / LP | Album | Reissue,Pop,Vocal,Italiani,https://www.discogs.com/release/3282902-Mia-Martini-Il-Giorno-Dopo,,,
Mia Martini,Mi Piace,B1,3:46,Il Giorno Dopo,0,Italy,Ricordi,ORL 8084,Vinyl / LP | Album | Reissue,Pop,Vocal,Italiani,https://www.discogs.com/release/3282902-Mia-Martini-Il-Giorno-Dopo,,,
Mia Martini,La Malattia,B2,4:39,Il Giorno Dopo,0,Italy,Ricordi,ORL 8084,Vinyl / LP | Album | Reissue,Pop,Vocal,Italiani,https://www.discogs.com/release/3282902-Mia-Martini-Il-Giorno-Dopo,,,
Mia Martini,Tu Sei Così,B3,3:53,Il Giorno Dopo,0,Italy,Ricordi,ORL 8084,Vinyl / LP | Album | Reissue,Pop,Vocal,Italiani,https://www.discogs.com/release/3282902-Mia-Martini-Il-Giorno-Dopo,,,
Mia Martini,La Discoteca,B4,3:07,Il Giorno Dopo,0,Italy,Ricordi,ORL 8084,Vinyl / LP | Album | Reissue,Pop,Vocal,Italiani,https://www.discogs.com/release/3282902-Mia-Martini-Il-Giorno-Dopo,,,
Mia Martini,Signora (Señora),B5,2:30,Il Giorno Dopo,0,Italy,Ricordi,ORL 8084,Vinyl / LP | Album | Reissue,Pop,Vocal,Italiani,https://www.discogs.com/release/3282902-Mia-Martini-Il-Giorno-Dopo,,,
Mia Martini,Dove Il Cielo Va A Finire,B6,5:15,Il Giorno Dopo,0,Italy,Ricordi,ORL 8084,Vinyl / LP | Album | Reissue,Pop,Vocal,Italiani,https://www.discogs.com/release/3282902-Mia-Martini-Il-Giorno-Dopo,,,
Pino Calvi,I'm Romantic,A1,3:10,Romantic N. 10,1978,Italy,Rifi,RDZ ST 14299,Vinyl / LP | Album | Stereo,"Jazz, Pop, Stage & Screen","Smooth Jazz, Cool Jazz, Easy Listening, Theme",Italiani,https://www.discogs.com/release/3576897-Pino-Calvi-Romantic-N-10,Pino Calvi,Pino Calvi [Written-By],
Pino Calvi,"New York, New York",A2,2:30,Romantic N. 10,1978,Italy,Rifi,RDZ ST 14299,Vinyl / LP | Album | Stereo,"Jazz, Pop, Stage & Screen","Smooth Jazz, Cool Jazz, Easy Listening, Theme",Italiani,https://www.discogs.com/release/3576897-Pino-Calvi-Romantic-N-10,Kander And Ebb,Kander And Ebb [Written-By],
Pino Calvi,The Man In Love,A3,3:00,Romantic N. 10,1978,Italy,Rifi,RDZ ST 14299,Vinyl / LP | Album | Stereo,"Jazz, Pop, Stage & Screen","Smooth Jazz, Cool Jazz, Easy Listening, Theme",Italiani,https://www.discogs.com/release/3576897-Pino-Calvi-Romantic-N-10,George Gershwin,George Gershwin [Written-By],
Pino Calvi,Singin' In The Rain,A4,2:28,Romantic N. 10,1978,Italy,Rifi,RDZ ST 14299,Vinyl / LP | Album | Stereo,"Jazz, Pop, Stage & Screen","Smooth Jazz, Cool Jazz, Easy Listening, Theme",Italiani,https://www.discogs.com/release/3576897-Pino-Calvi-Romantic-N-10,Arthur Freed | Nacio Herb Brown,Arthur Freed [Written-By] | Nacio Herb Brown [Written-By],
Pino Calvi,Respiro,A5,3:05,Romantic N. 10,1978,Italy,Rifi,RDZ ST 14299,Vinyl / LP | Album | Stereo,"Jazz, Pop, Stage & Screen","Smooth Jazz, Cool Jazz, Easy Listening, Theme",Italiani,https://www.discogs.com/release/3576897-Pino-Calvi-Romantic-N-10,Franco Simone,Franco Simone [Written-By],
Pino Calvi,Dans Mon Ile,A6,3:05,Romantic N. 10,1978,Italy,Rifi,RDZ ST 14299,Vinyl / LP | Album | Stereo,"Jazz, Pop, Stage & Screen","Smooth Jazz, Cool Jazz, Easy Listening, Theme",Italiani,https://www.discogs.com/release/3576897-Pino-Calvi-Romantic-N-10,Henri Salvador,Henri Salvador [Written-By],
Pino Calvi,Arlecchinata,B1,3:27,Romantic N. 10,1978,Italy,Rifi,RDZ ST 14299,Vinyl / LP | Album | Stereo,"Jazz, Pop, Stage & Screen","Smooth Jazz, Cool Jazz, Easy Listening, Theme",Italiani,https://www.discogs.com/release/3576897-Pino-Calvi-Romantic-N-10,Charlie Chaplin,Charlie Chaplin [Written-By],
Pino Calvi,Cocktail For Two,B2,2:20,Romantic N. 10,1978,Italy,Rifi,RDZ ST 14299,Vinyl / LP | Album | Stereo,"Jazz, Pop, Stage & Screen","Smooth Jazz, Cool Jazz, Easy Listening, Theme",Italiani,https://www.discogs.com/release/3576897-Pino-Calvi-Romantic-N-10,Arthur Johnston | Sam Coslow,Arthur Johnston [Written-By] | Sam Coslow [Written-By],
Pino Calvi,Le Tue Mani,B3,3:15,Romantic N. 10,1978,Italy,Rifi,RDZ ST 14299,Vinyl / LP | Album | Stereo,"Jazz, Pop, Stage & Screen","Smooth Jazz, Cool Jazz, Easy Listening, Theme",Italiani,https://www.discogs.com/release/3576897-Pino-Calvi-Romantic-N-10,Pino Spotti,Pino Spotti [Written-By],
Pino Calvi,My Own True Love,B4,2:35,Romantic N. 10,1978,Italy,Rifi,RDZ ST 14299,Vinyl / LP | Album | Stereo,"Jazz, Pop, Stage & Screen","Smooth Jazz, Cool Jazz, Easy Listening, Theme",Italiani,https://www.discogs.com/release/3576897-Pino-Calvi-Romantic-N-10,Max Steiner,Max Steiner [Written-By],
Pino Calvi,Dream,B5,2:45,Romantic N. 10,1978,Italy,Rifi,RDZ ST 14299,Vinyl / LP | Album | Stereo,"Jazz, Pop, Stage & Screen","Smooth Jazz, Cool Jazz, Easy Listening, Theme",Italiani,https://www.discogs.com/release/3576897-Pino-Calvi-Romantic-N-10,Johnny Mercer,Johnny Mercer [Written-By],
Pino Calvi,Alexandra,B6,2:45,Romantic N. 10,1978,Italy,Rifi,RDZ ST 14299,Vinyl / LP | Album | Stereo,"Jazz, Pop, Stage & Screen","Smooth Jazz, Cool Jazz, Easy Listening, Theme",Italiani,https://www.discogs.com/release/3576897-Pino-Calvi-Romantic-N-10,Pino Calvi,Pino Calvi [Written-By],
Peppino Di Capri,Forever,A1,2:43,Juke-Box,1982,Italy,Splash (2),SPL 718,Vinyl / LP | Advance | Album | Stereo,Pop,Chanson,Italiani,https://www.discogs.com/release/5366279-Peppino-Di-Capri-Juke-Box,Peter De Angelis | Robert P. Marcucci,Peter De Angelis [Written-By] | Robert P. Marcucci [Written-By],
Peppino Di Capri,St. Tropez Twist,A2,2:32,Juke-Box,1982,Italy,Splash (2),SPL 718,Vinyl / LP | Advance | Album | Stereo,Pop,Chanson,Italiani,https://www.discogs.com/release/5366279-Peppino-Di-Capri-Juke-Box,Giuseppe Faiella | Mario Cenci,Pino Amenta [Bass] | Enzo Avitabile [Saxophone] | Giuseppe Faiella [Written-By] | Mario Cenci [Written-By],
Peppino Di Capri,Why,A3,3:18,Juke-Box,1982,Italy,Splash (2),SPL 718,Vinyl / LP | Advance | Album | Stereo,Pop,Chanson,Italiani,https://www.discogs.com/release/5366279-Peppino-Di-Capri-Juke-Box,Peter De Angelis | Robert P. Marcucci,Peter De Angelis [Written-By] | Robert P. Marcucci [Written-By],
Peppino Di Capri,Malatia,A4,3:18,Juke-Box,1982,Italy,Splash (2),SPL 718,Vinyl / LP | Advance | Album | Stereo,Pop,Chanson,Italiani,https://www.discogs.com/release/5366279-Peppino-Di-Capri-Juke-Box,Armando Romeo | Caslow,Armando Romeo [Written-By] | Caslow [Written-By],
Peppino Di Capri,Passion Flower,A5,1:53,Juke-Box,1982,Italy,Splash (2),SPL 718,Vinyl / LP | Advance | Album | Stereo,Pop,Chanson,Italiani,https://www.discogs.com/release/5366279-Peppino-Di-Capri-Juke-Box,Bunny Botkin | Gil Garfield | Patrick Murtagh,Bunny Botkin [Written-By] | Gil Garfield [Written-By] | Patrick Murtagh [Written-By],
Peppino Di Capri,Speedy Gonzales,A6,2:43,Juke-Box,1982,Italy,Splash (2),SPL 718,Vinyl / LP | Advance | Album | Stereo,Pop,Chanson,Italiani,https://www.discogs.com/release/5366279-Peppino-Di-Capri-Juke-Box,Alberico Gentile | Buddy Kaye | David Hill (4) | Ethel Lee,Alberico Gentile [Written-By] | Buddy Kaye [Written-By] | David Hill (4) [Written-By] | Ethel Lee [Written-By],
Peppino Di Capri,Little Darlin',B1,2:23,Juke-Box,1982,Italy,Splash (2),SPL 718,Vinyl / LP | Advance | Album | Stereo,Pop,Chanson,Italiani,https://www.discogs.com/release/5366279-Peppino-Di-Capri-Juke-Box,Maurice Williams,Maurice Williams [Written-By],
Peppino Di Capri,Baby,B2,3:11,Juke-Box,1982,Italy,Splash (2),SPL 718,Vinyl / LP | Advance | Album | Stereo,Pop,Chanson,Italiani,https://www.discogs.com/release/5366279-Peppino-Di-Capri-Juke-Box,Angelino Lepore | Jeff Barry | Phil Spector,Angelino Lepore [Written-By] | Jeff Barry [Written-By] | Phil Spector [Written-By],
Peppino Di Capri,Venus,B3,2:31,Juke-Box,1982,Italy,Splash (2),SPL 718,Vinyl / LP | Advance | Album | Stereo,Pop,Chanson,Italiani,https://www.discogs.com/release/5366279-Peppino-Di-Capri-Juke-Box,Ed Marshall (2),Ed Marshall (2) [Written-By],
Peppino Di Capri,Let's Twist Again,B4,2:28,Juke-Box,1982,Italy,Splash (2),SPL 718,Vinyl / LP | Advance | Album | Stereo,Pop,Chanson,Italiani,https://www.discogs.com/release/5366279-Peppino-Di-Capri-Juke-Box,Dave Appell | Kal Mann,Pino Amenta [Bass] | Enzo Avitabile [Saxophone] | Dave Appell [Written-By] | Kal Mann [Written-By],
Peppino Di Capri,I Marziani,B5,2:54,Juke-Box,1982,Italy,Splash (2),SPL 718,Vinyl / LP | Advance | Album | Stereo,Pop,Chanson,Italiani,https://www.discogs.com/release/5366279-Peppino-Di-Capri-Juke-Box,John Spirt | Mario Cenci | Robby Lawrence | Robert Rappaport,Pippo Cerciello [Violin] | John Spirt [Written-By] | Mario Cenci [Written-By] | Robby Lawrence [Written-By] | Robert Rappaport [Written-By],
Rosanna Fratello,"Sono Una Donna, Non Sono Una Santa",A1,3:10,Rosanna Fratello,1974,Italy,Super Oscar,SPO 523,Vinyl / LP | Compilation,Pop,Chanson,Italiani,https://www.discogs.com/release/3985186-Rosanna-Fratello-Rosanna-Fratello,,,
Rosanna Fratello,Un Rapido Per Roma,A2,3:32,Rosanna Fratello,1974,Italy,Super Oscar,SPO 523,Vinyl / LP | Compilation,Pop,Chanson,Italiani,https://www.discogs.com/release/3985186-Rosanna-Fratello-Rosanna-Fratello,,,
Rosanna Fratello,Carita',A3,2:45,Rosanna Fratello,1974,Italy,Super Oscar,SPO 523,Vinyl / LP | Compilation,Pop,Chanson,Italiani,https://www.discogs.com/release/3985186-Rosanna-Fratello-Rosanna-Fratello,,,
Rosanna Fratello,Non Fa Niente,A4,3:05,Rosanna Fratello,1974,Italy,Super Oscar,SPO 523,Vinyl / LP | Compilation,Pop,Chanson,Italiani,https://www.discogs.com/release/3985186-Rosanna-Fratello-Rosanna-Fratello,,,
Rosanna Fratello,Amsterdam,A5,2:20,Rosanna Fratello,1974,Italy,Super Oscar,SPO 523,Vinyl / LP | Compilation,Pop,Chanson,Italiani,https://www.discogs.com/release/3985186-Rosanna-Fratello-Rosanna-Fratello,,,
Rosanna Fratello,Io Canto Per Amore,A6,2:45,Rosanna Fratello,1974,Italy,Super Oscar,SPO 523,Vinyl / LP | Compilation,Pop,Chanson,Italiani,https://www.discogs.com/release/3985186-Rosanna-Fratello-Rosanna-Fratello,,,
Rosanna Fratello,Mi Guardo Intorno,B1,2:30,Rosanna Fratello,1974,Italy,Super Oscar,SPO 523,Vinyl / LP | Compilation,Pop,Chanson,Italiani,https://www.discogs.com/release/3985186-Rosanna-Fratello-Rosanna-Fratello,,,
Rosanna Fratello,Lacrime Nel Mare,B2,2:50,Rosanna Fratello,1974,Italy,Super Oscar,SPO 523,Vinyl / LP | Compilation,Pop,Chanson,Italiani,https://www.discogs.com/release/3985186-Rosanna-Fratello-Rosanna-Fratello,,,
Rosanna Fratello,Il Foulard Blu,B3,3:02,Rosanna Fratello,1974,Italy,Super Oscar,SPO 523,Vinyl / LP | Compilation,Pop,Chanson,Italiani,https://www.discogs.com/release/3985186-Rosanna-Fratello-Rosanna-Fratello,,,
Rosanna Fratello,Io Ti Amo Alla Mia Maniera,B4,3:17,Rosanna Fratello,1974,Italy,Super Oscar,SPO 523,Vinyl / LP | Compilation,Pop,Chanson,Italiani,https://www.discogs.com/release/3985186-Rosanna-Fratello-Rosanna-Fratello,,,
Rosanna Fratello,La Nostra Citta',B5,3:07,Rosanna Fratello,1974,Italy,Super Oscar,SPO 523,Vinyl / LP | Compilation,Pop,Chanson,Italiani,https://www.discogs.com/release/3985186-Rosanna-Fratello-Rosanna-Fratello,,,
Rosanna Fratello,Dove Finisce Il Mare,B6,2:42,Rosanna Fratello,1974,Italy,Super Oscar,SPO 523,Vinyl / LP | Compilation,Pop,Chanson,Italiani,https://www.discogs.com/release/3985186-Rosanna-Fratello-Rosanna-Fratello,,,
Mario Battaini,La Spagnola,A1,,Il Liscio,1978,Italy,Up,LPUP 5159,Vinyl / LP,"Folk, World, & Country",Folk,Italiani,https://www.discogs.com/release/18920647-Super-Battaini-Il-Liscio,,,
Mario Battaini,No Te Quiero Mas,A2,,Il Liscio,1978,Italy,Up,LPUP 5159,Vinyl / LP,"Folk, World, & Country",Folk,Italiani,https://www.discogs.com/release/18920647-Super-Battaini-Il-Liscio,,,
Mario Battaini,Fox Della Luna,A3,,Il Liscio,1978,Italy,Up,LPUP 5159,Vinyl / LP,"Folk, World, & Country",Folk,Italiani,https://www.discogs.com/release/18920647-Super-Battaini-Il-Liscio,,,
Mario Battaini,Amapola,A4,,Il Liscio,1978,Italy,Up,LPUP 5159,Vinyl / LP,"Folk, World, & Country",Folk,Italiani,https://www.discogs.com/release/18920647-Super-Battaini-Il-Liscio,,,
Mario Battaini,Limon Limonero,A5,,Il Liscio,1978,Italy,Up,LPUP 5159,Vinyl / LP,"Folk, World, & Country",Folk,Italiani,https://www.discogs.com/release/18920647-Super-Battaini-Il-Liscio,,,
Mario Battaini,Esta Noche Me Emborracho,A6,,Il Liscio,1978,Italy,Up,LPUP 5159,Vinyl / LP,"Folk, World, & Country",Folk,Italiani,https://www.discogs.com/release/18920647-Super-Battaini-Il-Liscio,,,
Mario Battaini,Su Di Giri,A7,,Il Liscio,1978,Italy,Up,LPUP 5159,Vinyl / LP,"Folk, World, & Country",Folk,Italiani,https://www.discogs.com/release/18920647-Super-Battaini-Il-Liscio,,,
Mario Battaini,Celebre Mazurka Variata,B1,,Il Liscio,1978,Italy,Up,LPUP 5159,Vinyl / LP,"Folk, World, & Country",Folk,Italiani,https://www.discogs.com/release/18920647-Super-Battaini-Il-Liscio,,,
Mario Battaini,Rosamunda,B2,,Il Liscio,1978,Italy,Up,LPUP 5159,Vinyl / LP,"Folk, World, & Country",Folk,Italiani,https://www.discogs.com/release/18920647-Super-Battaini-Il-Liscio,,,
Mario Battaini,Blue Tango,B3,,Il Liscio,1978,Italy,Up,LPUP 5159,Vinyl / LP,"Folk, World, & Country",Folk,Italiani,https://www.discogs.com/release/18920647-Super-Battaini-Il-Liscio,,,
Mario Battaini,Valzer Del Cuore,B4,,Il Liscio,1978,Italy,Up,LPUP 5159,Vinyl / LP,"Folk, World, & Country",Folk,Italiani,https://www.discogs.com/release/18920647-Super-Battaini-Il-Liscio,,,
Mario Battaini,La Paloma,B5,,Il Liscio,1978,Italy,Up,LPUP 5159,Vinyl / LP,"Folk, World, & Country",Folk,Italiani,https://www.discogs.com/release/18920647-Super-Battaini-Il-Liscio,,,
Mario Battaini,Tango Bolero,B6,,Il Liscio,1978,Italy,Up,LPUP 5159,Vinyl / LP,"Folk, World, & Country",Folk,Italiani,https://www.discogs.com/release/18920647-Super-Battaini-Il-Liscio,,,
Mario Battaini,Francesina,B7,,Il Liscio,1978,Italy,Up,LPUP 5159,Vinyl / LP,"Folk, World, & Country",Folk,Italiani,https://www.discogs.com/release/18920647-Super-Battaini-Il-Liscio,,,
Armando Sciascia Orchestra,Il Gabbiano Infelice,A1,2:50,Fly,1972,Italy,Vedette Records,VPAS 909,Vinyl / LP | Album,"Electronic, Jazz","Latin Jazz, Modal, Easy Listening",Italiani,https://www.discogs.com/release/2630394-Armando-Sciascia-Orchestra-Coro-E-Moog-Fly,Arfemo,Arfemo [Written-By],
Armando Sciascia Orchestra,Alone Again,A2,3:38,Fly,1972,Italy,Vedette Records,VPAS 909,Vinyl / LP | Album,"Electronic, Jazz","Latin Jazz, Modal, Easy Listening",Italiani,https://www.discogs.com/release/2630394-Armando-Sciascia-Orchestra-Coro-E-Moog-Fly,Gilbert O'Sullivan,Gilbert O'Sullivan [Written-By],
Armando Sciascia Orchestra,Pop Corn,A3,2:30,Fly,1972,Italy,Vedette Records,VPAS 909,Vinyl / LP | Album,"Electronic, Jazz","Latin Jazz, Modal, Easy Listening",Italiani,https://www.discogs.com/release/2630394-Armando-Sciascia-Orchestra-Coro-E-Moog-Fly,Gershon Kingsley,Gershon Kingsley [Written-By],
Armando Sciascia Orchestra,Run To Me,A4,2:55,Fly,1972,Italy,Vedette Records,VPAS 909,Vinyl / LP | Album,"Electronic, Jazz","Latin Jazz, Modal, Easy Listening",Italiani,https://www.discogs.com/release/2630394-Armando-Sciascia-Orchestra-Coro-E-Moog-Fly,"Robin Gibb, Barry Gibb & Maurice Gibb","Robin Gibb, Barry Gibb & Maurice Gibb [Written-By]",
Armando Sciascia Orchestra,Play A Simple Melody,A5,3:30,Fly,1972,Italy,Vedette Records,VPAS 909,Vinyl / LP | Album,"Electronic, Jazz","Latin Jazz, Modal, Easy Listening",Italiani,https://www.discogs.com/release/2630394-Armando-Sciascia-Orchestra-Coro-E-Moog-Fly,Irving Berlin,Irving Berlin [Written-By],
Armando Sciascia Orchestra,Lovey Mine,A6,2:45,Fly,1972,Italy,Vedette Records,VPAS 909,Vinyl / LP | Album,"Electronic, Jazz","Latin Jazz, Modal, Easy Listening",Italiani,https://www.discogs.com/release/2630394-Armando-Sciascia-Orchestra-Coro-E-Moog-Fly,H. Tical,H. Tical [Written-By],
Armando Sciascia Orchestra,Grande Grande Grande,B1,3:10,Fly,1972,Italy,Vedette Records,VPAS 909,Vinyl / LP | Album,"Electronic, Jazz","Latin Jazz, Modal, Easy Listening",Italiani,https://www.discogs.com/release/2630394-Armando-Sciascia-Orchestra-Coro-E-Moog-Fly,Tony Renis,Tony Renis [Written-By],
Armando Sciascia Orchestra,Song Sung Blue,B2,3:00,Fly,1972,Italy,Vedette Records,VPAS 909,Vinyl / LP | Album,"Electronic, Jazz","Latin Jazz, Modal, Easy Listening",Italiani,https://www.discogs.com/release/2630394-Armando-Sciascia-Orchestra-Coro-E-Moog-Fly,Neil Diamond,Neil Diamond [Written-By],
Armando Sciascia Orchestra,Smoke Gets In Your Eyes (Fumo Negli Occhi),B3,2:50,Fly,1972,Italy,Vedette Records,VPAS 909,Vinyl / LP | Album,"Electronic, Jazz","Latin Jazz, Modal, Easy Listening",Italiani,https://www.discogs.com/release/2630394-Armando-Sciascia-Orchestra-Coro-E-Moog-Fly,Jerome Kern,Jerome Kern [Written-By],
Armando Sciascia Orchestra,Io Vagabondo (Che Non Sono Altro),B4,2:55,Fly,1972,Italy,Vedette Records,VPAS 909,Vinyl / LP | Album,"Electronic, Jazz","Latin Jazz, Modal, Easy Listening",Italiani,https://www.discogs.com/release/2630394-Armando-Sciascia-Orchestra-Coro-E-Moog-Fly,Alberto Salerno | Damiano Dattoli,Alberto Salerno [Written-By] | Damiano Dattoli [Written-By],
Armando Sciascia Orchestra,Viaggio Di Un Poeta,B5,2:40,Fly,1972,Italy,Vedette Records,VPAS 909,Vinyl / LP | Album,"Electronic, Jazz","Latin Jazz, Modal, Easy Listening",Italiani,https://www.discogs.com/release/2630394-Armando-Sciascia-Orchestra-Coro-E-Moog-Fly,Maurizio Vandelli | Riccardo Zara,Maurizio Vandelli [Written-By] | Riccardo Zara [Written-By],
Armando Sciascia Orchestra,Spring Doll,B6,3:00,Fly,1972,Italy,Vedette Records,VPAS 909,Vinyl / LP | Album,"Electronic, Jazz","Latin Jazz, Modal, Easy Listening",Italiani,https://www.discogs.com/release/2630394-Armando-Sciascia-Orchestra-Coro-E-Moog-Fly,Lee Selmoco,Lee Selmoco [Written-By],
Fred Bongusto,Carissimo Maestro Di Padova,A1,3:10,Professionista Di Notte,1978,Italy,Warner Bros. Records,T 56514,Vinyl / LP | Album / Gatefold,"Jazz, Pop",Vocal,Italiani,https://www.discogs.com/release/2225950-Fred-Bongusto-Professionista-Di-Notte,,"Toto Torquati [Arranged By, Directed By [Orchestra]]",
Fred Bongusto,Cazzarola,A2,4:50,Professionista Di Notte,1978,Italy,Warner Bros. Records,T 56514,Vinyl / LP | Album / Gatefold,"Jazz, Pop",Vocal,Italiani,https://www.discogs.com/release/2225950-Fred-Bongusto-Professionista-Di-Notte,,"Jose Mascolo [Arranged By, Directed By [Orchestra]]",
Fred Bongusto,Professionista Di Notte,A3,3:27,Professionista Di Notte,1978,Italy,Warner Bros. Records,T 56514,Vinyl / LP | Album / Gatefold,"Jazz, Pop",Vocal,Italiani,https://www.discogs.com/release/2225950-Fred-Bongusto-Professionista-Di-Notte,,"Adelmo Musso [Arranged By, Directed By [Orchestra]]",
Fred Bongusto,Week-End,A4,4:07,Professionista Di Notte,1978,Italy,Warner Bros. Records,T 56514,Vinyl / LP | Album / Gatefold,"Jazz, Pop",Vocal,Italiani,https://www.discogs.com/release/2225950-Fred-Bongusto-Professionista-Di-Notte,,"Jose Mascolo [Arranged By, Directed By [Orchestra]]",
Fred Bongusto,Il Mio Cane,A5,4:26,Professionista Di Notte,1978,Italy,Warner Bros. Records,T 56514,Vinyl / LP | Album / Gatefold,"Jazz, Pop",Vocal,Italiani,https://www.discogs.com/release/2225950-Fred-Bongusto-Professionista-Di-Notte,,"Rodolfo Grieco [Arranged By, Directed By [Orchestra]]",
Fred Bongusto,La Canzone Di Armando,A6,3:40,Professionista Di Notte,1978,Italy,Warner Bros. Records,T 56514,Vinyl / LP | Album / Gatefold,"Jazz, Pop",Vocal,Italiani,https://www.discogs.com/release/2225950-Fred-Bongusto-Professionista-Di-Notte,,"Toto Torquati [Arranged By, Directed By [Orchestra]]",
Fred Bongusto,"Bruttissima, Bellissima (You're My Everything)",B1,4:30,Professionista Di Notte,1978,Italy,Warner Bros. Records,T 56514,Vinyl / LP | Album / Gatefold,"Jazz, Pop",Vocal,Italiani,https://www.discogs.com/release/2225950-Fred-Bongusto-Professionista-Di-Notte,,"Adelmo Musso [Arranged By, Directed By [Orchestra]]",
Fred Bongusto,Molise,B2,5:14,Professionista Di Notte,1978,Italy,Warner Bros. Records,T 56514,Vinyl / LP | Album / Gatefold,"Jazz, Pop",Vocal,Italiani,https://www.discogs.com/release/2225950-Fred-Bongusto-Professionista-Di-Notte,,"Romano Musumarra [Arranged By, Directed By [Orchestra]]",
Fred Bongusto,Una Mezza Estate,B3,4:00,Professionista Di Notte,1978,Italy,Warner Bros. Records,T 56514,Vinyl / LP | Album / Gatefold,"Jazz, Pop",Vocal,Italiani,https://www.discogs.com/release/2225950-Fred-Bongusto-Professionista-Di-Notte,,"Rodolfo Grieco [Arranged By, Directed By [Orchestra]]",
Fred Bongusto,Friddo,B4,3:18,Professionista Di Notte,1978,Italy,Warner Bros. Records,T 56514,Vinyl / LP | Album / Gatefold,"Jazz, Pop",Vocal,Italiani,https://www.discogs.com/release/2225950-Fred-Bongusto-Professionista-Di-Notte,,"Ruggero Cini [Arranged By, Directed By [Orchestra]]",
Fred Bongusto,"Prima Il Nulla, Ora...",B5,3:55,Professionista Di Notte,1978,Italy,Warner Bros. Records,T 56514,Vinyl / LP | Album / Gatefold,"Jazz, Pop",Vocal,Italiani,https://www.discogs.com/release/2225950-Fred-Bongusto-Professionista-Di-Notte,,"Romano Musumarra [Arranged By, Directed By [Orchestra]]",
Fred Bongusto,Stasera A Ischia,B6,3:10,Professionista Di Notte,1978,Italy,Warner Bros. Records,T 56514,Vinyl / LP | Album / Gatefold,"Jazz, Pop",Vocal,Italiani,https://www.discogs.com/release/2225950-Fred-Bongusto-Professionista-Di-Notte,,"Jose Mascolo [Arranged By, Directed By [Orchestra]]",
Renato Zero,Il Carrozzone,A1,4:36,EroZero,1979,Italy,Zerolandia,PL 31436,Vinyl / LP | Album | Stereo / 3/79 Campi Grafica,Rock,Pop Rock,Italiani,https://www.discogs.com/release/1456443-Renato-Zero-EroZero,,,
Renato Zero,Fermo Posta,A2,3:32,EroZero,1979,Italy,Zerolandia,PL 31436,Vinyl / LP | Album | Stereo / 3/79 Campi Grafica,Rock,Pop Rock,Italiani,https://www.discogs.com/release/1456443-Renato-Zero-EroZero,,,
Renato Zero,La Tua Idea,A3,3:22,EroZero,1979,Italy,Zerolandia,PL 31436,Vinyl / LP | Album | Stereo / 3/79 Campi Grafica,Rock,Pop Rock,Italiani,https://www.discogs.com/release/1456443-Renato-Zero-EroZero,,,
Renato Zero,Baratto,A4,4:18,EroZero,1979,Italy,Zerolandia,PL 31436,Vinyl / LP | Album | Stereo / 3/79 Campi Grafica,Rock,Pop Rock,Italiani,https://www.discogs.com/release/1456443-Renato-Zero-EroZero,,,
Renato Zero,La Rete D'Oro,A5,4:26,EroZero,1979,Italy,Zerolandia,PL 31436,Vinyl / LP | Album | Stereo / 3/79 Campi Grafica,Rock,Pop Rock,Italiani,https://www.discogs.com/release/1456443-Renato-Zero-EroZero,,,
Renato Zero,Periferia,B1,4:23,EroZero,1979,Italy,Zerolandia,PL 31436,Vinyl / LP | Album | Stereo / 3/79 Campi Grafica,Rock,Pop Rock,Italiani,https://www.discogs.com/release/1456443-Renato-Zero-EroZero,,,
Renato Zero,Grattacieli Di Sale,B2,3:24,EroZero,1979,Italy,Zerolandia,PL 31436,Vinyl / LP | Album | Stereo / 3/79 Campi Grafica,Rock,Pop Rock,Italiani,https://www.discogs.com/release/1456443-Renato-Zero-EroZero,,,
Renato Zero,Rh Negativo,B3,3:08,EroZero,1979,Italy,Zerolandia,PL 31436,Vinyl / LP | Album | Stereo / 3/79 Campi Grafica,Rock,Pop Rock,Italiani,https://www.discogs.com/release/1456443-Renato-Zero-EroZero,,,
Renato Zero,Nascondimi,B4,4:07,EroZero,1979,Italy,Zerolandia,PL 31436,Vinyl / LP | Album | Stereo / 3/79 Campi Grafica,Rock,Pop Rock,Italiani,https://www.discogs.com/release/1456443-Renato-Zero-EroZero,,,
Renato Zero,Arrendermi Mai,B5,4:28,EroZero,1979,Italy,Zerolandia,PL 31436,Vinyl / LP | Album | Stereo / 3/79 Campi Grafica,Rock,Pop Rock,Italiani,https://www.discogs.com/release/1456443-Renato-Zero-EroZero,,,
Antonello Rondi,Tarantella Luciana,A1,,Una Voce Per Napoli,0,Italy,Ata Records (2),NDL 0003,Vinyl / LP | Album,"Folk, World, & Country",Canzone Napoletana,Napoletani,https://www.discogs.com/release/5635109-Antonello-Rondi-Una-Voce-Per-Napoli,Enrico Cannio | Libero Bovio,Enrico Cannio [Written-By] | Libero Bovio [Written-By],
Antonello Rondi,Core 'Ngrato,A2,,Una Voce Per Napoli,0,Italy,Ata Records (2),NDL 0003,Vinyl / LP | Album,"Folk, World, & Country",Canzone Napoletana,Napoletani,https://www.discogs.com/release/5635109-Antonello-Rondi-Una-Voce-Per-Napoli,Riccardo Cordiferro | Salvatore Cardillo,Riccardo Cordiferro [Written-By] | Salvatore Cardillo [Written-By],
Antonello Rondi,Senza Mamma E 'Nnammurata,A3,,Una Voce Per Napoli,0,Italy,Ata Records (2),NDL 0003,Vinyl / LP | Album,"Folk, World, & Country",Canzone Napoletana,Napoletani,https://www.discogs.com/release/5635109-Antonello-Rondi-Una-Voce-Per-Napoli,Luigi Donadio,Luigi Donadio [Written-By],
Antonello Rondi,Tutta Pe' Mme,A4,,Una Voce Per Napoli,0,Italy,Ata Records (2),NDL 0003,Vinyl / LP | Album,"Folk, World, & Country",Canzone Napoletana,Napoletani,https://www.discogs.com/release/5635109-Antonello-Rondi-Una-Voce-Per-Napoli,Francesco Fiore (4) | Gaetano Lama,Francesco Fiore (4) [Written-By] | Gaetano Lama [Written-By],
Antonello Rondi,Torna Maggio,A5,,Una Voce Per Napoli,0,Italy,Ata Records (2),NDL 0003,Vinyl / LP | Album,"Folk, World, & Country",Canzone Napoletana,Napoletani,https://www.discogs.com/release/5635109-Antonello-Rondi-Una-Voce-Per-Napoli,Eduardo di Capua | Vincenzo Russo,Eduardo di Capua [Written-By] | Vincenzo Russo [Written-By],
Antonello Rondi,Napule E' 'Na Canzona,A6,,Una Voce Per Napoli,0,Italy,Ata Records (2),NDL 0003,Vinyl / LP | Album,"Folk, World, & Country",Canzone Napoletana,Napoletani,https://www.discogs.com/release/5635109-Antonello-Rondi-Una-Voce-Per-Napoli,Alberto De Cristofaro | E. A. Mario,Alberto De Cristofaro [Written-By] | E. A. Mario [Written-By],
Antonello Rondi,Vierno,B1,,Una Voce Per Napoli,0,Italy,Ata Records (2),NDL 0003,Vinyl / LP | Album,"Folk, World, & Country",Canzone Napoletana,Napoletani,https://www.discogs.com/release/5635109-Antonello-Rondi-Una-Voce-Per-Napoli,Armando De Gregorio | Vincenzo Acampora,Armando De Gregorio [Written-By] | Vincenzo Acampora [Written-By],
Antonello Rondi,Sora Mia,B2,,Una Voce Per Napoli,0,Italy,Ata Records (2),NDL 0003,Vinyl / LP | Album,"Folk, World, & Country",Canzone Napoletana,Napoletani,https://www.discogs.com/release/5635109-Antonello-Rondi-Una-Voce-Per-Napoli,Ernesto de Curtis | Rocco Galdieri,Ernesto de Curtis [Written-By] | Rocco Galdieri [Written-By],
Antonello Rondi,Palomma 'E Notte,B3,,Una Voce Per Napoli,0,Italy,Ata Records (2),NDL 0003,Vinyl / LP | Album,"Folk, World, & Country",Canzone Napoletana,Napoletani,https://www.discogs.com/release/5635109-Antonello-Rondi-Una-Voce-Per-Napoli,Francesco Buongiovanni | Salvatore Di Giacomo,Francesco Buongiovanni [Written-By] | Salvatore Di Giacomo [Written-By],
Antonello Rondi,Autunno,B4,,Una Voce Per Napoli,0,Italy,Ata Records (2),NDL 0003,Vinyl / LP | Album,"Folk, World, & Country",Canzone Napoletana,Napoletani,https://www.discogs.com/release/5635109-Antonello-Rondi-Una-Voce-Per-Napoli,Ernesto de Curtis | Libero Bovio,Ernesto de Curtis [Written-By] | Libero Bovio [Written-By],
Antonello Rondi,Che T'Aggia Di',B5,,Una Voce Per Napoli,0,Italy,Ata Records (2),NDL 0003,Vinyl / LP | Album,"Folk, World, & Country",Canzone Napoletana,Napoletani,https://www.discogs.com/release/5635109-Antonello-Rondi-Una-Voce-Per-Napoli,Corrado Della Gatta | Evemero Nardella,Corrado Della Gatta [Written-By] | Evemero Nardella [Written-By],
Antonello Rondi,Presentimento,B6,,Una Voce Per Napoli,0,Italy,Ata Records (2),NDL 0003,Vinyl / LP | Album,"Folk, World, & Country",Canzone Napoletana,Napoletani,https://www.discogs.com/release/5635109-Antonello-Rondi-Una-Voce-Per-Napoli,E. A. Mario,E. A. Mario [Written-By],
Antonello Rondi,I' M'Arricordo 'E Te,A1,3:48,I' M'Arricordo 'E Te,0,Italy,Ata Records (2),NDL 0008,Vinyl / LP,"Folk, World, & Country",Canzone Napoletana,Napoletani,https://www.discogs.com/release/10515299-Antonello-Rondi-I-MArricordo-E-Te,Ernesto de Curtis | Giambattista De Curtis,Ernesto de Curtis [Written-By] | Giambattista De Curtis [Written-By],
Antonello Rondi,Qui Fu Napoli,A2,3:05,I' M'Arricordo 'E Te,0,Italy,Ata Records (2),NDL 0008,Vinyl / LP,"Folk, World, & Country",Canzone Napoletana,Napoletani,https://www.discogs.com/release/10515299-Antonello-Rondi-I-MArricordo-E-Te,Ernesto Murolo | Ernesto Tagliaferri,Ernesto Murolo [Written-By] | Ernesto Tagliaferri [Written-By],
Antonello Rondi,Serenata Napoletana,A3,4:33,I' M'Arricordo 'E Te,0,Italy,Ata Records (2),NDL 0008,Vinyl / LP,"Folk, World, & Country",Canzone Napoletana,Napoletani,https://www.discogs.com/release/10515299-Antonello-Rondi-I-MArricordo-E-Te,Mario Pasquale Costa | Salvatore Di Giacomo,Mario Pasquale Costa [Written-By] | Salvatore Di Giacomo [Written-By],
Antonello Rondi,Carulì Cu St'Uocchie Nire Nire,A4,2:35,I' M'Arricordo 'E Te,0,Italy,Ata Records (2),NDL 0008,Vinyl / LP,"Folk, World, & Country",Canzone Napoletana,Napoletani,https://www.discogs.com/release/10515299-Antonello-Rondi-I-MArricordo-E-Te,Mario Pasquale Costa | Salvatore Di Giacomo,Mario Pasquale Costa [Written-By] | Salvatore Di Giacomo [Written-By],
Antonello Rondi,Era De Maggio,A5,5:39,I' M'Arricordo 'E Te,0,Italy,Ata Records (2),NDL 0008,Vinyl / LP,"Folk, World, & Country",Canzone Napoletana,Napoletani,https://www.discogs.com/release/10515299-Antonello-Rondi-I-MArricordo-E-Te,Mario Pasquale Costa | Salvatore Di Giacomo,Mario Pasquale Costa [Written-By] | Salvatore Di Giacomo [Written-By],
Antonello Rondi,'A Porta,B1,3:45,I' M'Arricordo 'E Te,0,Italy,Ata Records (2),NDL 0008,Vinyl / LP,"Folk, World, & Country",Canzone Napoletana,Napoletani,https://www.discogs.com/release/10515299-Antonello-Rondi-I-MArricordo-E-Te,Armando De Gregorio | Vincenzo Acampora,Armando De Gregorio [Written-By] | Vincenzo Acampora [Written-By],
Antonello Rondi,'A Sirena,B2,4:13,I' M'Arricordo 'E Te,0,Italy,Ata Records (2),NDL 0008,Vinyl / LP,"Folk, World, & Country",Canzone Napoletana,Napoletani,https://www.discogs.com/release/10515299-Antonello-Rondi-I-MArricordo-E-Te,Salvatore Di Giacomo | Vincenzo Valente,Salvatore Di Giacomo [Written-By] | Vincenzo Valente [Written-By],
Antonello Rondi,Napule Bello,B3,3:45,I' M'Arricordo 'E Te,0,Italy,Ata Records (2),NDL 0008,Vinyl / LP,"Folk, World, & Country",Canzone Napoletana,Napoletani,https://www.discogs.com/release/10515299-Antonello-Rondi-I-MArricordo-E-Te,Giuseppe De Gregorio,Giuseppe De Gregorio [Written-By],
Antonello Rondi,Mamma Mia Che Vo' Sapè?,B4,4:27,I' M'Arricordo 'E Te,0,Italy,Ata Records (2),NDL 0008,Vinyl / LP,"Folk, World, & Country",Canzone Napoletana,Napoletani,https://www.discogs.com/release/10515299-Antonello-Rondi-I-MArricordo-E-Te,Emanuele Nutile | Ferdinando Russo,Emanuele Nutile [Written-By] | Ferdinando Russo [Written-By],
Antonello Rondi,'A Canzone 'E Napule,B5,3:26,I' M'Arricordo 'E Te,0,Italy,Ata Records (2),NDL 0008,Vinyl / LP,"Folk, World, & Country",Canzone Napoletana,Napoletani,https://www.discogs.com/release/10515299-Antonello-Rondi-I-MArricordo-E-Te,Ernesto de Curtis | Libero Bovio,Ernesto de Curtis [Written-By] | Libero Bovio [Written-By],
Antonello Rondi,Popolo...Pò,A1,2:42,Popolo...Po',0,Italy,"ATA Records (2), ATA Records (2)","NDL 0011, NLD 0011",Vinyl / LP | Album / Gatefold,"Folk, World, & Country",Canzone Napoletana,Napoletani,https://www.discogs.com/release/9052356-Antonello-Rondi-PopoloPo,,,
Antonello Rondi,Pupazzetti,A2,4:32,Popolo...Po',0,Italy,"ATA Records (2), ATA Records (2)","NDL 0011, NLD 0011",Vinyl / LP | Album / Gatefold,"Folk, World, & Country",Canzone Napoletana,Napoletani,https://www.discogs.com/release/9052356-Antonello-Rondi-PopoloPo,,,
Antonello Rondi,Sciuldezza Bella,A3,3:39,Popolo...Po',0,Italy,"ATA Records (2), ATA Records (2)","NDL 0011, NLD 0011",Vinyl / LP | Album / Gatefold,"Folk, World, & Country",Canzone Napoletana,Napoletani,https://www.discogs.com/release/9052356-Antonello-Rondi-PopoloPo,,,
Antonello Rondi,Carmela,A4,3:38,Popolo...Po',0,Italy,"ATA Records (2), ATA Records (2)","NDL 0011, NLD 0011",Vinyl / LP | Album / Gatefold,"Folk, World, & Country",Canzone Napoletana,Napoletani,https://www.discogs.com/release/9052356-Antonello-Rondi-PopoloPo,,,
Antonello Rondi,'O Scuitato,A5,3:36,Popolo...Po',0,Italy,"ATA Records (2), ATA Records (2)","NDL 0011, NLD 0011",Vinyl / LP | Album / Gatefold,"Folk, World, & Country",Canzone Napoletana,Napoletani,https://www.discogs.com/release/9052356-Antonello-Rondi-PopoloPo,,,
Antonello Rondi,Amalia,A6,4:23,Popolo...Po',0,Italy,"ATA Records (2), ATA Records (2)","NDL 0011, NLD 0011",Vinyl / LP | Album / Gatefold,"Folk, World, & Country",Canzone Napoletana,Napoletani,https://www.discogs.com/release/9052356-Antonello-Rondi-PopoloPo,,,
Antonello Rondi,...E Credeme 'Na Vota,B1,4:04,Popolo...Po',0,Italy,"ATA Records (2), ATA Records (2)","NDL 0011, NLD 0011",Vinyl / LP | Album / Gatefold,"Folk, World, & Country",Canzone Napoletana,Napoletani,https://www.discogs.com/release/9052356-Antonello-Rondi-PopoloPo,,,
Antonello Rondi,Palummella Mia,B2,3:29,Popolo...Po',0,Italy,"ATA Records (2), ATA Records (2)","NDL 0011, NLD 0011",Vinyl / LP | Album / Gatefold,"Folk, World, & Country",Canzone Napoletana,Napoletani,https://www.discogs.com/release/9052356-Antonello-Rondi-PopoloPo,,,
Antonello Rondi,E' Già Settembre,B3,3:25,Popolo...Po',0,Italy,"ATA Records (2), ATA Records (2)","NDL 0011, NLD 0011",Vinyl / LP | Album / Gatefold,"Folk, World, & Country",Canzone Napoletana,Napoletani,https://www.discogs.com/release/9052356-Antonello-Rondi-PopoloPo,,,
Antonello Rondi,E' Fantasia,B4,3:28,Popolo...Po',0,Italy,"ATA Records (2), ATA Records (2)","NDL 0011, NLD 0011",Vinyl / LP | Album / Gatefold,"Folk, World, & Country",Canzone Napoletana,Napoletani,https://www.discogs.com/release/9052356-Antonello-Rondi-PopoloPo,,,
Antonello Rondi,Nun Partì,B5,3:10,Popolo...Po',0,Italy,"ATA Records (2), ATA Records (2)","NDL 0011, NLD 0011",Vinyl / LP | Album / Gatefold,"Folk, World, & Country",Canzone Napoletana,Napoletani,https://www.discogs.com/release/9052356-Antonello-Rondi-PopoloPo,,,
Antonello Rondi,Napule S'E' Scetata,B6,3:57,Popolo...Po',0,Italy,"ATA Records (2), ATA Records (2)","NDL 0011, NLD 0011",Vinyl / LP | Album / Gatefold,"Folk, World, & Country",Canzone Napoletana,Napoletani,https://www.discogs.com/release/9052356-Antonello-Rondi-PopoloPo,,,
Antonello Rondi,Ammore Canta,A1,,Cantammore,0,Italy,"ATA Records (2), ATA Records (2)","NDL 0014, NDL0014",Vinyl / LP | Album,"Folk, World, & Country",Canzone Napoletana,Napoletani,https://www.discogs.com/release/5633428-Antonello-Rondi-Cantammore,Ernesto Murolo | Ernesto Tagliaferri,Ernesto Murolo [Written-By] | Ernesto Tagliaferri [Written-By],
Antonello Rondi,Stasera M'he Distrutto,A2,,Cantammore,0,Italy,"ATA Records (2), ATA Records (2)","NDL 0014, NDL0014",Vinyl / LP | Album,"Folk, World, & Country",Canzone Napoletana,Napoletani,https://www.discogs.com/release/5633428-Antonello-Rondi-Cantammore,Antonio Iglio | Antonio Moxedano,Antonio Iglio [Written-By] | Antonio Moxedano [Written-By],
Antonello Rondi,Serenata Mancata,A3,,Cantammore,0,Italy,"ATA Records (2), ATA Records (2)","NDL 0014, NDL0014",Vinyl / LP | Album,"Folk, World, & Country",Canzone Napoletana,Napoletani,https://www.discogs.com/release/5633428-Antonello-Rondi-Cantammore,Antonello Rondi | Nino Manna,Antonello Rondi [Written-By] | Nino Manna [Written-By],
Antonello Rondi,Fronne,A4,,Cantammore,0,Italy,"ATA Records (2), ATA Records (2)","NDL 0014, NDL0014",Vinyl / LP | Album,"Folk, World, & Country",Canzone Napoletana,Napoletani,https://www.discogs.com/release/5633428-Antonello-Rondi-Cantammore,Felice Genta | Giuseppe Russo (2),Felice Genta [Written-By] | Giuseppe Russo (2) [Written-By],
Antonello Rondi,Va... Sona E Va!,A5,,Cantammore,0,Italy,"ATA Records (2), ATA Records (2)","NDL 0014, NDL0014",Vinyl / LP | Album,"Folk, World, & Country",Canzone Napoletana,Napoletani,https://www.discogs.com/release/5633428-Antonello-Rondi-Cantammore,Giacomo Simonelli | Antonio Caprio,"Giacomo Simonelli [Arranged By, Conductor, Written-By] | Antonio Caprio [Written-By]",
Antonello Rondi,Tu Ca Nun Chiagne,B1,,Cantammore,0,Italy,"ATA Records (2), ATA Records (2)","NDL 0014, NDL0014",Vinyl / LP | Album,"Folk, World, & Country",Canzone Napoletana,Napoletani,https://www.discogs.com/release/5633428-Antonello-Rondi-Cantammore,Ernesto de Curtis | Libero Bovio,Ernesto de Curtis [Written-By] | Libero Bovio [Written-By],
Antonello Rondi,Napulitanata,B2,,Cantammore,0,Italy,"ATA Records (2), ATA Records (2)","NDL 0014, NDL0014",Vinyl / LP | Album,"Folk, World, & Country",Canzone Napoletana,Napoletani,https://www.discogs.com/release/5633428-Antonello-Rondi-Cantammore,Mario Pasquale Costa | Salvatore Di Giacomo,Mario Pasquale Costa [Written-By] | Salvatore Di Giacomo [Written-By],
Antonello Rondi,Grazie A Tte,B3,,Cantammore,0,Italy,"ATA Records (2), ATA Records (2)","NDL 0014, NDL0014",Vinyl / LP | Album,"Folk, World, & Country",Canzone Napoletana,Napoletani,https://www.discogs.com/release/5633428-Antonello-Rondi-Cantammore,Antonello Rondi | Nino Manna,Antonello Rondi [Written-By] | Nino Manna [Written-By],
Antonello Rondi,L'Urdema Canzona Mia,B4,,Cantammore,0,Italy,"ATA Records (2), ATA Records (2)","NDL 0014, NDL0014",Vinyl / LP | Album,"Folk, World, & Country",Canzone Napoletana,Napoletani,https://www.discogs.com/release/5633428-Antonello-Rondi-Cantammore,Eduardo di Capua | Vincenzo Russo,Eduardo di Capua [Written-By] | Vincenzo Russo [Written-By],
Antonello Rondi,L'Ultima Stazione,B5,,Cantammore,0,Italy,"ATA Records (2), ATA Records (2)","NDL 0014, NDL0014",Vinyl / LP | Album,"Folk, World, & Country",Canzone Napoletana,Napoletani,https://www.discogs.com/release/5633428-Antonello-Rondi-Cantammore,Antonello Rondi,Antonello Rondi [Written-By],
Mario Da Vinci,Violenza Carnale,A1,,Violenze Sgarri E Vendette,0,Italy,Autori Associati,ALPI 10002,Vinyl / LP,"Folk, World, & Country",Canzone Napoletana,Napoletani,https://www.discogs.com/release/15712629-Mario-Da-Vinci-Violenze-Sgarri-E-Vendette,,,
Mario Da Vinci,A Mano D'A' Vendetta,A2,,Violenze Sgarri E Vendette,0,Italy,Autori Associati,ALPI 10002,Vinyl / LP,"Folk, World, & Country",Canzone Napoletana,Napoletani,https://www.discogs.com/release/15712629-Mario-Da-Vinci-Violenze-Sgarri-E-Vendette,,,
Mario Da Vinci,Appuntamento 'E Boss,A3,,Violenze Sgarri E Vendette,0,Italy,Autori Associati,ALPI 10002,Vinyl / LP,"Folk, World, & Country",Canzone Napoletana,Napoletani,https://www.discogs.com/release/15712629-Mario-Da-Vinci-Violenze-Sgarri-E-Vendette,,,
Mario Da Vinci,'O Pistolero,A4,,Violenze Sgarri E Vendette,0,Italy,Autori Associati,ALPI 10002,Vinyl / LP,"Folk, World, & Country",Canzone Napoletana,Napoletani,https://www.discogs.com/release/15712629-Mario-Da-Vinci-Violenze-Sgarri-E-Vendette,,,
Mario Da Vinci,'A Vera Malavita,A5,,Violenze Sgarri E Vendette,0,Italy,Autori Associati,ALPI 10002,Vinyl / LP,"Folk, World, & Country",Canzone Napoletana,Napoletani,https://www.discogs.com/release/15712629-Mario-Da-Vinci-Violenze-Sgarri-E-Vendette,,,
Mario Da Vinci,L'Assassino ,A6,,Violenze Sgarri E Vendette,0,Italy,Autori Associati,ALPI 10002,Vinyl / LP,"Folk, World, & Country",Canzone Napoletana,Napoletani,https://www.discogs.com/release/15712629-Mario-Da-Vinci-Violenze-Sgarri-E-Vendette,,,
Mario Da Vinci,'O Scippo,B1,,Violenze Sgarri E Vendette,0,Italy,Autori Associati,ALPI 10002,Vinyl / LP,"Folk, World, & Country",Canzone Napoletana,Napoletani,https://www.discogs.com/release/15712629-Mario-Da-Vinci-Violenze-Sgarri-E-Vendette,,,
Mario Da Vinci,'O Riscatto,B2,,Violenze Sgarri E Vendette,0,Italy,Autori Associati,ALPI 10002,Vinyl / LP,"Folk, World, & Country",Canzone Napoletana,Napoletani,https://www.discogs.com/release/15712629-Mario-Da-Vinci-Violenze-Sgarri-E-Vendette,,,
Mario Da Vinci,Guappescamente,B3,,Violenze Sgarri E Vendette,0,Italy,Autori Associati,ALPI 10002,Vinyl / LP,"Folk, World, & Country",Canzone Napoletana,Napoletani,https://www.discogs.com/release/15712629-Mario-Da-Vinci-Violenze-Sgarri-E-Vendette,,,
Mario Da Vinci,'A Legge 'E L'Omertà,B4,,Violenze Sgarri E Vendette,0,Italy,Autori Associati,ALPI 10002,Vinyl / LP,"Folk, World, & Country",Canzone Napoletana,Napoletani,https://www.discogs.com/release/15712629-Mario-Da-Vinci-Violenze-Sgarri-E-Vendette,,,
Mario Da Vinci,'O Padrino Nun Perdona,B5,,Violenze Sgarri E Vendette,0,Italy,Autori Associati,ALPI 10002,Vinyl / LP,"Folk, World, & Country",Canzone Napoletana,Napoletani,https://www.discogs.com/release/15712629-Mario-Da-Vinci-Violenze-Sgarri-E-Vendette,,,
Mario Da Vinci,Minacce 'E Marenare,B6,,Violenze Sgarri E Vendette,0,Italy,Autori Associati,ALPI 10002,Vinyl / LP,"Folk, World, & Country",Canzone Napoletana,Napoletani,https://www.discogs.com/release/15712629-Mario-Da-Vinci-Violenze-Sgarri-E-Vendette,,,
Mario E Sal Da Vinci,'O Night,A1,,Miracolo 'E Natale,1976,Italy,Bella Record,BRLP 10035,Vinyl / LP,"Folk, World, & Country",Canzone Napoletana,Napoletani,https://www.discogs.com/release/9780496-Mario-Da-Vinci-E-Il-Piccolo-Salvatore-Miracolo-E-Natale,Alberto Sciotti | Antonio Iglio,Alberto Sciotti [Written-By] | Antonio Iglio [Written-By],
Mario E Sal Da Vinci,Caro Papà,A2,,Miracolo 'E Natale,1976,Italy,Bella Record,BRLP 10035,Vinyl / LP,"Folk, World, & Country",Canzone Napoletana,Napoletani,https://www.discogs.com/release/9780496-Mario-Da-Vinci-E-Il-Piccolo-Salvatore-Miracolo-E-Natale,Alberto Sciotti | Antonio Iglio,Alberto Sciotti [Written-By] | Antonio Iglio [Written-By],
Mario E Sal Da Vinci,Se Cagnaie 'A Temperatura,A3,,Miracolo 'E Natale,1976,Italy,Bella Record,BRLP 10035,Vinyl / LP,"Folk, World, & Country",Canzone Napoletana,Napoletani,https://www.discogs.com/release/9780496-Mario-Da-Vinci-E-Il-Piccolo-Salvatore-Miracolo-E-Natale,J. Canton,J. Canton [Written By],
Mario E Sal Da Vinci,Miracolo 'E Natale,A4,,Miracolo 'E Natale,1976,Italy,Bella Record,BRLP 10035,Vinyl / LP,"Folk, World, & Country",Canzone Napoletana,Napoletani,https://www.discogs.com/release/9780496-Mario-Da-Vinci-E-Il-Piccolo-Salvatore-Miracolo-E-Natale,Simeone | Alberto Sciotti | Antonio Iglio,Simeone [Written By] | Alberto Sciotti [Written-By] | Antonio Iglio [Written-By],
Mario E Sal Da Vinci,Spaccanapoli,A5,,Miracolo 'E Natale,1976,Italy,Bella Record,BRLP 10035,Vinyl / LP,"Folk, World, & Country",Canzone Napoletana,Napoletani,https://www.discogs.com/release/9780496-Mario-Da-Vinci-E-Il-Piccolo-Salvatore-Miracolo-E-Natale,Sannino | Simeone | Sorrentino,Sannino [Written By] | Simeone [Written By] | Sorrentino [Written By],
Mario E Sal Da Vinci,Tengo Napule Int''O Core,A6,,Miracolo 'E Natale,1976,Italy,Bella Record,BRLP 10035,Vinyl / LP,"Folk, World, & Country",Canzone Napoletana,Napoletani,https://www.discogs.com/release/9780496-Mario-Da-Vinci-E-Il-Piccolo-Salvatore-Miracolo-E-Natale,J. Canton,J. Canton [Written By],
Mario E Sal Da Vinci,Tu Ca Si' Mamma,B1,,Miracolo 'E Natale,1976,Italy,Bella Record,BRLP 10035,Vinyl / LP,"Folk, World, & Country",Canzone Napoletana,Napoletani,https://www.discogs.com/release/9780496-Mario-Da-Vinci-E-Il-Piccolo-Salvatore-Miracolo-E-Natale,Libero Bovio | Vincenzo D'Annibale,Libero Bovio [Written-By] | Vincenzo D'Annibale [Written-By],
Mario E Sal Da Vinci,Brinneso,B2,,Miracolo 'E Natale,1976,Italy,Bella Record,BRLP 10035,Vinyl / LP,"Folk, World, & Country",Canzone Napoletana,Napoletani,https://www.discogs.com/release/9780496-Mario-Da-Vinci-E-Il-Piccolo-Salvatore-Miracolo-E-Natale,Libero Bovio | Nicola Valente,Libero Bovio [Written-By] | Nicola Valente [Written-By],
Mario E Sal Da Vinci,I' So' Guagliione,B3,,Miracolo 'E Natale,1976,Italy,Bella Record,BRLP 10035,Vinyl / LP,"Folk, World, & Country",Canzone Napoletana,Napoletani,https://www.discogs.com/release/9780496-Mario-Da-Vinci-E-Il-Piccolo-Salvatore-Miracolo-E-Natale,J. Canton,J. Canton [Written By],
Mario E Sal Da Vinci,Zappatore,B4,,Miracolo 'E Natale,1976,Italy,Bella Record,BRLP 10035,Vinyl / LP,"Folk, World, & Country",Canzone Napoletana,Napoletani,https://www.discogs.com/release/9780496-Mario-Da-Vinci-E-Il-Piccolo-Salvatore-Miracolo-E-Natale,Ferdinando Albano | Libero Bovio,Ferdinando Albano [Written-By] | Libero Bovio [Written-By],
Mario E Sal Da Vinci,Ve Cunosco,B5,,Miracolo 'E Natale,1976,Italy,Bella Record,BRLP 10035,Vinyl / LP,"Folk, World, & Country",Canzone Napoletana,Napoletani,https://www.discogs.com/release/9780496-Mario-Da-Vinci-E-Il-Piccolo-Salvatore-Miracolo-E-Natale,Francesco Fiore (4) | Gaetano Lama,Francesco Fiore (4) [Written-By] | Gaetano Lama [Written-By],
Mario E Sal Da Vinci,La Bambola,B6,,Miracolo 'E Natale,1976,Italy,Bella Record,BRLP 10035,Vinyl / LP,"Folk, World, & Country",Canzone Napoletana,Napoletani,https://www.discogs.com/release/9780496-Mario-Da-Vinci-E-Il-Piccolo-Salvatore-Miracolo-E-Natale,J. Canton,J. Canton [Written By],
Fabio Cerri,E' Grande,A1,4:15,Dedicato A Tte,1985,Italy,Big Star Record,BF 005,Vinyl / LP | Album,"Electronic, Folk, World, & Country",Canzone Napoletana,Napoletani,https://www.discogs.com/release/17843152-Fabio-Cerri-Dedicato-A-Tte,,,
Fabio Cerri,Abbaglio,A2,2:35,Dedicato A Tte,1985,Italy,Big Star Record,BF 005,Vinyl / LP | Album,"Electronic, Folk, World, & Country",Canzone Napoletana,Napoletani,https://www.discogs.com/release/17843152-Fabio-Cerri-Dedicato-A-Tte,,,
Fabio Cerri,Sembra Il Primo Giorno,A3,3:24,Dedicato A Tte,1985,Italy,Big Star Record,BF 005,Vinyl / LP | Album,"Electronic, Folk, World, & Country",Canzone Napoletana,Napoletani,https://www.discogs.com/release/17843152-Fabio-Cerri-Dedicato-A-Tte,,,
Fabio Cerri,Te Voglio Comme Sì,A4,3:10,Dedicato A Tte,1985,Italy,Big Star Record,BF 005,Vinyl / LP | Album,"Electronic, Folk, World, & Country",Canzone Napoletana,Napoletani,https://www.discogs.com/release/17843152-Fabio-Cerri-Dedicato-A-Tte,,,
Fabio Cerri,Ricordo D'Estate,A5,3:44,Dedicato A Tte,1985,Italy,Big Star Record,BF 005,Vinyl / LP | Album,"Electronic, Folk, World, & Country",Canzone Napoletana,Napoletani,https://www.discogs.com/release/17843152-Fabio-Cerri-Dedicato-A-Tte,,,
Fabio Cerri,Comme Si' Bella,B1,4:15,Dedicato A Tte,1985,Italy,Big Star Record,BF 005,Vinyl / LP | Album,"Electronic, Folk, World, & Country",Canzone Napoletana,Napoletani,https://www.discogs.com/release/17843152-Fabio-Cerri-Dedicato-A-Tte,,,
Fabio Cerri,L'Aerobica,B2,2:34,Dedicato A Tte,1985,Italy,Big Star Record,BF 005,Vinyl / LP | Album,"Electronic, Folk, World, & Country",Canzone Napoletana,Napoletani,https://www.discogs.com/release/17843152-Fabio-Cerri-Dedicato-A-Tte,,,
Fabio Cerri,Dedicato A Tte,B3,3:31,Dedicato A Tte,1985,Italy,Big Star Record,BF 005,Vinyl / LP | Album,"Electronic, Folk, World, & Country",Canzone Napoletana,Napoletani,https://www.discogs.com/release/17843152-Fabio-Cerri-Dedicato-A-Tte,,,
Fabio Cerri,Ragazza In,B4,2:54,Dedicato A Tte,1985,Italy,Big Star Record,BF 005,Vinyl / LP | Album,"Electronic, Folk, World, & Country",Canzone Napoletana,Napoletani,https://www.discogs.com/release/17843152-Fabio-Cerri-Dedicato-A-Tte,,,
Fabio Cerri,Vivere,B5,3:49,Dedicato A Tte,1985,Italy,Big Star Record,BF 005,Vinyl / LP | Album,"Electronic, Folk, World, & Country",Canzone Napoletana,Napoletani,https://www.discogs.com/release/17843152-Fabio-Cerri-Dedicato-A-Tte,,,
Leo Santoro,Che So Turnato A Ffa,A1,,Che So Turnato A Ffa,0,Italy,Big Stereo Record,BF 045,Vinyl / LP | Stereo,"Folk, World, & Country",Canzone Napoletana,Napoletani,https://www.discogs.com/release/16430313-Leo-Santoro-Che-So-Turnato-A-Ffa,Enzo Rea | Vincenzo Paccone,Enzo Rea [Written-By] | Vincenzo Paccone [Written-By],
Leo Santoro,Nnucentemente ,A2,,Che So Turnato A Ffa,0,Italy,Big Stereo Record,BF 045,Vinyl / LP | Stereo,"Folk, World, & Country",Canzone Napoletana,Napoletani,https://www.discogs.com/release/16430313-Leo-Santoro-Che-So-Turnato-A-Ffa,Enzo Rea,Enzo Rea [Written-By],
Leo Santoro,Evviva E Spuse,A3,,Che So Turnato A Ffa,0,Italy,Big Stereo Record,BF 045,Vinyl / LP | Stereo,"Folk, World, & Country",Canzone Napoletana,Napoletani,https://www.discogs.com/release/16430313-Leo-Santoro-Che-So-Turnato-A-Ffa,Enzo Rea | Vincenzo Paccone,Enzo Rea [Written-By] | Vincenzo Paccone [Written-By],
Leo Santoro,C’Aspetto A Ffa,A4,,Che So Turnato A Ffa,0,Italy,Big Stereo Record,BF 045,Vinyl / LP | Stereo,"Folk, World, & Country",Canzone Napoletana,Napoletani,https://www.discogs.com/release/16430313-Leo-Santoro-Che-So-Turnato-A-Ffa,Gennaro Bevilacqua | Gennaro Orefice,Gennaro Bevilacqua [Written-By] | Gennaro Orefice [Written-By],
Leo Santoro,Nun Te Lasso Maie,A5,,Che So Turnato A Ffa,0,Italy,Big Stereo Record,BF 045,Vinyl / LP | Stereo,"Folk, World, & Country",Canzone Napoletana,Napoletani,https://www.discogs.com/release/16430313-Leo-Santoro-Che-So-Turnato-A-Ffa,Gennaro Bevilacqua | Pasquale De Rosa,Gennaro Bevilacqua [Written-By] | Pasquale De Rosa [Written-By],
Leo Santoro,Grazie Mago Criss,B1,,Che So Turnato A Ffa,0,Italy,Big Stereo Record,BF 045,Vinyl / LP | Stereo,"Folk, World, & Country",Canzone Napoletana,Napoletani,https://www.discogs.com/release/16430313-Leo-Santoro-Che-So-Turnato-A-Ffa,Enzo Rea,Enzo Rea [Written-By],
Leo Santoro,Mmiezo A Piazza D’O Gesù ,B2,,Che So Turnato A Ffa,0,Italy,Big Stereo Record,BF 045,Vinyl / LP | Stereo,"Folk, World, & Country",Canzone Napoletana,Napoletani,https://www.discogs.com/release/16430313-Leo-Santoro-Che-So-Turnato-A-Ffa,Enzo Rea | Vincenzo Paccone,Enzo Rea [Written-By] | Vincenzo Paccone [Written-By],
Leo Santoro,Te Voglio Accussi,B3,,Che So Turnato A Ffa,0,Italy,Big Stereo Record,BF 045,Vinyl / LP | Stereo,"Folk, World, & Country",Canzone Napoletana,Napoletani,https://www.discogs.com/release/16430313-Leo-Santoro-Che-So-Turnato-A-Ffa,Enzo Rea,Enzo Rea [Written-By],
Leo Santoro,Duie Anne Ammore,B4,,Che So Turnato A Ffa,0,Italy,Big Stereo Record,BF 045,Vinyl / LP | Stereo,"Folk, World, & Country",Canzone Napoletana,Napoletani,https://www.discogs.com/release/16430313-Leo-Santoro-Che-So-Turnato-A-Ffa,Pasquale De Rosa | Vincenzo Cerbone,Pasquale De Rosa [Written-By] | Vincenzo Cerbone [Written-By],
Leo Santoro,S’È Spusata ,B5,,Che So Turnato A Ffa,0,Italy,Big Stereo Record,BF 045,Vinyl / LP | Stereo,"Folk, World, & Country",Canzone Napoletana,Napoletani,https://www.discogs.com/release/16430313-Leo-Santoro-Che-So-Turnato-A-Ffa,L. Carretta | Enzo Rea,L. Carretta [Written By] | Enzo Rea [Written-By],
Gianni Sacco,Nun Sai Fingere,A1,4:28,Una Voce E Tanta Simpatia,0,Italy,Big Stereo Record,BF 064,Vinyl / LP | Stereo,"Pop, Folk, World, & Country",Canzone Napoletana,Napoletani,https://www.discogs.com/release/13814012-Gianni-Sacco-Una-Voce-E-Tanta-Simpatia,Nino D'Angelo,Nino D'Angelo [Written-By],
Gianni Sacco,Nun Te Pozzo Vulè Bene,A2,4:30,Una Voce E Tanta Simpatia,0,Italy,Big Stereo Record,BF 064,Vinyl / LP | Stereo,"Pop, Folk, World, & Country",Canzone Napoletana,Napoletani,https://www.discogs.com/release/13814012-Gianni-Sacco-Una-Voce-E-Tanta-Simpatia,Mauro Caputo | Renato Fiore,Mauro Caputo [Written-By] | Renato Fiore [Written-By],
Gianni Sacco,Il Sesso Debole,A3,4:15,Una Voce E Tanta Simpatia,0,Italy,Big Stereo Record,BF 064,Vinyl / LP | Stereo,"Pop, Folk, World, & Country",Canzone Napoletana,Napoletani,https://www.discogs.com/release/13814012-Gianni-Sacco-Una-Voce-E-Tanta-Simpatia,Antonio Moxedano | Gennaro Ricci,Antonio Moxedano [Written-By] | Gennaro Ricci [Written-By],
Gianni Sacco,Sulo Sulo,A4,4:25,Una Voce E Tanta Simpatia,0,Italy,Big Stereo Record,BF 064,Vinyl / LP | Stereo,"Pop, Folk, World, & Country",Canzone Napoletana,Napoletani,https://www.discogs.com/release/13814012-Gianni-Sacco-Una-Voce-E-Tanta-Simpatia,A. Coppola | N. De Crescenzo,A. Coppola [Written By] | N. De Crescenzo [Written By],
Gianni Sacco,Pecché,A5,3:35,Una Voce E Tanta Simpatia,0,Italy,Big Stereo Record,BF 064,Vinyl / LP | Stereo,"Pop, Folk, World, & Country",Canzone Napoletana,Napoletani,https://www.discogs.com/release/13814012-Gianni-Sacco-Una-Voce-E-Tanta-Simpatia,Gigi Finizio | Gioacchino Cestari,Gigi Finizio [Written-By] | Gioacchino Cestari [Written-By],
Gianni Sacco,Voglio,B1,4:03,Una Voce E Tanta Simpatia,0,Italy,Big Stereo Record,BF 064,Vinyl / LP | Stereo,"Pop, Folk, World, & Country",Canzone Napoletana,Napoletani,https://www.discogs.com/release/13814012-Gianni-Sacco-Una-Voce-E-Tanta-Simpatia,Gigi Finizio | Vincenzo Polverino,Gigi Finizio [Written-By] | Vincenzo Polverino [Written-By],
Gianni Sacco,'A Notte,B2,3:30,Una Voce E Tanta Simpatia,0,Italy,Big Stereo Record,BF 064,Vinyl / LP | Stereo,"Pop, Folk, World, & Country",Canzone Napoletana,Napoletani,https://www.discogs.com/release/13814012-Gianni-Sacco-Una-Voce-E-Tanta-Simpatia,Gigi Finizio | Vincenzo Gallo (4),Gigi Finizio [Written-By] | Vincenzo Gallo (4) [Written-By],
Gianni Sacco,'A Dispettosa,B3,3:45,Una Voce E Tanta Simpatia,0,Italy,Big Stereo Record,BF 064,Vinyl / LP | Stereo,"Pop, Folk, World, & Country",Canzone Napoletana,Napoletani,https://www.discogs.com/release/13814012-Gianni-Sacco-Una-Voce-E-Tanta-Simpatia,Francesco Colucci | Gennaro Nani | Gennaro Ricci,Francesco Colucci [Written-By] | Gennaro Nani [Written-By] | Gennaro Ricci [Written-By],
Gianni Sacco,Dincello,B4,5:26,Una Voce E Tanta Simpatia,0,Italy,Big Stereo Record,BF 064,Vinyl / LP | Stereo,"Pop, Folk, World, & Country",Canzone Napoletana,Napoletani,https://www.discogs.com/release/13814012-Gianni-Sacco-Una-Voce-E-Tanta-Simpatia,Gigi Finizio | Raffaele De Stefano,Gigi Finizio [Written-By] | Raffaele De Stefano [Written-By],
Gianni Sacco,Turnammece A Vasà,B5,4:40,Una Voce E Tanta Simpatia,0,Italy,Big Stereo Record,BF 064,Vinyl / LP | Stereo,"Pop, Folk, World, & Country",Canzone Napoletana,Napoletani,https://www.discogs.com/release/13814012-Gianni-Sacco-Una-Voce-E-Tanta-Simpatia,A. Coppola | T. Coppola,A. Coppola [Written By] | T. Coppola [Written By],
Lino Coppola,Tu ... Frennesia D'Ammore,A1,3:56,Tu ... Frennesia D'Ammore - 3° Volume,1983,Italy,Big Stereo Record,BF 066,Vinyl / LP | Album,"Electronic, Folk, World, & Country",Canzone Napoletana,Napoletani,https://www.discogs.com/release/9590725-Lino-Coppola-Tu--Frennesia-DAmmore-3-Volume,,,
Lino Coppola,La Giostra,A2,3:37,Tu ... Frennesia D'Ammore - 3° Volume,1983,Italy,Big Stereo Record,BF 066,Vinyl / LP | Album,"Electronic, Folk, World, & Country",Canzone Napoletana,Napoletani,https://www.discogs.com/release/9590725-Lino-Coppola-Tu--Frennesia-DAmmore-3-Volume,,,
Lino Coppola,Ragazzina,A3,4:28,Tu ... Frennesia D'Ammore - 3° Volume,1983,Italy,Big Stereo Record,BF 066,Vinyl / LP | Album,"Electronic, Folk, World, & Country",Canzone Napoletana,Napoletani,https://www.discogs.com/release/9590725-Lino-Coppola-Tu--Frennesia-DAmmore-3-Volume,,,
Lino Coppola,Timida E Innamorata,A4,4:46,Tu ... Frennesia D'Ammore - 3° Volume,1983,Italy,Big Stereo Record,BF 066,Vinyl / LP | Album,"Electronic, Folk, World, & Country",Canzone Napoletana,Napoletani,https://www.discogs.com/release/9590725-Lino-Coppola-Tu--Frennesia-DAmmore-3-Volume,,,
Lino Coppola,L'Amore E',A5,3:18,Tu ... Frennesia D'Ammore - 3° Volume,1983,Italy,Big Stereo Record,BF 066,Vinyl / LP | Album,"Electronic, Folk, World, & Country",Canzone Napoletana,Napoletani,https://www.discogs.com/release/9590725-Lino-Coppola-Tu--Frennesia-DAmmore-3-Volume,,,
Lino Coppola,Gianna,B1,3:08,Tu ... Frennesia D'Ammore - 3° Volume,1983,Italy,Big Stereo Record,BF 066,Vinyl / LP | Album,"Electronic, Folk, World, & Country",Canzone Napoletana,Napoletani,https://www.discogs.com/release/9590725-Lino-Coppola-Tu--Frennesia-DAmmore-3-Volume,,,
Lino Coppola,Portame Cu'ttè,B2,3:53,Tu ... Frennesia D'Ammore - 3° Volume,1983,Italy,Big Stereo Record,BF 066,Vinyl / LP | Album,"Electronic, Folk, World, & Country",Canzone Napoletana,Napoletani,https://www.discogs.com/release/9590725-Lino-Coppola-Tu--Frennesia-DAmmore-3-Volume,,,
Lino Coppola,Compagna Mia,B3,3:54,Tu ... Frennesia D'Ammore - 3° Volume,1983,Italy,Big Stereo Record,BF 066,Vinyl / LP | Album,"Electronic, Folk, World, & Country",Canzone Napoletana,Napoletani,https://www.discogs.com/release/9590725-Lino-Coppola-Tu--Frennesia-DAmmore-3-Volume,,,
Lino Coppola,Nun '' E' N'Addio,B4,3:55,Tu ... Frennesia D'Ammore - 3° Volume,1983,Italy,Big Stereo Record,BF 066,Vinyl / LP | Album,"Electronic, Folk, World, & Country",Canzone Napoletana,Napoletani,https://www.discogs.com/release/9590725-Lino-Coppola-Tu--Frennesia-DAmmore-3-Volume,,,
Lino Coppola,Chi Si,B5,4:13,Tu ... Frennesia D'Ammore - 3° Volume,1983,Italy,Big Stereo Record,BF 066,Vinyl / LP | Album,"Electronic, Folk, World, & Country",Canzone Napoletana,Napoletani,https://www.discogs.com/release/9590725-Lino-Coppola-Tu--Frennesia-DAmmore-3-Volume,,,
Enzo De Muro Lomanto,O Sole Mio,A,,O Sole Mio / Serenata Napolitana,1943,Italy,Columbia,D.Q.1500,"Shellac / 10"" | 78 RPM","Pop, Folk, World, & Country",Canzone Napoletana,Napoletani,https://www.discogs.com/release/27005031-Enzo-De-Muro-Lomanto-O-Sole-Mio-Serenata-Napolitana,Eduardo di Capua | Giovanni Capurro,Eduardo di Capua [Written-By] | Giovanni Capurro [Written-By],
Enzo De Muro Lomanto,Serenata Napolitana,B,,O Sole Mio / Serenata Napolitana,1943,Italy,Columbia,D.Q.1500,"Shellac / 10"" | 78 RPM","Pop, Folk, World, & Country",Canzone Napoletana,Napoletani,https://www.discogs.com/release/27005031-Enzo-De-Muro-Lomanto-O-Sole-Mio-Serenata-Napolitana,Mario Pasquale Costa | Salvatore Di Giacomo,Mario Pasquale Costa [Written-By] | Salvatore Di Giacomo [Written-By],
"Tony Bruni, Luciano Zuccheri E La Sua Orchestra",Cavallo Sfurtunato,A1,,Carosello Napoletano,1970,Italy,Combo Record,LP 20102,Vinyl / LP,"Pop, Folk, World, & Country","Vocal, Canzone Napoletana",Napoletani,https://www.discogs.com/release/12540552-Toni-Bruni-Con-Zuccheri-E-La-Sua-Orchestra-Carosello-Napoletano,Emilio Vincenzo | Francesco Barile,Emilio Vincenzo [Written-By] | Francesco Barile [Written-By],
"Tony Bruni, Luciano Zuccheri E La Sua Orchestra",Bbona Furtuna,A2,,Carosello Napoletano,1970,Italy,Combo Record,LP 20102,Vinyl / LP,"Pop, Folk, World, & Country","Vocal, Canzone Napoletana",Napoletani,https://www.discogs.com/release/12540552-Toni-Bruni-Con-Zuccheri-E-La-Sua-Orchestra-Carosello-Napoletano,Agnello De Lutio | Giuseppe Cioffi,Agnello De Lutio [Written-By] | Giuseppe Cioffi [Written-By],
"Tony Bruni, Luciano Zuccheri E La Sua Orchestra",Natale 'E Carceratu,A3,,Carosello Napoletano,1970,Italy,Combo Record,LP 20102,Vinyl / LP,"Pop, Folk, World, & Country","Vocal, Canzone Napoletana",Napoletani,https://www.discogs.com/release/12540552-Toni-Bruni-Con-Zuccheri-E-La-Sua-Orchestra-Carosello-Napoletano,Famà-Marzullo-Zappalà-Singnorino-Tracia,Famà-Marzullo-Zappalà-Singnorino-Tracia [Written By],
"Tony Bruni, Luciano Zuccheri E La Sua Orchestra",O' Vico De' Rrose,A4,,Carosello Napoletano,1970,Italy,Combo Record,LP 20102,Vinyl / LP,"Pop, Folk, World, & Country","Vocal, Canzone Napoletana",Napoletani,https://www.discogs.com/release/12540552-Toni-Bruni-Con-Zuccheri-E-La-Sua-Orchestra-Carosello-Napoletano,Famà-Marzullo-Zappalà-Singnorino-Tracia,Famà-Marzullo-Zappalà-Singnorino-Tracia [Written By],
"Tony Bruni, Luciano Zuccheri E La Sua Orchestra",A' Serata 'Ntussecosa,A5,,Carosello Napoletano,1970,Italy,Combo Record,LP 20102,Vinyl / LP,"Pop, Folk, World, & Country","Vocal, Canzone Napoletana",Napoletani,https://www.discogs.com/release/12540552-Toni-Bruni-Con-Zuccheri-E-La-Sua-Orchestra-Carosello-Napoletano,Famà-Marzullo-Zappalà-Zuccheri-Tracia,Famà-Marzullo-Zappalà-Zuccheri-Tracia [Written By],
"Tony Bruni, Luciano Zuccheri E La Sua Orchestra",Tu Si N'Anfama,A6,,Carosello Napoletano,1970,Italy,Combo Record,LP 20102,Vinyl / LP,"Pop, Folk, World, & Country","Vocal, Canzone Napoletana",Napoletani,https://www.discogs.com/release/12540552-Toni-Bruni-Con-Zuccheri-E-La-Sua-Orchestra-Carosello-Napoletano,Famà-Marzullo-Zappalà-Zuccheri-Tracia,Famà-Marzullo-Zappalà-Zuccheri-Tracia [Written By],
"Tony Bruni, Luciano Zuccheri E La Sua Orchestra",Sciummo,B1,,Carosello Napoletano,1970,Italy,Combo Record,LP 20102,Vinyl / LP,"Pop, Folk, World, & Country","Vocal, Canzone Napoletana",Napoletani,https://www.discogs.com/release/12540552-Toni-Bruni-Con-Zuccheri-E-La-Sua-Orchestra-Carosello-Napoletano,Carlo Concina | Enzo Bonagura,Carlo Concina [Written-By] | Enzo Bonagura [Written-By],
"Tony Bruni, Luciano Zuccheri E La Sua Orchestra",Luna Caprese,B2,,Carosello Napoletano,1970,Italy,Combo Record,LP 20102,Vinyl / LP,"Pop, Folk, World, & Country","Vocal, Canzone Napoletana",Napoletani,https://www.discogs.com/release/12540552-Toni-Bruni-Con-Zuccheri-E-La-Sua-Orchestra-Carosello-Napoletano,Augusto Cesareo | Luigi Ricciardi,Augusto Cesareo [Written-By] | Luigi Ricciardi [Written-By],
"Tony Bruni, Luciano Zuccheri E La Sua Orchestra",Chitarre 'E Napule,B3,,Carosello Napoletano,1970,Italy,Combo Record,LP 20102,Vinyl / LP,"Pop, Folk, World, & Country","Vocal, Canzone Napoletana",Napoletani,https://www.discogs.com/release/12540552-Toni-Bruni-Con-Zuccheri-E-La-Sua-Orchestra-Carosello-Napoletano,Rossetti | Arturo Duyrat,Rossetti [Written By] | Arturo Duyrat [Written-By],
"Tony Bruni, Luciano Zuccheri E La Sua Orchestra",Tra Veglia E Suonno,B4,,Carosello Napoletano,1970,Italy,Combo Record,LP 20102,Vinyl / LP,"Pop, Folk, World, & Country","Vocal, Canzone Napoletana",Napoletani,https://www.discogs.com/release/12540552-Toni-Bruni-Con-Zuccheri-E-La-Sua-Orchestra-Carosello-Napoletano,De Gregorio-Rendine,De Gregorio-Rendine [Written By],
"Tony Bruni, Luciano Zuccheri E La Sua Orchestra",Senza N'Addio,B5,,Carosello Napoletano,1970,Italy,Combo Record,LP 20102,Vinyl / LP,"Pop, Folk, World, & Country","Vocal, Canzone Napoletana",Napoletani,https://www.discogs.com/release/12540552-Toni-Bruni-Con-Zuccheri-E-La-Sua-Orchestra-Carosello-Napoletano,Francesco Fiore (4) | Manfredi Quintavalle,Francesco Fiore (4) [Written-By] | Manfredi Quintavalle [Written-By],
"Tony Bruni, Luciano Zuccheri E La Sua Orchestra",Asso 'E Coppe,B6,,Carosello Napoletano,1970,Italy,Combo Record,LP 20102,Vinyl / LP,"Pop, Folk, World, & Country","Vocal, Canzone Napoletana",Napoletani,https://www.discogs.com/release/12540552-Toni-Bruni-Con-Zuccheri-E-La-Sua-Orchestra-Carosello-Napoletano,Alberto Petrucci | Vincenzo Acampora,Alberto Petrucci [Written-By] | Vincenzo Acampora [Written-By],
Mario del Monaco,O Sole Mio,A1,,Le Più Belle Canzoni Di Mario Del Monaco,0,Italy,"Decca, Ace Of Clubs","ACL-N 251, ACL-N 251",Vinyl / LP | Compilation,Classical,,Napoletani,https://www.discogs.com/release/6058150-Mario-del-Monaco-Le-Più-Belle-Canzoni-Di-Mario-Del-Monaco,Eduardo di Capua | Giovanni Capurro,Eduardo di Capua [Written-By] | Giovanni Capurro [Written-By],
Mario del Monaco,Na Sera E Maggio,A2,,Le Più Belle Canzoni Di Mario Del Monaco,0,Italy,"Decca, Ace Of Clubs","ACL-N 251, ACL-N 251",Vinyl / LP | Compilation,Classical,,Napoletani,https://www.discogs.com/release/6058150-Mario-del-Monaco-Le-Più-Belle-Canzoni-Di-Mario-Del-Monaco,Egidio Pisano | Giuseppe Cioffi,Egidio Pisano [Written-By] | Giuseppe Cioffi [Written-By],
Mario del Monaco,Varca D' O Primno Ammore,A3,,Le Più Belle Canzoni Di Mario Del Monaco,0,Italy,"Decca, Ace Of Clubs","ACL-N 251, ACL-N 251",Vinyl / LP | Compilation,Classical,,Napoletani,https://www.discogs.com/release/6058150-Mario-del-Monaco-Le-Più-Belle-Canzoni-Di-Mario-Del-Monaco,Fernando Mainardi | Vincenzo Vairo,Fernando Mainardi [Written-By] | Vincenzo Vairo [Written-By],
Mario del Monaco,Tu Ca Nun Chiagne,A4,,Le Più Belle Canzoni Di Mario Del Monaco,0,Italy,"Decca, Ace Of Clubs","ACL-N 251, ACL-N 251",Vinyl / LP | Compilation,Classical,,Napoletani,https://www.discogs.com/release/6058150-Mario-del-Monaco-Le-Più-Belle-Canzoni-Di-Mario-Del-Monaco,Ernesto de Curtis | Libero Bovio,Ernesto de Curtis [Written-By] | Libero Bovio [Written-By],
Mario del Monaco,Core 'Ngrato,A5,,Le Più Belle Canzoni Di Mario Del Monaco,0,Italy,"Decca, Ace Of Clubs","ACL-N 251, ACL-N 251",Vinyl / LP | Compilation,Classical,,Napoletani,https://www.discogs.com/release/6058150-Mario-del-Monaco-Le-Più-Belle-Canzoni-Di-Mario-Del-Monaco,Riccardo Cordiferro | Salvatore Cardillo,Riccardo Cordiferro [Written-By] | Salvatore Cardillo [Written-By],
Mario del Monaco,Na Lettera Cucente,A6,,Le Più Belle Canzoni Di Mario Del Monaco,0,Italy,"Decca, Ace Of Clubs","ACL-N 251, ACL-N 251",Vinyl / LP | Compilation,Classical,,Napoletani,https://www.discogs.com/release/6058150-Mario-del-Monaco-Le-Più-Belle-Canzoni-Di-Mario-Del-Monaco,Franco Carocci,Franco Carocci [Written-By],
Mario del Monaco,I Milioni Di Arlecchino,B1,,Le Più Belle Canzoni Di Mario Del Monaco,0,Italy,"Decca, Ace Of Clubs","ACL-N 251, ACL-N 251",Vinyl / LP | Compilation,Classical,,Napoletani,https://www.discogs.com/release/6058150-Mario-del-Monaco-Le-Più-Belle-Canzoni-Di-Mario-Del-Monaco,Riccardo Drigo,Riccardo Drigo [Written-By],
Mario del Monaco,Mattinata,B2,,Le Più Belle Canzoni Di Mario Del Monaco,0,Italy,"Decca, Ace Of Clubs","ACL-N 251, ACL-N 251",Vinyl / LP | Compilation,Classical,,Napoletani,https://www.discogs.com/release/6058150-Mario-del-Monaco-Le-Più-Belle-Canzoni-Di-Mario-Del-Monaco,Ruggiero Leoncavallo,Ruggiero Leoncavallo [Written-By],
Mario del Monaco,Musica Proibita,B3,,Le Più Belle Canzoni Di Mario Del Monaco,0,Italy,"Decca, Ace Of Clubs","ACL-N 251, ACL-N 251",Vinyl / LP | Compilation,Classical,,Napoletani,https://www.discogs.com/release/6058150-Mario-del-Monaco-Le-Più-Belle-Canzoni-Di-Mario-Del-Monaco,Stanislao Gastaldon,Stanislao Gastaldon [Written-By],
Mario del Monaco,Mattinata Veneziana,B4,,Le Più Belle Canzoni Di Mario Del Monaco,0,Italy,"Decca, Ace Of Clubs","ACL-N 251, ACL-N 251",Vinyl / LP | Compilation,Classical,,Napoletani,https://www.discogs.com/release/6058150-Mario-del-Monaco-Le-Più-Belle-Canzoni-Di-Mario-Del-Monaco,Vincenzo Cinque,Vincenzo Cinque [Written-By],
Mario del Monaco,Trobadorica,B5,,Le Più Belle Canzoni Di Mario Del Monaco,0,Italy,"Decca, Ace Of Clubs","ACL-N 251, ACL-N 251",Vinyl / LP | Compilation,Classical,,Napoletani,https://www.discogs.com/release/6058150-Mario-del-Monaco-Le-Più-Belle-Canzoni-Di-Mario-Del-Monaco,Vincenzo Cinque,Vincenzo Cinque [Written-By],
Mario del Monaco,Granada,B6,,Le Più Belle Canzoni Di Mario Del Monaco,0,Italy,"Decca, Ace Of Clubs","ACL-N 251, ACL-N 251",Vinyl / LP | Compilation,Classical,,Napoletani,https://www.discogs.com/release/6058150-Mario-del-Monaco-Le-Più-Belle-Canzoni-Di-Mario-Del-Monaco,Agustin Lara,Agustin Lara [Written-By],
Mario E Sal Da Vinci,Vasame Ancora,A1,,Vasame Ancora,1979,Italy,Dominant,LPD 3302,Vinyl / LP | Album | Stereo,"Latin, Pop, Folk, World, & Country","Vocal, Canzone Napoletana",Napoletani,https://www.discogs.com/release/6847387-Mario-Da-Vinci-Con-Sal-Da-Vinci-Vasame-Ancora,Alberto Sciotti | Antonio Iglio,Alberto Sciotti [Written-By] | Antonio Iglio [Written-By],
Mario E Sal Da Vinci,Brooklyn,A2,,Vasame Ancora,1979,Italy,Dominant,LPD 3302,Vinyl / LP | Album | Stereo,"Latin, Pop, Folk, World, & Country","Vocal, Canzone Napoletana",Napoletani,https://www.discogs.com/release/6847387-Mario-Da-Vinci-Con-Sal-Da-Vinci-Vasame-Ancora,Antonio Iglio | Antonio Moxedano,Antonio Iglio [Written-By] | Antonio Moxedano [Written-By],
Mario E Sal Da Vinci,Murì Pe' Tte,A3,,Vasame Ancora,1979,Italy,Dominant,LPD 3302,Vinyl / LP | Album | Stereo,"Latin, Pop, Folk, World, & Country","Vocal, Canzone Napoletana",Napoletani,https://www.discogs.com/release/6847387-Mario-Da-Vinci-Con-Sal-Da-Vinci-Vasame-Ancora,Antonio Iglio | Renato Fiore,Antonio Iglio [Written-By] | Renato Fiore [Written-By],
Mario E Sal Da Vinci,Freva,A4,,Vasame Ancora,1979,Italy,Dominant,LPD 3302,Vinyl / LP | Album | Stereo,"Latin, Pop, Folk, World, & Country","Vocal, Canzone Napoletana",Napoletani,https://www.discogs.com/release/6847387-Mario-Da-Vinci-Con-Sal-Da-Vinci-Vasame-Ancora,Alberto Sciotti | Antonio Iglio,Alberto Sciotti [Written-By] | Antonio Iglio [Written-By],
Mario E Sal Da Vinci,A Sceneggiata,A5,,Vasame Ancora,1979,Italy,Dominant,LPD 3302,Vinyl / LP | Album | Stereo,"Latin, Pop, Folk, World, & Country","Vocal, Canzone Napoletana",Napoletani,https://www.discogs.com/release/6847387-Mario-Da-Vinci-Con-Sal-Da-Vinci-Vasame-Ancora,Alberto Sciotti | Antonio Iglio,Alberto Sciotti [Written-By] | Antonio Iglio [Written-By],
Mario E Sal Da Vinci,Romantica Tu Si,A6,,Vasame Ancora,1979,Italy,Dominant,LPD 3302,Vinyl / LP | Album | Stereo,"Latin, Pop, Folk, World, & Country","Vocal, Canzone Napoletana",Napoletani,https://www.discogs.com/release/6847387-Mario-Da-Vinci-Con-Sal-Da-Vinci-Vasame-Ancora,Alberto Sciotti | Antonio Iglio,Alberto Sciotti [Written-By] | Antonio Iglio [Written-By],
Mario E Sal Da Vinci,Veleno,B1,,Vasame Ancora,1979,Italy,Dominant,LPD 3302,Vinyl / LP | Album | Stereo,"Latin, Pop, Folk, World, & Country","Vocal, Canzone Napoletana",Napoletani,https://www.discogs.com/release/6847387-Mario-Da-Vinci-Con-Sal-Da-Vinci-Vasame-Ancora,Antonio Iglio | Antonio Moxedano,Antonio Iglio [Written-By] | Antonio Moxedano [Written-By],
Mario E Sal Da Vinci,Spiaggia,B2,,Vasame Ancora,1979,Italy,Dominant,LPD 3302,Vinyl / LP | Album | Stereo,"Latin, Pop, Folk, World, & Country","Vocal, Canzone Napoletana",Napoletani,https://www.discogs.com/release/6847387-Mario-Da-Vinci-Con-Sal-Da-Vinci-Vasame-Ancora,Alberto Sciotti | Antonio Iglio,Alberto Sciotti [Written-By] | Antonio Iglio [Written-By],
Mario E Sal Da Vinci,Serata 'E Gala,B3,,Vasame Ancora,1979,Italy,Dominant,LPD 3302,Vinyl / LP | Album | Stereo,"Latin, Pop, Folk, World, & Country","Vocal, Canzone Napoletana",Napoletani,https://www.discogs.com/release/6847387-Mario-Da-Vinci-Con-Sal-Da-Vinci-Vasame-Ancora,Alberto Sciotti | Antonio Iglio,Alberto Sciotti [Written-By] | Antonio Iglio [Written-By],
Mario E Sal Da Vinci,'O Cunvento ,B4,,Vasame Ancora,1979,Italy,Dominant,LPD 3302,Vinyl / LP | Album | Stereo,"Latin, Pop, Folk, World, & Country","Vocal, Canzone Napoletana",Napoletani,https://www.discogs.com/release/6847387-Mario-Da-Vinci-Con-Sal-Da-Vinci-Vasame-Ancora,Alberto Sciotti | Antonio Iglio,Alberto Sciotti [Written-By] | Antonio Iglio [Written-By],
Mario E Sal Da Vinci,Tuorneme 'E Vase,B5,,Vasame Ancora,1979,Italy,Dominant,LPD 3302,Vinyl / LP | Album | Stereo,"Latin, Pop, Folk, World, & Country","Vocal, Canzone Napoletana",Napoletani,https://www.discogs.com/release/6847387-Mario-Da-Vinci-Con-Sal-Da-Vinci-Vasame-Ancora,Antonio Iglio | Nicola Palumbo,Antonio Iglio [Written-By] | Nicola Palumbo [Written-By],
Mario E Sal Da Vinci,Filosofia 'E Scugnizzo,B6,,Vasame Ancora,1979,Italy,Dominant,LPD 3302,Vinyl / LP | Album | Stereo,"Latin, Pop, Folk, World, & Country","Vocal, Canzone Napoletana",Napoletani,https://www.discogs.com/release/6847387-Mario-Da-Vinci-Con-Sal-Da-Vinci-Vasame-Ancora,Alberto Sciotti | Antonio Iglio,Alberto Sciotti [Written-By] | Antonio Iglio [Written-By],
Ciro Perna,Ritorna Ammore,A1,,Ritorna Ammore,1979,Italy,Dominant,LPD 3305,Vinyl / LP | Album,"Pop, Folk, World, & Country",Canzone Napoletana,Napoletani,https://www.discogs.com/release/7980990-Ciro-Perna-Ritorna-Ammore,Anna Rea | Pasquale Montanino,Anna Rea [Written-By] | Pasquale Montanino [Written-By],
Ciro Perna,Sta Vocca Scanzavase,A2,,Ritorna Ammore,1979,Italy,Dominant,LPD 3305,Vinyl / LP | Album,"Pop, Folk, World, & Country",Canzone Napoletana,Napoletani,https://www.discogs.com/release/7980990-Ciro-Perna-Ritorna-Ammore,Clemente Aurino | Pasquale Montanino,Clemente Aurino [Written-By] | Pasquale Montanino [Written-By],
Ciro Perna,Elena Mia,A3,,Ritorna Ammore,1979,Italy,Dominant,LPD 3305,Vinyl / LP | Album,"Pop, Folk, World, & Country",Canzone Napoletana,Napoletani,https://www.discogs.com/release/7980990-Ciro-Perna-Ritorna-Ammore,Pasquale Montanino | Vincenzo Riccio,Pasquale Montanino [Written-By] | Vincenzo Riccio [Written-By],
Ciro Perna,Serenata D'ammore,A4,,Ritorna Ammore,1979,Italy,Dominant,LPD 3305,Vinyl / LP | Album,"Pop, Folk, World, & Country",Canzone Napoletana,Napoletani,https://www.discogs.com/release/7980990-Ciro-Perna-Ritorna-Ammore,Pasquale Montanino | Vincenzo Iaforte,Pasquale Montanino [Written-By] | Vincenzo Iaforte [Written-By],
Ciro Perna,Comme Faccio A Te Scurda',A5,,Ritorna Ammore,1979,Italy,Dominant,LPD 3305,Vinyl / LP | Album,"Pop, Folk, World, & Country",Canzone Napoletana,Napoletani,https://www.discogs.com/release/7980990-Ciro-Perna-Ritorna-Ammore,Anna Rea | Pasquale Montanino,Anna Rea [Written-By] | Pasquale Montanino [Written-By],
Ciro Perna,Nun Ce Penzamme Cchiù,A6,,Ritorna Ammore,1979,Italy,Dominant,LPD 3305,Vinyl / LP | Album,"Pop, Folk, World, & Country",Canzone Napoletana,Napoletani,https://www.discogs.com/release/7980990-Ciro-Perna-Ritorna-Ammore,Anna Rea | Pasquale Montanino,Anna Rea [Written-By] | Pasquale Montanino [Written-By],
Ciro Perna,Fatte Sunnà,B1,,Ritorna Ammore,1979,Italy,Dominant,LPD 3305,Vinyl / LP | Album,"Pop, Folk, World, & Country",Canzone Napoletana,Napoletani,https://www.discogs.com/release/7980990-Ciro-Perna-Ritorna-Ammore,Pasquale Montanino | Renato Fiore,Pasquale Montanino [Written-By] | Renato Fiore [Written-By],
Ciro Perna,Nun Si Cchiù Niente,B2,,Ritorna Ammore,1979,Italy,Dominant,LPD 3305,Vinyl / LP | Album,"Pop, Folk, World, & Country",Canzone Napoletana,Napoletani,https://www.discogs.com/release/7980990-Ciro-Perna-Ritorna-Ammore,Antonio Moxedano | Frabon | Pasquale Montanino,Antonio Moxedano [Written-By] | Frabon [Written-By] | Pasquale Montanino [Written-By],
Ciro Perna,'Nu Suonno,B3,,Ritorna Ammore,1979,Italy,Dominant,LPD 3305,Vinyl / LP | Album,"Pop, Folk, World, & Country",Canzone Napoletana,Napoletani,https://www.discogs.com/release/7980990-Ciro-Perna-Ritorna-Ammore,Anna Rea | Pasquale Montanino,Anna Rea [Written-By] | Pasquale Montanino [Written-By],
Ciro Perna,Credo,B4,,Ritorna Ammore,1979,Italy,Dominant,LPD 3305,Vinyl / LP | Album,"Pop, Folk, World, & Country",Canzone Napoletana,Napoletani,https://www.discogs.com/release/7980990-Ciro-Perna-Ritorna-Ammore,Filippo Lettieri | Pasquale Montanino | Renato Fiore,Filippo Lettieri [Written-By] | Pasquale Montanino [Written-By] | Renato Fiore [Written-By],
Ciro Perna,Pè Chi È Nato 'mparaviso,B5,,Ritorna Ammore,1979,Italy,Dominant,LPD 3305,Vinyl / LP | Album,"Pop, Folk, World, & Country",Canzone Napoletana,Napoletani,https://www.discogs.com/release/7980990-Ciro-Perna-Ritorna-Ammore,Clemente Aurino | Pasquale Montanino,Clemente Aurino [Written-By] | Pasquale Montanino [Written-By],
Ciro Perna,Pè Mmè,B6,,Ritorna Ammore,1979,Italy,Dominant,LPD 3305,Vinyl / LP | Album,"Pop, Folk, World, & Country",Canzone Napoletana,Napoletani,https://www.discogs.com/release/7980990-Ciro-Perna-Ritorna-Ammore,Anna Rea | Pasquale Cuciniello | Pasquale Montanino,Anna Rea [Written-By] | Pasquale Cuciniello [Written-By] | Pasquale Montanino [Written-By],
Enzo Di Domenico,Orgoglio,A1,,Orgoglio,0,Italy,Edi Record,EDI 00105,Vinyl / LP | Album,"Pop, Folk, World, & Country",Canzone Napoletana,Napoletani,https://www.discogs.com/release/8092882-Enzo-Di-Domenico-Orgoglio,Augusto Visco | Enzo Di Domenico | Vittorio Annona (2),Augusto Visco [Written-By] | Enzo Di Domenico [Written-By] | Vittorio Annona (2) [Written-By],
Enzo Di Domenico,N'ora Busciarda,A2,,Orgoglio,0,Italy,Edi Record,EDI 00105,Vinyl / LP | Album,"Pop, Folk, World, & Country",Canzone Napoletana,Napoletani,https://www.discogs.com/release/8092882-Enzo-Di-Domenico-Orgoglio,Enzo Di Domenico | Renato Fiore,Enzo Di Domenico [Written-By] | Renato Fiore [Written-By],
Enzo Di Domenico,Stanotte,A3,,Orgoglio,0,Italy,Edi Record,EDI 00105,Vinyl / LP | Album,"Pop, Folk, World, & Country",Canzone Napoletana,Napoletani,https://www.discogs.com/release/8092882-Enzo-Di-Domenico-Orgoglio,Enzo Di Domenico | Vittorio Annona (2),Enzo Di Domenico [Written-By] | Vittorio Annona (2) [Written-By],
Enzo Di Domenico,Umanità,A4,,Orgoglio,0,Italy,Edi Record,EDI 00105,Vinyl / LP | Album,"Pop, Folk, World, & Country",Canzone Napoletana,Napoletani,https://www.discogs.com/release/8092882-Enzo-Di-Domenico-Orgoglio,Enzo Di Domenico | Vittorio Annona (2),Enzo Di Domenico [Written-By] | Vittorio Annona (2) [Written-By],
Enzo Di Domenico,La Cosa,A5,,Orgoglio,0,Italy,Edi Record,EDI 00105,Vinyl / LP | Album,"Pop, Folk, World, & Country",Canzone Napoletana,Napoletani,https://www.discogs.com/release/8092882-Enzo-Di-Domenico-Orgoglio,Enzo Di Domenico | Renato Fiore,Enzo Di Domenico [Written-By] | Renato Fiore [Written-By],
Enzo Di Domenico,Mia Cara Mamma,A6,,Orgoglio,0,Italy,Edi Record,EDI 00105,Vinyl / LP | Album,"Pop, Folk, World, & Country",Canzone Napoletana,Napoletani,https://www.discogs.com/release/8092882-Enzo-Di-Domenico-Orgoglio,Enzo Di Domenico | Vittorio Annona (2),Enzo Di Domenico [Written-By] | Vittorio Annona (2) [Written-By],
Enzo Di Domenico,Respiro,B1,,Orgoglio,0,Italy,Edi Record,EDI 00105,Vinyl / LP | Album,"Pop, Folk, World, & Country",Canzone Napoletana,Napoletani,https://www.discogs.com/release/8092882-Enzo-Di-Domenico-Orgoglio,Enzo Di Domenico | Renato Fiore,Enzo Di Domenico [Written-By] | Renato Fiore [Written-By],
Enzo Di Domenico,'E Te Perdutamente,B2,,Orgoglio,0,Italy,Edi Record,EDI 00105,Vinyl / LP | Album,"Pop, Folk, World, & Country",Canzone Napoletana,Napoletani,https://www.discogs.com/release/8092882-Enzo-Di-Domenico-Orgoglio,Enzo Di Domenico,Enzo Di Domenico [Written-By],
Enzo Di Domenico,Dialogo,B3,,Orgoglio,0,Italy,Edi Record,EDI 00105,Vinyl / LP | Album,"Pop, Folk, World, & Country",Canzone Napoletana,Napoletani,https://www.discogs.com/release/8092882-Enzo-Di-Domenico-Orgoglio,Augusto Visco | Enzo Di Domenico | Nino Castiglia,Augusto Visco [Written-By] | Enzo Di Domenico [Written-By] | Nino Castiglia [Written-By],
Enzo Di Domenico,Nu Motoscafo Blù,B4,,Orgoglio,0,Italy,Edi Record,EDI 00105,Vinyl / LP | Album,"Pop, Folk, World, & Country",Canzone Napoletana,Napoletani,https://www.discogs.com/release/8092882-Enzo-Di-Domenico-Orgoglio,Enzo Di Domenico | Vittorio Annona (2),Enzo Di Domenico [Written-By] | Vittorio Annona (2) [Written-By],
Enzo Di Domenico,...E Fatte Benedicere,B5,,Orgoglio,0,Italy,Edi Record,EDI 00105,Vinyl / LP | Album,"Pop, Folk, World, & Country",Canzone Napoletana,Napoletani,https://www.discogs.com/release/8092882-Enzo-Di-Domenico-Orgoglio,Enzo Di Domenico | Renato Fiore,Enzo Di Domenico [Written-By] | Renato Fiore [Written-By],
Enzo Di Domenico,Si' Sempre 'A Mia,B6,,Orgoglio,0,Italy,Edi Record,EDI 00105,Vinyl / LP | Album,"Pop, Folk, World, & Country",Canzone Napoletana,Napoletani,https://www.discogs.com/release/8092882-Enzo-Di-Domenico-Orgoglio,Enzo Di Domenico | Renato Fiore,Enzo Di Domenico [Written-By] | Renato Fiore [Written-By],
Carlo Buti,'E Buscie,A1,,Vierno,1985,Italy,EMI,3C 048 - 51483,Vinyl / LP | Album,"Folk, World, & Country",,Napoletani,https://www.discogs.com/release/6322148-Carlo-Buti-Vierno,,,
Carlo Buti,Me Ne Moro,A2,,Vierno,1985,Italy,EMI,3C 048 - 51483,Vinyl / LP | Album,"Folk, World, & Country",,Napoletani,https://www.discogs.com/release/6322148-Carlo-Buti-Vierno,,,
Carlo Buti,Vierno,A3,,Vierno,1985,Italy,EMI,3C 048 - 51483,Vinyl / LP | Album,"Folk, World, & Country",,Napoletani,https://www.discogs.com/release/6322148-Carlo-Buti-Vierno,,,
Carlo Buti,Chitarra Nera,A4,,Vierno,1985,Italy,EMI,3C 048 - 51483,Vinyl / LP | Album,"Folk, World, & Country",,Napoletani,https://www.discogs.com/release/6322148-Carlo-Buti-Vierno,,,
Carlo Buti,Catena,A5,,Vierno,1985,Italy,EMI,3C 048 - 51483,Vinyl / LP | Album,"Folk, World, & Country",,Napoletani,https://www.discogs.com/release/6322148-Carlo-Buti-Vierno,,,
Carlo Buti,'E Rrose Parlano,A6,,Vierno,1985,Italy,EMI,3C 048 - 51483,Vinyl / LP | Album,"Folk, World, & Country",,Napoletani,https://www.discogs.com/release/6322148-Carlo-Buti-Vierno,,,
Carlo Buti,Che Malaspina,B1,,Vierno,1985,Italy,EMI,3C 048 - 51483,Vinyl / LP | Album,"Folk, World, & Country",,Napoletani,https://www.discogs.com/release/6322148-Carlo-Buti-Vierno,,,
Carlo Buti,"Busciarda, Me Vuò Bene",B2,,Vierno,1985,Italy,EMI,3C 048 - 51483,Vinyl / LP | Album,"Folk, World, & Country",,Napoletani,https://www.discogs.com/release/6322148-Carlo-Buti-Vierno,,,
Carlo Buti,Donn'ama,B3,,Vierno,1985,Italy,EMI,3C 048 - 51483,Vinyl / LP | Album,"Folk, World, & Country",,Napoletani,https://www.discogs.com/release/6322148-Carlo-Buti-Vierno,,,
Carlo Buti,Suspiro 'E Capemonte,B4,,Vierno,1985,Italy,EMI,3C 048 - 51483,Vinyl / LP | Album,"Folk, World, & Country",,Napoletani,https://www.discogs.com/release/6322148-Carlo-Buti-Vierno,,,
Carlo Buti,Dimme Addo 'Staie,B5,,Vierno,1985,Italy,EMI,3C 048 - 51483,Vinyl / LP | Album,"Folk, World, & Country",,Napoletani,https://www.discogs.com/release/6322148-Carlo-Buti-Vierno,,,
Carlo Buti,Ammore Busciardo,B6,,Vierno,1985,Italy,EMI,3C 048 - 51483,Vinyl / LP | Album,"Folk, World, & Country",,Napoletani,https://www.discogs.com/release/6322148-Carlo-Buti-Vierno,,,
Alfonsino Abbate,Scetate Core,A1,3:08,Ritorna Napule...,1983,Italy,Eros (5),ER 6097,Vinyl / LP | Stereo,"Pop, Folk, World, & Country",Canzone Napoletana,Napoletani,https://www.discogs.com/release/21085075-Alfonsino-Abbate-Ritorna-Napule,,,
Alfonsino Abbate,Si Tutt'Na'Rosa,A2,2:59,Ritorna Napule...,1983,Italy,Eros (5),ER 6097,Vinyl / LP | Stereo,"Pop, Folk, World, & Country",Canzone Napoletana,Napoletani,https://www.discogs.com/release/21085075-Alfonsino-Abbate-Ritorna-Napule,,,
Alfonsino Abbate,Tarantella Capricciosa,A3,2:13,Ritorna Napule...,1983,Italy,Eros (5),ER 6097,Vinyl / LP | Stereo,"Pop, Folk, World, & Country",Canzone Napoletana,Napoletani,https://www.discogs.com/release/21085075-Alfonsino-Abbate-Ritorna-Napule,,,
Alfonsino Abbate,'A Canzone D'O Cucchiere,A4,2:43,Ritorna Napule...,1983,Italy,Eros (5),ER 6097,Vinyl / LP | Stereo,"Pop, Folk, World, & Country",Canzone Napoletana,Napoletani,https://www.discogs.com/release/21085075-Alfonsino-Abbate-Ritorna-Napule,,,
Alfonsino Abbate,Chi E' Bella Comm'a Tte,A5,4:00,Ritorna Napule...,1983,Italy,Eros (5),ER 6097,Vinyl / LP | Stereo,"Pop, Folk, World, & Country",Canzone Napoletana,Napoletani,https://www.discogs.com/release/21085075-Alfonsino-Abbate-Ritorna-Napule,,,
Alfonsino Abbate,Dimme Pecchè,B1,3:45,Ritorna Napule...,1983,Italy,Eros (5),ER 6097,Vinyl / LP | Stereo,"Pop, Folk, World, & Country",Canzone Napoletana,Napoletani,https://www.discogs.com/release/21085075-Alfonsino-Abbate-Ritorna-Napule,,,
Alfonsino Abbate,'O Palcuscenico,B2,2:37,Ritorna Napule...,1983,Italy,Eros (5),ER 6097,Vinyl / LP | Stereo,"Pop, Folk, World, & Country",Canzone Napoletana,Napoletani,https://www.discogs.com/release/21085075-Alfonsino-Abbate-Ritorna-Napule,,,
Alfonsino Abbate,Pettirosso,B3,3:55,Ritorna Napule...,1983,Italy,Eros (5),ER 6097,Vinyl / LP | Stereo,"Pop, Folk, World, & Country",Canzone Napoletana,Napoletani,https://www.discogs.com/release/21085075-Alfonsino-Abbate-Ritorna-Napule,,,
Alfonsino Abbate,Stu Core 'Nnammurato,B4,2:22,Ritorna Napule...,1983,Italy,Eros (5),ER 6097,Vinyl / LP | Stereo,"Pop, Folk, World, & Country",Canzone Napoletana,Napoletani,https://www.discogs.com/release/21085075-Alfonsino-Abbate-Ritorna-Napule,,,
Alfonsino Abbate,Felicità,B5,2:33,Ritorna Napule...,1983,Italy,Eros (5),ER 6097,Vinyl / LP | Stereo,"Pop, Folk, World, & Country",Canzone Napoletana,Napoletani,https://www.discogs.com/release/21085075-Alfonsino-Abbate-Ritorna-Napule,,,
Cinzia,Che Malaspina,A1,,Malaspina,1975,Italy,Europlay (2),ER 01,Vinyl / LP | Album,"Folk, World, & Country",Canzone Napoletana,Napoletani,https://www.discogs.com/release/6315577-Cinzia-Malaspina,Enzo Fusco | Giuseppe Cioffi,Enzo Fusco [Written-By] | Giuseppe Cioffi [Written-By],
Cinzia,Bellu Sciore,A2,,Malaspina,1975,Italy,Europlay (2),ER 01,Vinyl / LP | Album,"Folk, World, & Country",Canzone Napoletana,Napoletani,https://www.discogs.com/release/6315577-Cinzia-Malaspina,Enzo Bonagura | Furio Rendine,Enzo Bonagura [Written-By] | Furio Rendine [Written-By],
Cinzia,Calamita D'Oro,A3,,Malaspina,1975,Italy,Europlay (2),ER 01,Vinyl / LP | Album,"Folk, World, & Country",Canzone Napoletana,Napoletani,https://www.discogs.com/release/6315577-Cinzia-Malaspina,Vincenzo Acampora | Vincenzo de Crescenzo,Vincenzo Acampora [Written-By] | Vincenzo de Crescenzo [Written-By],
Cinzia,Amleto,A4,,Malaspina,1975,Italy,Europlay (2),ER 01,Vinyl / LP | Album,"Folk, World, & Country",Canzone Napoletana,Napoletani,https://www.discogs.com/release/6315577-Cinzia-Malaspina,Enrico Buonafede (2) | Umberto Barassi,Enrico Buonafede (2) [Written-By] | Umberto Barassi [Written-By],
Cinzia,Cennere,A5,,Malaspina,1975,Italy,Europlay (2),ER 01,Vinyl / LP | Album,"Folk, World, & Country",Canzone Napoletana,Napoletani,https://www.discogs.com/release/6315577-Cinzia-Malaspina,Gennaro Santoro | Renato Ruocco,Gennaro Santoro [Written-By] | Renato Ruocco [Written-By],
Cinzia,'A Sciantosa,A6,,Malaspina,1975,Italy,Europlay (2),ER 01,Vinyl / LP | Album,"Folk, World, & Country",Canzone Napoletana,Napoletani,https://www.discogs.com/release/6315577-Cinzia-Malaspina,Alberto Sciotti | Enrico Buonafede (2),Alberto Sciotti [Written-By] | Enrico Buonafede (2) [Written-By],
Cinzia,Malombra Mia,B1,,Malaspina,1975,Italy,Europlay (2),ER 01,Vinyl / LP | Album,"Folk, World, & Country",Canzone Napoletana,Napoletani,https://www.discogs.com/release/6315577-Cinzia-Malaspina,Enrico Buonafede (2) | Pasquale Orecchio,Enrico Buonafede (2) [Written-By] | Pasquale Orecchio [Written-By],
Cinzia,'E Mmummarelle,B2,,Malaspina,1975,Italy,Europlay (2),ER 01,Vinyl / LP | Album,"Folk, World, & Country",Canzone Napoletana,Napoletani,https://www.discogs.com/release/6315577-Cinzia-Malaspina,Aldo Bovio | Vincenzo Acampora,Aldo Bovio [Written-By] | Vincenzo Acampora [Written-By],
Cinzia,Catena,B3,,Malaspina,1975,Italy,Europlay (2),ER 01,Vinyl / LP | Album,"Folk, World, & Country",Canzone Napoletana,Napoletani,https://www.discogs.com/release/6315577-Cinzia-Malaspina,Gennaro Santoro | Giuseppe Rossetti (2),Gennaro Santoro [Written-By] | Giuseppe Rossetti (2) [Written-By],
Cinzia,Miss Pummarola,B4,,Malaspina,1975,Italy,Europlay (2),ER 01,Vinyl / LP | Album,"Folk, World, & Country",Canzone Napoletana,Napoletani,https://www.discogs.com/release/6315577-Cinzia-Malaspina,Nello Segurini | Tito Manlio,Nello Segurini [Written-By] | Tito Manlio [Written-By],
Cinzia,Cafuncella Sfurtunata,B5,,Malaspina,1975,Italy,Europlay (2),ER 01,Vinyl / LP | Album,"Folk, World, & Country",Canzone Napoletana,Napoletani,https://www.discogs.com/release/6315577-Cinzia-Malaspina,Enzo Barile | Enzo Di Gianni | Giovanni Donnarumma,Enzo Barile [Written-By] | Enzo Di Gianni [Written-By] | Giovanni Donnarumma [Written-By],
Cinzia,Tarantella Internazionale,B6,,Malaspina,1975,Italy,Europlay (2),ER 01,Vinyl / LP | Album,"Folk, World, & Country",Canzone Napoletana,Napoletani,https://www.discogs.com/release/6315577-Cinzia-Malaspina,Ernesto Murolo | Ernesto Tagliaferri,Ernesto Murolo [Written-By] | Ernesto Tagliaferri [Written-By],
Piergiorgio Farina,Reginella,A1,3:47,Napoli Appassionata,1989,Italy,Fonit Cetra,LPX 241,Vinyl / LP,"Folk, World, & Country",Canzone Napoletana,Napoletani,https://www.discogs.com/release/6909076-Piergiorgio-Farina-Napoli-Appassionata,,,
Piergiorgio Farina,Come Facette Mammeta,A2,2:10,Napoli Appassionata,1989,Italy,Fonit Cetra,LPX 241,Vinyl / LP,"Folk, World, & Country",Canzone Napoletana,Napoletani,https://www.discogs.com/release/6909076-Piergiorgio-Farina-Napoli-Appassionata,,,
Piergiorgio Farina,Torna A Surriento,A3,4:04,Napoli Appassionata,1989,Italy,Fonit Cetra,LPX 241,Vinyl / LP,"Folk, World, & Country",Canzone Napoletana,Napoletani,https://www.discogs.com/release/6909076-Piergiorgio-Farina-Napoli-Appassionata,,,
Piergiorgio Farina,Funiculì Funiculà,A4,2:09,Napoli Appassionata,1989,Italy,Fonit Cetra,LPX 241,Vinyl / LP,"Folk, World, & Country",Canzone Napoletana,Napoletani,https://www.discogs.com/release/6909076-Piergiorgio-Farina-Napoli-Appassionata,,,
Piergiorgio Farina,I' Te Vorria Vasà,A5,4:46,Napoli Appassionata,1989,Italy,Fonit Cetra,LPX 241,Vinyl / LP,"Folk, World, & Country",Canzone Napoletana,Napoletani,https://www.discogs.com/release/6909076-Piergiorgio-Farina-Napoli-Appassionata,,,
Piergiorgio Farina,Munasterio 'E Santa Chiara,A6,2:18,Napoli Appassionata,1989,Italy,Fonit Cetra,LPX 241,Vinyl / LP,"Folk, World, & Country",Canzone Napoletana,Napoletani,https://www.discogs.com/release/6909076-Piergiorgio-Farina-Napoli-Appassionata,,,
Piergiorgio Farina,'O Surdato 'Nnammurato,A7,2:56,Napoli Appassionata,1989,Italy,Fonit Cetra,LPX 241,Vinyl / LP,"Folk, World, & Country",Canzone Napoletana,Napoletani,https://www.discogs.com/release/6909076-Piergiorgio-Farina-Napoli-Appassionata,,,
Piergiorgio Farina,Piscatore 'E Pusilleco,B1,3:09,Napoli Appassionata,1989,Italy,Fonit Cetra,LPX 241,Vinyl / LP,"Folk, World, & Country",Canzone Napoletana,Napoletani,https://www.discogs.com/release/6909076-Piergiorgio-Farina-Napoli-Appassionata,,,
Piergiorgio Farina,La Danza,B2,2:23,Napoli Appassionata,1989,Italy,Fonit Cetra,LPX 241,Vinyl / LP,"Folk, World, & Country",Canzone Napoletana,Napoletani,https://www.discogs.com/release/6909076-Piergiorgio-Farina-Napoli-Appassionata,,,
Piergiorgio Farina,Dicitencello Vuje,B3,3:52,Napoli Appassionata,1989,Italy,Fonit Cetra,LPX 241,Vinyl / LP,"Folk, World, & Country",Canzone Napoletana,Napoletani,https://www.discogs.com/release/6909076-Piergiorgio-Farina-Napoli-Appassionata,,,
Piergiorgio Farina,'Na Sera 'E Maggio,B4,2:34,Napoli Appassionata,1989,Italy,Fonit Cetra,LPX 241,Vinyl / LP,"Folk, World, & Country",Canzone Napoletana,Napoletani,https://www.discogs.com/release/6909076-Piergiorgio-Farina-Napoli-Appassionata,,,
Piergiorgio Farina,'O Sole Mio,B5,3:10,Napoli Appassionata,1989,Italy,Fonit Cetra,LPX 241,Vinyl / LP,"Folk, World, & Country",Canzone Napoletana,Napoletani,https://www.discogs.com/release/6909076-Piergiorgio-Farina-Napoli-Appassionata,,,
Piergiorgio Farina,Core 'Ngrato,B6,2:30,Napoli Appassionata,1989,Italy,Fonit Cetra,LPX 241,Vinyl / LP,"Folk, World, & Country",Canzone Napoletana,Napoletani,https://www.discogs.com/release/6909076-Piergiorgio-Farina-Napoli-Appassionata,,,
Piergiorgio Farina,Napoli Appassionata,B7,3:28,Napoli Appassionata,1989,Italy,Fonit Cetra,LPX 241,Vinyl / LP,"Folk, World, & Country",Canzone Napoletana,Napoletani,https://www.discogs.com/release/6909076-Piergiorgio-Farina-Napoli-Appassionata,,,
Totò,'A Livella ,A1,4:30,'A Livella ,1981,Italy,Fonit Cetra,PL 551,Vinyl / LP | Compilation,Non-Music,"Comedy, Poetry",Napoletani,https://www.discogs.com/release/4181541-Toto-A-Livella-,,,
Totò,Vagone Letto,A2,10:00,'A Livella ,1981,Italy,Fonit Cetra,PL 551,Vinyl / LP | Compilation,Non-Music,"Comedy, Poetry",Napoletani,https://www.discogs.com/release/4181541-Toto-A-Livella-,,,
Totò,Pasquale,A3,8:00,'A Livella ,1981,Italy,Fonit Cetra,PL 551,Vinyl / LP | Compilation,Non-Music,"Comedy, Poetry",Napoletani,https://www.discogs.com/release/4181541-Toto-A-Livella-,,,
Totò,L'Acquaiola,B1a,1:00,'A Livella ,1981,Italy,Fonit Cetra,PL 551,Vinyl / LP | Compilation,Non-Music,"Comedy, Poetry",Napoletani,https://www.discogs.com/release/4181541-Toto-A-Livella-,,,
Totò,La Consegna,B1b,0:10,'A Livella ,1981,Italy,Fonit Cetra,PL 551,Vinyl / LP | Compilation,Non-Music,"Comedy, Poetry",Napoletani,https://www.discogs.com/release/4181541-Toto-A-Livella-,,,
Totò,Felicità,B1c,0:10,'A Livella ,1981,Italy,Fonit Cetra,PL 551,Vinyl / LP | Compilation,Non-Music,"Comedy, Poetry",Napoletani,https://www.discogs.com/release/4181541-Toto-A-Livella-,,,
Totò,'A Passione Mia Erano 'E 'Rrose ,B1d,0:35,'A Livella ,1981,Italy,Fonit Cetra,PL 551,Vinyl / LP | Compilation,Non-Music,"Comedy, Poetry",Napoletani,https://www.discogs.com/release/4181541-Toto-A-Livella-,,,
Totò,Se Io Fossi 'N Auciello,B1e,0:25,'A Livella ,1981,Italy,Fonit Cetra,PL 551,Vinyl / LP | Compilation,Non-Music,"Comedy, Poetry",Napoletani,https://www.discogs.com/release/4181541-Toto-A-Livella-,,,
Totò,Statuette,B1f,0:15,'A Livella ,1981,Italy,Fonit Cetra,PL 551,Vinyl / LP | Compilation,Non-Music,"Comedy, Poetry",Napoletani,https://www.discogs.com/release/4181541-Toto-A-Livella-,,,
Totò,La Filosofia Del Cornuto ,B1g,1:20,'A Livella ,1981,Italy,Fonit Cetra,PL 551,Vinyl / LP | Compilation,Non-Music,"Comedy, Poetry",Napoletani,https://www.discogs.com/release/4181541-Toto-A-Livella-,,,
Totò,Ludovico E Sarchiapone ,B1h,3:30,'A Livella ,1981,Italy,Fonit Cetra,PL 551,Vinyl / LP | Compilation,Non-Music,"Comedy, Poetry",Napoletani,https://www.discogs.com/release/4181541-Toto-A-Livella-,,,
Totò,Ufficio Di Collocamento ,B2,15:15,'A Livella ,1981,Italy,Fonit Cetra,PL 551,Vinyl / LP | Compilation,Non-Music,"Comedy, Poetry",Napoletani,https://www.discogs.com/release/4181541-Toto-A-Livella-,,,
Totò,"Lallo, Parrucchiere Per Signora ",B3,,'A Livella ,1981,Italy,Fonit Cetra,PL 551,Vinyl / LP | Compilation,Non-Music,"Comedy, Poetry",Napoletani,https://www.discogs.com/release/4181541-Toto-A-Livella-,,,
Francesco Calabrese,E Tu Mi Manchi,A1,,...E Tu Mi Manchi,1979,Italy,"Free Interfonia, Free Interfonia","ITF 120001, Free 120001",Vinyl / LP | Album,Pop,Chanson,Napoletani,https://www.discogs.com/release/3459803-Francesco-Calabrese-E-Tu-Mi-Manchi,Bruno Lanza | Nino Buonocore,Bruno Lanza [Written-By] | Nino Buonocore [Written-By],
Francesco Calabrese,Bianca Lù,A2,,...E Tu Mi Manchi,1979,Italy,"Free Interfonia, Free Interfonia","ITF 120001, Free 120001",Vinyl / LP | Album,Pop,Chanson,Napoletani,https://www.discogs.com/release/3459803-Francesco-Calabrese-E-Tu-Mi-Manchi,Renato Rutigliano | Sharade,Renato Rutigliano [Written-By] | Sharade [Written-By],
Francesco Calabrese,Morire O Vivere,A3,,...E Tu Mi Manchi,1979,Italy,"Free Interfonia, Free Interfonia","ITF 120001, Free 120001",Vinyl / LP | Album,Pop,Chanson,Napoletani,https://www.discogs.com/release/3459803-Francesco-Calabrese-E-Tu-Mi-Manchi,Renato Rutigliano | Sharade,Renato Rutigliano [Written-By] | Sharade [Written-By],
Francesco Calabrese,Fiori D'Arancio,A4,,...E Tu Mi Manchi,1979,Italy,"Free Interfonia, Free Interfonia","ITF 120001, Free 120001",Vinyl / LP | Album,Pop,Chanson,Napoletani,https://www.discogs.com/release/3459803-Francesco-Calabrese-E-Tu-Mi-Manchi,Bruno Lanza | Nino Buonocore,Bruno Lanza [Written-By] | Nino Buonocore [Written-By],
Francesco Calabrese,Lingua Biforcuta,A5,,...E Tu Mi Manchi,1979,Italy,"Free Interfonia, Free Interfonia","ITF 120001, Free 120001",Vinyl / LP | Album,Pop,Chanson,Napoletani,https://www.discogs.com/release/3459803-Francesco-Calabrese-E-Tu-Mi-Manchi,Renato Rutigliano | Sharade,Renato Rutigliano [Written-By] | Sharade [Written-By],
Francesco Calabrese,Andare Avanti,B1,,...E Tu Mi Manchi,1979,Italy,"Free Interfonia, Free Interfonia","ITF 120001, Free 120001",Vinyl / LP | Album,Pop,Chanson,Napoletani,https://www.discogs.com/release/3459803-Francesco-Calabrese-E-Tu-Mi-Manchi,Sharade,Sharade [Written-By],
Francesco Calabrese,Vattene,B2,,...E Tu Mi Manchi,1979,Italy,"Free Interfonia, Free Interfonia","ITF 120001, Free 120001",Vinyl / LP | Album,Pop,Chanson,Napoletani,https://www.discogs.com/release/3459803-Francesco-Calabrese-E-Tu-Mi-Manchi,Sharade,Sharade [Written-By],
Francesco Calabrese,Rosa Rò,B3,,...E Tu Mi Manchi,1979,Italy,"Free Interfonia, Free Interfonia","ITF 120001, Free 120001",Vinyl / LP | Album,Pop,Chanson,Napoletani,https://www.discogs.com/release/3459803-Francesco-Calabrese-E-Tu-Mi-Manchi,Antonio Stefanelli,Antonio Stefanelli [Written-By],
Francesco Calabrese,Da Sola,B4,,...E Tu Mi Manchi,1979,Italy,"Free Interfonia, Free Interfonia","ITF 120001, Free 120001",Vinyl / LP | Album,Pop,Chanson,Napoletani,https://www.discogs.com/release/3459803-Francesco-Calabrese-E-Tu-Mi-Manchi,Bruno Lanza | Nino Buonocore,Bruno Lanza [Written-By] | Nino Buonocore [Written-By],
Francesco Calabrese,Non Ti Voglio Più,B5,,...E Tu Mi Manchi,1979,Italy,"Free Interfonia, Free Interfonia","ITF 120001, Free 120001",Vinyl / LP | Album,Pop,Chanson,Napoletani,https://www.discogs.com/release/3459803-Francesco-Calabrese-E-Tu-Mi-Manchi,Sharade,Sharade [Written-By],
Tony Tiziano,'Na Passione,A1,,Tanti Autori Per...,0,Italy,Gespo Stereo Record,LPIE 0007,Vinyl / LP | Album,"Folk, World, & Country",Canzone Napoletana,Napoletani,https://www.discogs.com/release/17719360-Tony-Tiziano-Tanti-Autori-Per,Ciro Altieri | Giovanni Tavascio,Ciro Altieri [Written-By] | Giovanni Tavascio [Written-By],
Tony Tiziano,L'Urdema Serenata,A2,,Tanti Autori Per...,0,Italy,Gespo Stereo Record,LPIE 0007,Vinyl / LP | Album,"Folk, World, & Country",Canzone Napoletana,Napoletani,https://www.discogs.com/release/17719360-Tony-Tiziano-Tanti-Autori-Per,Oscar Festa (2) | Salvatore Formisano,Oscar Festa (2) [Written-By] | Salvatore Formisano [Written-By],
Tony Tiziano,Addo' Stanno Cchiù,A3,,Tanti Autori Per...,0,Italy,Gespo Stereo Record,LPIE 0007,Vinyl / LP | Album,"Folk, World, & Country",Canzone Napoletana,Napoletani,https://www.discogs.com/release/17719360-Tony-Tiziano-Tanti-Autori-Per,Giovanni Piccinella | Giovanni Tavascio,Giovanni Piccinella [Written-By] | Giovanni Tavascio [Written-By],
Tony Tiziano,'Nu Ritratto,A4,,Tanti Autori Per...,0,Italy,Gespo Stereo Record,LPIE 0007,Vinyl / LP | Album,"Folk, World, & Country",Canzone Napoletana,Napoletani,https://www.discogs.com/release/17719360-Tony-Tiziano-Tanti-Autori-Per,Ciro Di Marino | Ernesto Vuotto,Ciro Di Marino [Written-By] | Ernesto Vuotto [Written-By],
Tony Tiziano,Bruna Napulitana,A5,,Tanti Autori Per...,0,Italy,Gespo Stereo Record,LPIE 0007,Vinyl / LP | Album,"Folk, World, & Country",Canzone Napoletana,Napoletani,https://www.discogs.com/release/17719360-Tony-Tiziano-Tanti-Autori-Per,Giovanni Croce (2) | Pasquale Velotto,Giovanni Croce (2) [Written-By] | Pasquale Velotto [Written-By],
Tony Tiziano,Balcunciello,A6,,Tanti Autori Per...,0,Italy,Gespo Stereo Record,LPIE 0007,Vinyl / LP | Album,"Folk, World, & Country",Canzone Napoletana,Napoletani,https://www.discogs.com/release/17719360-Tony-Tiziano-Tanti-Autori-Per,Pasquale Cuciniello | Pasquale Sannino,Pasquale Cuciniello [Written-By] | Pasquale Sannino [Written-By],
Tony Tiziano,Sentimento E Fantasia,B1,,Tanti Autori Per...,0,Italy,Gespo Stereo Record,LPIE 0007,Vinyl / LP | Album,"Folk, World, & Country",Canzone Napoletana,Napoletani,https://www.discogs.com/release/17719360-Tony-Tiziano-Tanti-Autori-Per,Oscar Festa (2) | Salvatore Formisano,Oscar Festa (2) [Written-By] | Salvatore Formisano [Written-By],
Tony Tiziano,Si Sempe D' 'A Mia,B2,,Tanti Autori Per...,0,Italy,Gespo Stereo Record,LPIE 0007,Vinyl / LP | Album,"Folk, World, & Country",Canzone Napoletana,Napoletani,https://www.discogs.com/release/17719360-Tony-Tiziano-Tanti-Autori-Per,Angelo Crovella | Antonio Perna (3) | Mario Perna,Angelo Crovella [Written-By] | Antonio Perna (3) [Written-By] | Mario Perna [Written-By],
Tony Tiziano,Pe' Te Vasa',B3,,Tanti Autori Per...,0,Italy,Gespo Stereo Record,LPIE 0007,Vinyl / LP | Album,"Folk, World, & Country",Canzone Napoletana,Napoletani,https://www.discogs.com/release/17719360-Tony-Tiziano-Tanti-Autori-Per,Giovanni Piccinella,Giovanni Piccinella [Written-By],
Tony Tiziano,Te Voglio Vede Chiagnere ,B4,,Tanti Autori Per...,0,Italy,Gespo Stereo Record,LPIE 0007,Vinyl / LP | Album,"Folk, World, & Country",Canzone Napoletana,Napoletani,https://www.discogs.com/release/17719360-Tony-Tiziano-Tanti-Autori-Per,Giovanni Piccinella,Giovanni Piccinella [Written-By],
Tony Tiziano,Già Le Ditto Pur'A Nato,B5,,Tanti Autori Per...,0,Italy,Gespo Stereo Record,LPIE 0007,Vinyl / LP | Album,"Folk, World, & Country",Canzone Napoletana,Napoletani,https://www.discogs.com/release/17719360-Tony-Tiziano-Tanti-Autori-Per,Antonio Iglio | Pasquale Pempinelli,Antonio Iglio [Written-By] | Pasquale Pempinelli [Written-By],
Tony Tiziano,Vulimmece Bene,B6,,Tanti Autori Per...,0,Italy,Gespo Stereo Record,LPIE 0007,Vinyl / LP | Album,"Folk, World, & Country",Canzone Napoletana,Napoletani,https://www.discogs.com/release/17719360-Tony-Tiziano-Tanti-Autori-Per,Angelo Crovella | Dario Mateicich | Oscar Festa (2),Angelo Crovella [Written-By] | Dario Mateicich [Written-By] | Oscar Festa (2) [Written-By],
Nello Amato (2),Sola,A1,3:18,Amori Di Oggi,1990,Italy,Gulp!,GUL 1377,Vinyl / LP | Stereo,"Pop, Folk, World, & Country",Canzone Napoletana,Napoletani,https://www.discogs.com/release/14283275-Nello-Amato-2-Amori-Di-Oggi,Nick Ferrara (2) | Nino Ferretti | Sebastiano Zappulla,Nick Ferrara (2) [Written-By] | Nino Ferretti [Written-By] | Sebastiano Zappulla [Written-By],
Nello Amato (2),Nuie,A2,3:35,Amori Di Oggi,1990,Italy,Gulp!,GUL 1377,Vinyl / LP | Stereo,"Pop, Folk, World, & Country",Canzone Napoletana,Napoletani,https://www.discogs.com/release/14283275-Nello-Amato-2-Amori-Di-Oggi,G. Di Criscito | Carmine Lafortezza,G. Di Criscito [Written By] | Carmine Lafortezza [Written-By],
Nello Amato (2),Una Storia Infinita,A3,4:44,Amori Di Oggi,1990,Italy,Gulp!,GUL 1377,Vinyl / LP | Stereo,"Pop, Folk, World, & Country",Canzone Napoletana,Napoletani,https://www.discogs.com/release/14283275-Nello-Amato-2-Amori-Di-Oggi,Carmine Liberati,Carmine Liberati [Written-By],
Nello Amato (2),Maledetto Orgoglio,A4,2:44,Amori Di Oggi,1990,Italy,Gulp!,GUL 1377,Vinyl / LP | Stereo,"Pop, Folk, World, & Country",Canzone Napoletana,Napoletani,https://www.discogs.com/release/14283275-Nello-Amato-2-Amori-Di-Oggi,Nick Ferrara (2) | Nino Ferretti,Nick Ferrara (2) [Written-By] | Nino Ferretti [Written-By],
Nello Amato (2),Maledetta Infedeltà,A5,3:20,Amori Di Oggi,1990,Italy,Gulp!,GUL 1377,Vinyl / LP | Stereo,"Pop, Folk, World, & Country",Canzone Napoletana,Napoletani,https://www.discogs.com/release/14283275-Nello-Amato-2-Amori-Di-Oggi,Enzo Guida | Vincenzo Capasso,Enzo Guida [Written-By] | Vincenzo Capasso [Written-By],
Nello Amato (2),'E Truccate,B1,4:02,Amori Di Oggi,1990,Italy,Gulp!,GUL 1377,Vinyl / LP | Stereo,"Pop, Folk, World, & Country",Canzone Napoletana,Napoletani,https://www.discogs.com/release/14283275-Nello-Amato-2-Amori-Di-Oggi,L. Esposito | Carmine Lafortezza,L. Esposito [Written By] | Carmine Lafortezza [Written-By],
Nello Amato (2),Sulo N'Amico Pe Tte,B2,3:30,Amori Di Oggi,1990,Italy,Gulp!,GUL 1377,Vinyl / LP | Stereo,"Pop, Folk, World, & Country",Canzone Napoletana,Napoletani,https://www.discogs.com/release/14283275-Nello-Amato-2-Amori-Di-Oggi,G. Squitieri,G. Squitieri [Written By],
Nello Amato (2),Nei Tuoi Occhi,B3,3:37,Amori Di Oggi,1990,Italy,Gulp!,GUL 1377,Vinyl / LP | Stereo,"Pop, Folk, World, & Country",Canzone Napoletana,Napoletani,https://www.discogs.com/release/14283275-Nello-Amato-2-Amori-Di-Oggi,Franco Staco,Franco Staco [Written-By],
Nello Amato (2),'Na Strada Diversa,B4,2:43,Amori Di Oggi,1990,Italy,Gulp!,GUL 1377,Vinyl / LP | Stereo,"Pop, Folk, World, & Country",Canzone Napoletana,Napoletani,https://www.discogs.com/release/14283275-Nello-Amato-2-Amori-Di-Oggi,G. Squitieri,G. Squitieri [Written By],
Nello Amato (2),Addo Staie,B5,3:21,Amori Di Oggi,1990,Italy,Gulp!,GUL 1377,Vinyl / LP | Stereo,"Pop, Folk, World, & Country",Canzone Napoletana,Napoletani,https://www.discogs.com/release/14283275-Nello-Amato-2-Amori-Di-Oggi,Nick Ferrara (2) | Nino Ferretti,Nick Ferrara (2) [Written-By] | Nino Ferretti [Written-By],
Pino Marchese (2),Sienteme,A1,,Sienteme... E Lassame Si Vuò,1980,Italy,Gulp!,KAL 1194,Vinyl / LP | Album | Stereo,"Pop, Folk, World, & Country",Canzone Napoletana,Napoletani,https://www.discogs.com/release/16014562-Pino-Marchese-2-Sienteme-E-Lassame-Si-Vuò,,,
Pino Marchese (2), Lassame Si Vuo,A2,,Sienteme... E Lassame Si Vuò,1980,Italy,Gulp!,KAL 1194,Vinyl / LP | Album | Stereo,"Pop, Folk, World, & Country",Canzone Napoletana,Napoletani,https://www.discogs.com/release/16014562-Pino-Marchese-2-Sienteme-E-Lassame-Si-Vuò,,,
Pino Marchese (2),Palermo E' Nu Villino,A3,,Sienteme... E Lassame Si Vuò,1980,Italy,Gulp!,KAL 1194,Vinyl / LP | Album | Stereo,"Pop, Folk, World, & Country",Canzone Napoletana,Napoletani,https://www.discogs.com/release/16014562-Pino-Marchese-2-Sienteme-E-Lassame-Si-Vuò,,,
Pino Marchese (2),Rossana,A4,,Sienteme... E Lassame Si Vuò,1980,Italy,Gulp!,KAL 1194,Vinyl / LP | Album | Stereo,"Pop, Folk, World, & Country",Canzone Napoletana,Napoletani,https://www.discogs.com/release/16014562-Pino-Marchese-2-Sienteme-E-Lassame-Si-Vuò,,,
Pino Marchese (2),Gioia E Dolore,A5,,Sienteme... E Lassame Si Vuò,1980,Italy,Gulp!,KAL 1194,Vinyl / LP | Album | Stereo,"Pop, Folk, World, & Country",Canzone Napoletana,Napoletani,https://www.discogs.com/release/16014562-Pino-Marchese-2-Sienteme-E-Lassame-Si-Vuò,,,
Pino Marchese (2),Mietteme 'Ncroce,A6,,Sienteme... E Lassame Si Vuò,1980,Italy,Gulp!,KAL 1194,Vinyl / LP | Album | Stereo,"Pop, Folk, World, & Country",Canzone Napoletana,Napoletani,https://www.discogs.com/release/16014562-Pino-Marchese-2-Sienteme-E-Lassame-Si-Vuò,,,
Pino Marchese (2),L'Urdemo Appuntamento,B1,,Sienteme... E Lassame Si Vuò,1980,Italy,Gulp!,KAL 1194,Vinyl / LP | Album | Stereo,"Pop, Folk, World, & Country",Canzone Napoletana,Napoletani,https://www.discogs.com/release/16014562-Pino-Marchese-2-Sienteme-E-Lassame-Si-Vuò,,,
Pino Marchese (2),Nun Mo' Dicere Ancora,B2,,Sienteme... E Lassame Si Vuò,1980,Italy,Gulp!,KAL 1194,Vinyl / LP | Album | Stereo,"Pop, Folk, World, & Country",Canzone Napoletana,Napoletani,https://www.discogs.com/release/16014562-Pino-Marchese-2-Sienteme-E-Lassame-Si-Vuò,,,
Pino Marchese (2),E C'Aggia Fa',B3,,Sienteme... E Lassame Si Vuò,1980,Italy,Gulp!,KAL 1194,Vinyl / LP | Album | Stereo,"Pop, Folk, World, & Country",Canzone Napoletana,Napoletani,https://www.discogs.com/release/16014562-Pino-Marchese-2-Sienteme-E-Lassame-Si-Vuò,,,
Pino Marchese (2),Me Faie Chiagnere,B4,,Sienteme... E Lassame Si Vuò,1980,Italy,Gulp!,KAL 1194,Vinyl / LP | Album | Stereo,"Pop, Folk, World, & Country",Canzone Napoletana,Napoletani,https://www.discogs.com/release/16014562-Pino-Marchese-2-Sienteme-E-Lassame-Si-Vuò,,,
Pino Marchese (2),Nun' O Penza',B5,,Sienteme... E Lassame Si Vuò,1980,Italy,Gulp!,KAL 1194,Vinyl / LP | Album | Stereo,"Pop, Folk, World, & Country",Canzone Napoletana,Napoletani,https://www.discogs.com/release/16014562-Pino-Marchese-2-Sienteme-E-Lassame-Si-Vuò,,,
Pino Marchese (2),Serenata Sentimentale,B6,,Sienteme... E Lassame Si Vuò,1980,Italy,Gulp!,KAL 1194,Vinyl / LP | Album | Stereo,"Pop, Folk, World, & Country",Canzone Napoletana,Napoletani,https://www.discogs.com/release/16014562-Pino-Marchese-2-Sienteme-E-Lassame-Si-Vuò,,,
Mario Merola,Ciente Appuntamente,A1,,Volume Primo,1975,Italy,Hello Records,ZSEL 55404,Vinyl / LP | Album | Reissue,"Pop, Folk, World, & Country",Canzone Napoletana,Napoletani,https://www.discogs.com/release/5664150-Mario-Merola-Volume-Primo,,,
Mario Merola,'O Milurdino,A2,,Volume Primo,1975,Italy,Hello Records,ZSEL 55404,Vinyl / LP | Album | Reissue,"Pop, Folk, World, & Country",Canzone Napoletana,Napoletani,https://www.discogs.com/release/5664150-Mario-Merola-Volume-Primo,,,
Mario Merola,Abbracciame,A3,,Volume Primo,1975,Italy,Hello Records,ZSEL 55404,Vinyl / LP | Album | Reissue,"Pop, Folk, World, & Country",Canzone Napoletana,Napoletani,https://www.discogs.com/release/5664150-Mario-Merola-Volume-Primo,,,
Mario Merola,Scampagnata Amara,A4,,Volume Primo,1975,Italy,Hello Records,ZSEL 55404,Vinyl / LP | Album | Reissue,"Pop, Folk, World, & Country",Canzone Napoletana,Napoletani,https://www.discogs.com/release/5664150-Mario-Merola-Volume-Primo,,,
Mario Merola,O' Masto,A5,,Volume Primo,1975,Italy,Hello Records,ZSEL 55404,Vinyl / LP | Album | Reissue,"Pop, Folk, World, & Country",Canzone Napoletana,Napoletani,https://www.discogs.com/release/5664150-Mario-Merola-Volume-Primo,,,
Mario Merola,Gelusia E Frennesia,A6,,Volume Primo,1975,Italy,Hello Records,ZSEL 55404,Vinyl / LP | Album | Reissue,"Pop, Folk, World, & Country",Canzone Napoletana,Napoletani,https://www.discogs.com/release/5664150-Mario-Merola-Volume-Primo,,,
Mario Merola,'O Primmo Attore,B1,,Volume Primo,1975,Italy,Hello Records,ZSEL 55404,Vinyl / LP | Album | Reissue,"Pop, Folk, World, & Country",Canzone Napoletana,Napoletani,https://www.discogs.com/release/5664150-Mario-Merola-Volume-Primo,,,
Mario Merola,Duje Core E Nu Curtiello,B2,,Volume Primo,1975,Italy,Hello Records,ZSEL 55404,Vinyl / LP | Album | Reissue,"Pop, Folk, World, & Country",Canzone Napoletana,Napoletani,https://www.discogs.com/release/5664150-Mario-Merola-Volume-Primo,,,
Mario Merola,Spusalizio E Marenare,B3,,Volume Primo,1975,Italy,Hello Records,ZSEL 55404,Vinyl / LP | Album | Reissue,"Pop, Folk, World, & Country",Canzone Napoletana,Napoletani,https://www.discogs.com/release/5664150-Mario-Merola-Volume-Primo,,,
Mario Merola,Passione Nera,B4,,Volume Primo,1975,Italy,Hello Records,ZSEL 55404,Vinyl / LP | Album | Reissue,"Pop, Folk, World, & Country",Canzone Napoletana,Napoletani,https://www.discogs.com/release/5664150-Mario-Merola-Volume-Primo,,,
Mario Merola,'O Sgarro,B5,,Volume Primo,1975,Italy,Hello Records,ZSEL 55404,Vinyl / LP | Album | Reissue,"Pop, Folk, World, & Country",Canzone Napoletana,Napoletani,https://www.discogs.com/release/5664150-Mario-Merola-Volume-Primo,,,
Mario Merola,'Na Santa Guapparia,B6,,Volume Primo,1975,Italy,Hello Records,ZSEL 55404,Vinyl / LP | Album | Reissue,"Pop, Folk, World, & Country",Canzone Napoletana,Napoletani,https://www.discogs.com/release/5664150-Mario-Merola-Volume-Primo,,,
Pino Mauro,'Ncatenato A Tte!,A1,,'Ncatenato A Tte! - Pino Mauro Vol. 6,1975,Italy,Hello Records,ZSEL 55421,Vinyl / LP | Album,"Pop, Folk, World, & Country",Canzone Napoletana,Napoletani,https://www.discogs.com/release/14327651-Pino-Mauro-Ncatenato-A-Tte-Pino-Mauro-Vol-6,Aldo Fiorini | Eduardo Alfieri | Giuseppe Giordano,Aldo Fiorini [Written-By] | Eduardo Alfieri [Written-By] | Giuseppe Giordano [Written-By],
Pino Mauro,'A Paranza,A2,,'Ncatenato A Tte! - Pino Mauro Vol. 6,1975,Italy,Hello Records,ZSEL 55421,Vinyl / LP | Album,"Pop, Folk, World, & Country",Canzone Napoletana,Napoletani,https://www.discogs.com/release/14327651-Pino-Mauro-Ncatenato-A-Tte-Pino-Mauro-Vol-6,Aldo Fiorini | Eduardo Alfieri | Giuseppe Giordano,Aldo Fiorini [Written-By] | Eduardo Alfieri [Written-By] | Giuseppe Giordano [Written-By],
Pino Mauro,'A Croce Mia,A3,,'Ncatenato A Tte! - Pino Mauro Vol. 6,1975,Italy,Hello Records,ZSEL 55421,Vinyl / LP | Album,"Pop, Folk, World, & Country",Canzone Napoletana,Napoletani,https://www.discogs.com/release/14327651-Pino-Mauro-Ncatenato-A-Tte-Pino-Mauro-Vol-6,Francesco Colucci | Gennaro Nani | Gennaro Ricci,Francesco Colucci [Written-By] | Gennaro Nani [Written-By] | Gennaro Ricci [Written-By],
Pino Mauro,'A Cassiera D' 'O Bar,A4,,'Ncatenato A Tte! - Pino Mauro Vol. 6,1975,Italy,Hello Records,ZSEL 55421,Vinyl / LP | Album,"Pop, Folk, World, & Country",Canzone Napoletana,Napoletani,https://www.discogs.com/release/14327651-Pino-Mauro-Ncatenato-A-Tte-Pino-Mauro-Vol-6,Eduardo Alfieri | Pingior,Eduardo Alfieri [Written-By] | Pingior [Written-By],
Pino Mauro,Eternamente,A5,,'Ncatenato A Tte! - Pino Mauro Vol. 6,1975,Italy,Hello Records,ZSEL 55421,Vinyl / LP | Album,"Pop, Folk, World, & Country",Canzone Napoletana,Napoletani,https://www.discogs.com/release/14327651-Pino-Mauro-Ncatenato-A-Tte-Pino-Mauro-Vol-6,Francesco Colucci | Gennaro Ricci | Giuseppe Giordano,Francesco Colucci [Written-By] | Gennaro Ricci [Written-By] | Giuseppe Giordano [Written-By],
Pino Mauro,Carmela Rischiatutto,B1,,'Ncatenato A Tte! - Pino Mauro Vol. 6,1975,Italy,Hello Records,ZSEL 55421,Vinyl / LP | Album,"Pop, Folk, World, & Country",Canzone Napoletana,Napoletani,https://www.discogs.com/release/14327651-Pino-Mauro-Ncatenato-A-Tte-Pino-Mauro-Vol-6,Eduardo Alfieri | Pingior,Eduardo Alfieri [Written-By] | Pingior [Written-By],
Pino Mauro,'A Tirata,B2,,'Ncatenato A Tte! - Pino Mauro Vol. 6,1975,Italy,Hello Records,ZSEL 55421,Vinyl / LP | Album,"Pop, Folk, World, & Country",Canzone Napoletana,Napoletani,https://www.discogs.com/release/14327651-Pino-Mauro-Ncatenato-A-Tte-Pino-Mauro-Vol-6,Francesco Colucci | Gennaro Esposito | Gennaro Ricci,Francesco Colucci [Written-By] | Gennaro Esposito [Written-By] | Gennaro Ricci [Written-By],
Pino Mauro,'O Sposo Nun Songh'Io,B3,,'Ncatenato A Tte! - Pino Mauro Vol. 6,1975,Italy,Hello Records,ZSEL 55421,Vinyl / LP | Album,"Pop, Folk, World, & Country",Canzone Napoletana,Napoletani,https://www.discogs.com/release/14327651-Pino-Mauro-Ncatenato-A-Tte-Pino-Mauro-Vol-6,Eduardo Alfieri | Pingior,Eduardo Alfieri [Written-By] | Pingior [Written-By],
Pino Mauro,'O Capobanda,B4,,'Ncatenato A Tte! - Pino Mauro Vol. 6,1975,Italy,Hello Records,ZSEL 55421,Vinyl / LP | Album,"Pop, Folk, World, & Country",Canzone Napoletana,Napoletani,https://www.discogs.com/release/14327651-Pino-Mauro-Ncatenato-A-Tte-Pino-Mauro-Vol-6,Eduardo Alfieri | Luigi Aperuta,Eduardo Alfieri [Written-By] | Luigi Aperuta [Written-By],
Pino Mauro,Conflitto A Ffuoco,B5,,'Ncatenato A Tte! - Pino Mauro Vol. 6,1975,Italy,Hello Records,ZSEL 55421,Vinyl / LP | Album,"Pop, Folk, World, & Country",Canzone Napoletana,Napoletani,https://www.discogs.com/release/14327651-Pino-Mauro-Ncatenato-A-Tte-Pino-Mauro-Vol-6,Francesco Colucci | Gennaro Ricci | Giovanni Marigliano,Francesco Colucci [Written-By] | Gennaro Ricci [Written-By] | Giovanni Marigliano [Written-By],
Pino Mauro,Calibro 9,A1,,Calibro 9,0,Italy,"Hello Records, Hello Records","HR 1028, LP 1038",Vinyl / LP | Album / Gatefold,"Folk, World, & Country",Canzone Napoletana,Napoletani,https://www.discogs.com/release/12040033-Pino-Mauro-Calibro-9,Aldo Fiorini | Eduardo Alfieri,Aldo Fiorini [Written-By] | Eduardo Alfieri [Written-By],
Pino Mauro,'Na Raffica 'E Mitra,A2,,Calibro 9,0,Italy,"Hello Records, Hello Records","HR 1028, LP 1038",Vinyl / LP | Album / Gatefold,"Folk, World, & Country",Canzone Napoletana,Napoletani,https://www.discogs.com/release/12040033-Pino-Mauro-Calibro-9,Francesco Colucci | Gennaro Nani | Gennaro Ricci,Francesco Colucci [Written-By] | Gennaro Nani [Written-By] | Gennaro Ricci [Written-By],
Pino Mauro,'O Motoscafo,A3,,Calibro 9,0,Italy,"Hello Records, Hello Records","HR 1028, LP 1038",Vinyl / LP | Album / Gatefold,"Folk, World, & Country",Canzone Napoletana,Napoletani,https://www.discogs.com/release/12040033-Pino-Mauro-Calibro-9,Aldo Fiorini | Eduardo Alfieri,Aldo Fiorini [Written-By] | Eduardo Alfieri [Written-By],
Pino Mauro,N' Appuntamento,A4,,Calibro 9,0,Italy,"Hello Records, Hello Records","HR 1028, LP 1038",Vinyl / LP | Album / Gatefold,"Folk, World, & Country",Canzone Napoletana,Napoletani,https://www.discogs.com/release/12040033-Pino-Mauro-Calibro-9,Enzo Di Domenico,Enzo Di Domenico [Written-By],
Pino Mauro,'O Ricercato,A5,,Calibro 9,0,Italy,"Hello Records, Hello Records","HR 1028, LP 1038",Vinyl / LP | Album / Gatefold,"Folk, World, & Country",Canzone Napoletana,Napoletani,https://www.discogs.com/release/12040033-Pino-Mauro-Calibro-9,Enzo Di Domenico | Gaetano Di Maio | Vincenzo Acampora,Enzo Di Domenico [Written-By] | Gaetano Di Maio [Written-By] | Vincenzo Acampora [Written-By],
Pino Mauro,'O Mpicciuso D' 'A Sanità,A6,,Calibro 9,0,Italy,"Hello Records, Hello Records","HR 1028, LP 1038",Vinyl / LP | Album / Gatefold,"Folk, World, & Country",Canzone Napoletana,Napoletani,https://www.discogs.com/release/12040033-Pino-Mauro-Calibro-9,Aldo Fiorini | Eduardo Alfieri,Aldo Fiorini [Written-By] | Eduardo Alfieri [Written-By],
Pino Mauro,'A Polizia Ringrazia,B1,,Calibro 9,0,Italy,"Hello Records, Hello Records","HR 1028, LP 1038",Vinyl / LP | Album / Gatefold,"Folk, World, & Country",Canzone Napoletana,Napoletani,https://www.discogs.com/release/12040033-Pino-Mauro-Calibro-9,Francesco Colucci | Gennaro Esposito | Gennaro Ricci,Francesco Colucci [Written-By] | Gennaro Esposito [Written-By] | Gennaro Ricci [Written-By],
Pino Mauro,'O Nfamone,B2,,Calibro 9,0,Italy,"Hello Records, Hello Records","HR 1028, LP 1038",Vinyl / LP | Album / Gatefold,"Folk, World, & Country",Canzone Napoletana,Napoletani,https://www.discogs.com/release/12040033-Pino-Mauro-Calibro-9,Aldo Fiorini | Francesco Colucci,Aldo Fiorini [Written-By] | Francesco Colucci [Written-By],
Pino Mauro,Sette Mamme,B3,,Calibro 9,0,Italy,"Hello Records, Hello Records","HR 1028, LP 1038",Vinyl / LP | Album / Gatefold,"Folk, World, & Country",Canzone Napoletana,Napoletani,https://www.discogs.com/release/12040033-Pino-Mauro-Calibro-9,Aldo Fiorini | Eduardo Alfieri,Aldo Fiorini [Written-By] | Eduardo Alfieri [Written-By],
Pino Mauro,'O Sterminatore,B4,,Calibro 9,0,Italy,"Hello Records, Hello Records","HR 1028, LP 1038",Vinyl / LP | Album / Gatefold,"Folk, World, & Country",Canzone Napoletana,Napoletani,https://www.discogs.com/release/12040033-Pino-Mauro-Calibro-9,Francesco Colucci | Gennaro Arrichiello | Gennaro Ricci,Francesco Colucci [Written-By] | Gennaro Arrichiello [Written-By] | Gennaro Ricci [Written-By],
Pino Mauro,L'Urdema Curtellata,B5,,Calibro 9,0,Italy,"Hello Records, Hello Records","HR 1028, LP 1038",Vinyl / LP | Album / Gatefold,"Folk, World, & Country",Canzone Napoletana,Napoletani,https://www.discogs.com/release/12040033-Pino-Mauro-Calibro-9,Aldo Fiorini | Enzo Di Domenico,Aldo Fiorini [Written-By] | Enzo Di Domenico [Written-By],
Pino Mauro,'O Delinquente,B6,,Calibro 9,0,Italy,"Hello Records, Hello Records","HR 1028, LP 1038",Vinyl / LP | Album / Gatefold,"Folk, World, & Country",Canzone Napoletana,Napoletani,https://www.discogs.com/release/12040033-Pino-Mauro-Calibro-9,Antonio Rispoli | Enzo Di Domenico,Antonio Rispoli [Written-By] | Enzo Di Domenico [Written-By],
Enzo Romagnoli,Canzona 'Mbriaca,A1,,Enzo Romagnoli,1974,Italy,Junghans,SSG 10015,Vinyl / LP | Album,"Folk, World, & Country",Canzone Napoletana,Napoletani,https://www.discogs.com/release/30352229-Enzo-Romagnoli-Enzo-Romagnoli,,,
Enzo Romagnoli,'O Meglio Amico,A2,,Enzo Romagnoli,1974,Italy,Junghans,SSG 10015,Vinyl / LP | Album,"Folk, World, & Country",Canzone Napoletana,Napoletani,https://www.discogs.com/release/30352229-Enzo-Romagnoli-Enzo-Romagnoli,,,
Enzo Romagnoli,Aniello 'A Fede,A3,,Enzo Romagnoli,1974,Italy,Junghans,SSG 10015,Vinyl / LP | Album,"Folk, World, & Country",Canzone Napoletana,Napoletani,https://www.discogs.com/release/30352229-Enzo-Romagnoli-Enzo-Romagnoli,,,
Enzo Romagnoli,'O Cuppe' D' 'A Morte,A4,,Enzo Romagnoli,1974,Italy,Junghans,SSG 10015,Vinyl / LP | Album,"Folk, World, & Country",Canzone Napoletana,Napoletani,https://www.discogs.com/release/30352229-Enzo-Romagnoli-Enzo-Romagnoli,,,
Enzo Romagnoli,Bellavista,A5,,Enzo Romagnoli,1974,Italy,Junghans,SSG 10015,Vinyl / LP | Album,"Folk, World, & Country",Canzone Napoletana,Napoletani,https://www.discogs.com/release/30352229-Enzo-Romagnoli-Enzo-Romagnoli,,,
Enzo Romagnoli,Amici Cari,A6,,Enzo Romagnoli,1974,Italy,Junghans,SSG 10015,Vinyl / LP | Album,"Folk, World, & Country",Canzone Napoletana,Napoletani,https://www.discogs.com/release/30352229-Enzo-Romagnoli-Enzo-Romagnoli,,,
Enzo Romagnoli,Zappatore,B1,,Enzo Romagnoli,1974,Italy,Junghans,SSG 10015,Vinyl / LP | Album,"Folk, World, & Country",Canzone Napoletana,Napoletani,https://www.discogs.com/release/30352229-Enzo-Romagnoli-Enzo-Romagnoli,,,
Enzo Romagnoli,Serenata Smargiassa,B2,,Enzo Romagnoli,1974,Italy,Junghans,SSG 10015,Vinyl / LP | Album,"Folk, World, & Country",Canzone Napoletana,Napoletani,https://www.discogs.com/release/30352229-Enzo-Romagnoli-Enzo-Romagnoli,,,
Enzo Romagnoli,Sienteme Figlio,B3,,Enzo Romagnoli,1974,Italy,Junghans,SSG 10015,Vinyl / LP | Album,"Folk, World, & Country",Canzone Napoletana,Napoletani,https://www.discogs.com/release/30352229-Enzo-Romagnoli-Enzo-Romagnoli,,,
Enzo Romagnoli,Comico Da Salotto,B4,,Enzo Romagnoli,1974,Italy,Junghans,SSG 10015,Vinyl / LP | Album,"Folk, World, & Country",Canzone Napoletana,Napoletani,https://www.discogs.com/release/30352229-Enzo-Romagnoli-Enzo-Romagnoli,,,
Enzo Romagnoli,Ammore Preputente,B5,,Enzo Romagnoli,1974,Italy,Junghans,SSG 10015,Vinyl / LP | Album,"Folk, World, & Country",Canzone Napoletana,Napoletani,https://www.discogs.com/release/30352229-Enzo-Romagnoli-Enzo-Romagnoli,,,
Enzo Romagnoli,Cinematografo,B6,,Enzo Romagnoli,1974,Italy,Junghans,SSG 10015,Vinyl / LP | Album,"Folk, World, & Country",Canzone Napoletana,Napoletani,https://www.discogs.com/release/30352229-Enzo-Romagnoli-Enzo-Romagnoli,,,
Enzo Romagnoli,Questione 'E Tuocco,A1,,Enzo Romagnoli Vol. 2,1973,Italy,Junghans,SSG 10016,Vinyl / LP | Album,"Pop, Folk, World, & Country",Canzone Napoletana,Napoletani,https://www.discogs.com/release/27094425-Enzo-Romagnoli-Enzo-Romagnoli-Vol-2,E. A. Mario | Giuseppe Barra,E. A. Mario [Written-By] | Giuseppe Barra [Written-By],
Enzo Romagnoli,Scusate 'Na Preghiera,A2,,Enzo Romagnoli Vol. 2,1973,Italy,Junghans,SSG 10016,Vinyl / LP | Album,"Pop, Folk, World, & Country",Canzone Napoletana,Napoletani,https://www.discogs.com/release/27094425-Enzo-Romagnoli-Enzo-Romagnoli-Vol-2,Arturo Trusiano | Umberto Colonnese,Arturo Trusiano [Written-By] | Umberto Colonnese [Written-By],
Enzo Romagnoli,Pupazzetti,A3,,Enzo Romagnoli Vol. 2,1973,Italy,Junghans,SSG 10016,Vinyl / LP | Album,"Pop, Folk, World, & Country",Canzone Napoletana,Napoletani,https://www.discogs.com/release/27094425-Enzo-Romagnoli-Enzo-Romagnoli-Vol-2,Gigi Pisano | Giuseppe Cioffi,Gigi Pisano [Written-By] | Giuseppe Cioffi [Written-By],
Enzo Romagnoli,Figlio 'E Guappo,A4,,Enzo Romagnoli Vol. 2,1973,Italy,Junghans,SSG 10016,Vinyl / LP | Album,"Pop, Folk, World, & Country",Canzone Napoletana,Napoletani,https://www.discogs.com/release/27094425-Enzo-Romagnoli-Enzo-Romagnoli-Vol-2,Arturo Gigliati | Furio Rendine,Arturo Gigliati [Written-By] | Furio Rendine [Written-By],
Enzo Romagnoli,Povera Figlia,A5,,Enzo Romagnoli Vol. 2,1973,Italy,Junghans,SSG 10016,Vinyl / LP | Album,"Pop, Folk, World, & Country",Canzone Napoletana,Napoletani,https://www.discogs.com/release/27094425-Enzo-Romagnoli-Enzo-Romagnoli-Vol-2,Giuseppe Anepeta | Giuseppe Sacco,Giuseppe Anepeta [Written-By] | Giuseppe Sacco [Written-By],
Enzo Romagnoli,I' Voglio A Papà Mio,A6,,Enzo Romagnoli Vol. 2,1973,Italy,Junghans,SSG 10016,Vinyl / LP | Album,"Pop, Folk, World, & Country",Canzone Napoletana,Napoletani,https://www.discogs.com/release/27094425-Enzo-Romagnoli-Enzo-Romagnoli-Vol-2,Arturo Trusiano | Enzo Barile,Arturo Trusiano [Written-By] | Enzo Barile [Written-By],
Enzo Romagnoli,'O Marenaro,B1,,Enzo Romagnoli Vol. 2,1973,Italy,Junghans,SSG 10016,Vinyl / LP | Album,"Pop, Folk, World, & Country",Canzone Napoletana,Napoletani,https://www.discogs.com/release/27094425-Enzo-Romagnoli-Enzo-Romagnoli-Vol-2,Francesco Buongiovanni | Gigi Pisano,Francesco Buongiovanni [Written-By] | Gigi Pisano [Written-By],
Enzo Romagnoli,Tribbunale,B2,,Enzo Romagnoli Vol. 2,1973,Italy,Junghans,SSG 10016,Vinyl / LP | Album,"Pop, Folk, World, & Country",Canzone Napoletana,Napoletani,https://www.discogs.com/release/27094425-Enzo-Romagnoli-Enzo-Romagnoli-Vol-2,Fiorelli | Giuseppe Anepeta,Fiorelli [Written-By] | Giuseppe Anepeta [Written-By],
Enzo Romagnoli,Cecato,B3,,Enzo Romagnoli Vol. 2,1973,Italy,Junghans,SSG 10016,Vinyl / LP | Album,"Pop, Folk, World, & Country",Canzone Napoletana,Napoletani,https://www.discogs.com/release/27094425-Enzo-Romagnoli-Enzo-Romagnoli-Vol-2,Ferdinando Albano | Pacifico Vento,Ferdinando Albano [Written-By] | Pacifico Vento [Written-By],
Enzo Romagnoli,Tarantella Scugnizza,B4,,Enzo Romagnoli Vol. 2,1973,Italy,Junghans,SSG 10016,Vinyl / LP | Album,"Pop, Folk, World, & Country",Canzone Napoletana,Napoletani,https://www.discogs.com/release/27094425-Enzo-Romagnoli-Enzo-Romagnoli-Vol-2,Ferdinando Albano | Libero Bovio,Ferdinando Albano [Written-By] | Libero Bovio [Written-By],
Enzo Romagnoli,'O Schiaffo,B5,,Enzo Romagnoli Vol. 2,1973,Italy,Junghans,SSG 10016,Vinyl / LP | Album,"Pop, Folk, World, & Country",Canzone Napoletana,Napoletani,https://www.discogs.com/release/27094425-Enzo-Romagnoli-Enzo-Romagnoli-Vol-2,Ferdinando Albano | Pacifico Vento,Ferdinando Albano [Written-By] | Pacifico Vento [Written-By],
Enzo Romano,Andivina Andivina Che Re!,A1,,Napoli Voi Ed Io - Macchiette Napoletane Vol. 2,0,Italy,Kanaria,KAL 112,Vinyl / LP | Stereo,"Non-Music, Folk, World, & Country","Comedy, Canzone Napoletana",Napoletani,https://www.discogs.com/release/14391452-Enzo-Romano-Napoli-Voi-Ed-Io-Macchiette-Napoletane-Vol-2,,,
Enzo Romano,Sofia,A2,,Napoli Voi Ed Io - Macchiette Napoletane Vol. 2,0,Italy,Kanaria,KAL 112,Vinyl / LP | Stereo,"Non-Music, Folk, World, & Country","Comedy, Canzone Napoletana",Napoletani,https://www.discogs.com/release/14391452-Enzo-Romano-Napoli-Voi-Ed-Io-Macchiette-Napoletane-Vol-2,,,
Enzo Romano,'O Nammurato Riformato,A3,,Napoli Voi Ed Io - Macchiette Napoletane Vol. 2,0,Italy,Kanaria,KAL 112,Vinyl / LP | Stereo,"Non-Music, Folk, World, & Country","Comedy, Canzone Napoletana",Napoletani,https://www.discogs.com/release/14391452-Enzo-Romano-Napoli-Voi-Ed-Io-Macchiette-Napoletane-Vol-2,,,
Enzo Romano,Attenti Alle Donne,A4,,Napoli Voi Ed Io - Macchiette Napoletane Vol. 2,0,Italy,Kanaria,KAL 112,Vinyl / LP | Stereo,"Non-Music, Folk, World, & Country","Comedy, Canzone Napoletana",Napoletani,https://www.discogs.com/release/14391452-Enzo-Romano-Napoli-Voi-Ed-Io-Macchiette-Napoletane-Vol-2,,,
Enzo Romano,La Mia Beatrice,A5,,Napoli Voi Ed Io - Macchiette Napoletane Vol. 2,0,Italy,Kanaria,KAL 112,Vinyl / LP | Stereo,"Non-Music, Folk, World, & Country","Comedy, Canzone Napoletana",Napoletani,https://www.discogs.com/release/14391452-Enzo-Romano-Napoli-Voi-Ed-Io-Macchiette-Napoletane-Vol-2,,,
Enzo Romano,'A Grandezza D''E Femmene,A6,,Napoli Voi Ed Io - Macchiette Napoletane Vol. 2,0,Italy,Kanaria,KAL 112,Vinyl / LP | Stereo,"Non-Music, Folk, World, & Country","Comedy, Canzone Napoletana",Napoletani,https://www.discogs.com/release/14391452-Enzo-Romano-Napoli-Voi-Ed-Io-Macchiette-Napoletane-Vol-2,,,
Enzo Romano,Chitarra Accatarrata,B1,,Napoli Voi Ed Io - Macchiette Napoletane Vol. 2,0,Italy,Kanaria,KAL 112,Vinyl / LP | Stereo,"Non-Music, Folk, World, & Country","Comedy, Canzone Napoletana",Napoletani,https://www.discogs.com/release/14391452-Enzo-Romano-Napoli-Voi-Ed-Io-Macchiette-Napoletane-Vol-2,,,
Enzo Romano,'E Allora,B2,,Napoli Voi Ed Io - Macchiette Napoletane Vol. 2,0,Italy,Kanaria,KAL 112,Vinyl / LP | Stereo,"Non-Music, Folk, World, & Country","Comedy, Canzone Napoletana",Napoletani,https://www.discogs.com/release/14391452-Enzo-Romano-Napoli-Voi-Ed-Io-Macchiette-Napoletane-Vol-2,,,
Enzo Romano,'O Sicariello E 'A Caccavella,B3,,Napoli Voi Ed Io - Macchiette Napoletane Vol. 2,0,Italy,Kanaria,KAL 112,Vinyl / LP | Stereo,"Non-Music, Folk, World, & Country","Comedy, Canzone Napoletana",Napoletani,https://www.discogs.com/release/14391452-Enzo-Romano-Napoli-Voi-Ed-Io-Macchiette-Napoletane-Vol-2,,,
Enzo Romano,La Panse',B4,,Napoli Voi Ed Io - Macchiette Napoletane Vol. 2,0,Italy,Kanaria,KAL 112,Vinyl / LP | Stereo,"Non-Music, Folk, World, & Country","Comedy, Canzone Napoletana",Napoletani,https://www.discogs.com/release/14391452-Enzo-Romano-Napoli-Voi-Ed-Io-Macchiette-Napoletane-Vol-2,,,
Enzo Romano,Chelle 'E Rinte E Chelle 'E Fora,B5,,Napoli Voi Ed Io - Macchiette Napoletane Vol. 2,0,Italy,Kanaria,KAL 112,Vinyl / LP | Stereo,"Non-Music, Folk, World, & Country","Comedy, Canzone Napoletana",Napoletani,https://www.discogs.com/release/14391452-Enzo-Romano-Napoli-Voi-Ed-Io-Macchiette-Napoletane-Vol-2,,,
Enzo Romano,Iva,B6,,Napoli Voi Ed Io - Macchiette Napoletane Vol. 2,0,Italy,Kanaria,KAL 112,Vinyl / LP | Stereo,"Non-Music, Folk, World, & Country","Comedy, Canzone Napoletana",Napoletani,https://www.discogs.com/release/14391452-Enzo-Romano-Napoli-Voi-Ed-Io-Macchiette-Napoletane-Vol-2,,,
Nino Fiore,'O Paese D'O Sole,A1 ,,Napoli Eterna Melodia Vol. II°,1967,Italy,KappaO,SCT 30003,Vinyl / LP,"Folk, World, & Country",Canzone Napoletana,Napoletani,https://www.discogs.com/release/8698226-Nino-Fiore-Napoli-Eterna-Melodia-Vol-II,,,
Nino Fiore,Sona Chitarra,A2,,Napoli Eterna Melodia Vol. II°,1967,Italy,KappaO,SCT 30003,Vinyl / LP,"Folk, World, & Country",Canzone Napoletana,Napoletani,https://www.discogs.com/release/8698226-Nino-Fiore-Napoli-Eterna-Melodia-Vol-II,,,
Nino Fiore,Guapparia,A3,,Napoli Eterna Melodia Vol. II°,1967,Italy,KappaO,SCT 30003,Vinyl / LP,"Folk, World, & Country",Canzone Napoletana,Napoletani,https://www.discogs.com/release/8698226-Nino-Fiore-Napoli-Eterna-Melodia-Vol-II,,,
Nino Fiore,Canzona Appassiunata,A4,,Napoli Eterna Melodia Vol. II°,1967,Italy,KappaO,SCT 30003,Vinyl / LP,"Folk, World, & Country",Canzone Napoletana,Napoletani,https://www.discogs.com/release/8698226-Nino-Fiore-Napoli-Eterna-Melodia-Vol-II,,,
Nino Fiore,Mandulinata A Surriento,A5,,Napoli Eterna Melodia Vol. II°,1967,Italy,KappaO,SCT 30003,Vinyl / LP,"Folk, World, & Country",Canzone Napoletana,Napoletani,https://www.discogs.com/release/8698226-Nino-Fiore-Napoli-Eterna-Melodia-Vol-II,,,
Nino Fiore,Miez' 'O Grano,A6,,Napoli Eterna Melodia Vol. II°,1967,Italy,KappaO,SCT 30003,Vinyl / LP,"Folk, World, & Country",Canzone Napoletana,Napoletani,https://www.discogs.com/release/8698226-Nino-Fiore-Napoli-Eterna-Melodia-Vol-II,,,
Nino Fiore,Qui Fu Napoli,A7,,Napoli Eterna Melodia Vol. II°,1967,Italy,KappaO,SCT 30003,Vinyl / LP,"Folk, World, & Country",Canzone Napoletana,Napoletani,https://www.discogs.com/release/8698226-Nino-Fiore-Napoli-Eterna-Melodia-Vol-II,,,
Nino Fiore,'E Duie Paravise,B1,,Napoli Eterna Melodia Vol. II°,1967,Italy,KappaO,SCT 30003,Vinyl / LP,"Folk, World, & Country",Canzone Napoletana,Napoletani,https://www.discogs.com/release/8698226-Nino-Fiore-Napoli-Eterna-Melodia-Vol-II,,,
Nino Fiore,'O Zampugnaro Innammurato,B2,,Napoli Eterna Melodia Vol. II°,1967,Italy,KappaO,SCT 30003,Vinyl / LP,"Folk, World, & Country",Canzone Napoletana,Napoletani,https://www.discogs.com/release/8698226-Nino-Fiore-Napoli-Eterna-Melodia-Vol-II,,,
Nino Fiore,Tarantella De Vase,B3,,Napoli Eterna Melodia Vol. II°,1967,Italy,KappaO,SCT 30003,Vinyl / LP,"Folk, World, & Country",Canzone Napoletana,Napoletani,https://www.discogs.com/release/8698226-Nino-Fiore-Napoli-Eterna-Melodia-Vol-II,,,
Nino Fiore,'Na Sera 'E Maggio,B4,,Napoli Eterna Melodia Vol. II°,1967,Italy,KappaO,SCT 30003,Vinyl / LP,"Folk, World, & Country",Canzone Napoletana,Napoletani,https://www.discogs.com/release/8698226-Nino-Fiore-Napoli-Eterna-Melodia-Vol-II,,,
Nino Fiore,'O Mare Canta,B5,,Napoli Eterna Melodia Vol. II°,1967,Italy,KappaO,SCT 30003,Vinyl / LP,"Folk, World, & Country",Canzone Napoletana,Napoletani,https://www.discogs.com/release/8698226-Nino-Fiore-Napoli-Eterna-Melodia-Vol-II,,,
Nino Fiore,Tutta Pe' Me,B6,,Napoli Eterna Melodia Vol. II°,1967,Italy,KappaO,SCT 30003,Vinyl / LP,"Folk, World, & Country",Canzone Napoletana,Napoletani,https://www.discogs.com/release/8698226-Nino-Fiore-Napoli-Eterna-Melodia-Vol-II,,,
Nino Fiore,Tarantella Luciana,B7,,Napoli Eterna Melodia Vol. II°,1967,Italy,KappaO,SCT 30003,Vinyl / LP,"Folk, World, & Country",Canzone Napoletana,Napoletani,https://www.discogs.com/release/8698226-Nino-Fiore-Napoli-Eterna-Melodia-Vol-II,,,
Mimmo Taurino,Oggi E' Festa,A1,3:00,Oggi E' Festa,1984,Italy,M.E.A. Sud,BMLP 559,Vinyl / LP | Album | Stereo,"Electronic, Folk, World, & Country",Canzone Napoletana,Napoletani,https://www.discogs.com/release/14732584-Mimmo-Taurino-Oggi-E-Festa,,,
Mimmo Taurino,'O Bene Tuoie,A2,4:15,Oggi E' Festa,1984,Italy,M.E.A. Sud,BMLP 559,Vinyl / LP | Album | Stereo,"Electronic, Folk, World, & Country",Canzone Napoletana,Napoletani,https://www.discogs.com/release/14732584-Mimmo-Taurino-Oggi-E-Festa,,Emanuela Piccolo [Featuring],
Mimmo Taurino,Aggio Bisogno 'E Te',A3,4:00,Oggi E' Festa,1984,Italy,M.E.A. Sud,BMLP 559,Vinyl / LP | Album | Stereo,"Electronic, Folk, World, & Country",Canzone Napoletana,Napoletani,https://www.discogs.com/release/14732584-Mimmo-Taurino-Oggi-E-Festa,,,
Mimmo Taurino,'N'Ammore Accussi',A4,3:10,Oggi E' Festa,1984,Italy,M.E.A. Sud,BMLP 559,Vinyl / LP | Album | Stereo,"Electronic, Folk, World, & Country",Canzone Napoletana,Napoletani,https://www.discogs.com/release/14732584-Mimmo-Taurino-Oggi-E-Festa,,,
Mimmo Taurino,'Na Rosa E 'Na Canzone,A5,3:00,Oggi E' Festa,1984,Italy,M.E.A. Sud,BMLP 559,Vinyl / LP | Album | Stereo,"Electronic, Folk, World, & Country",Canzone Napoletana,Napoletani,https://www.discogs.com/release/14732584-Mimmo-Taurino-Oggi-E-Festa,,,
Mimmo Taurino,'A Cartulina,B1,4:00,Oggi E' Festa,1984,Italy,M.E.A. Sud,BMLP 559,Vinyl / LP | Album | Stereo,"Electronic, Folk, World, & Country",Canzone Napoletana,Napoletani,https://www.discogs.com/release/14732584-Mimmo-Taurino-Oggi-E-Festa,,,
Mimmo Taurino,Attrazione,B2,2:24,Oggi E' Festa,1984,Italy,M.E.A. Sud,BMLP 559,Vinyl / LP | Album | Stereo,"Electronic, Folk, World, & Country",Canzone Napoletana,Napoletani,https://www.discogs.com/release/14732584-Mimmo-Taurino-Oggi-E-Festa,,,
Mimmo Taurino,'A Pupata,B3,2:58,Oggi E' Festa,1984,Italy,M.E.A. Sud,BMLP 559,Vinyl / LP | Album | Stereo,"Electronic, Folk, World, & Country",Canzone Napoletana,Napoletani,https://www.discogs.com/release/14732584-Mimmo-Taurino-Oggi-E-Festa,,,
Mimmo Taurino,'N'Ombra 'E Felicità,B4,3:10,Oggi E' Festa,1984,Italy,M.E.A. Sud,BMLP 559,Vinyl / LP | Album | Stereo,"Electronic, Folk, World, & Country",Canzone Napoletana,Napoletani,https://www.discogs.com/release/14732584-Mimmo-Taurino-Oggi-E-Festa,,,
Mimmo Taurino,Tu Si 'O Massimo,B5,5:05,Oggi E' Festa,1984,Italy,M.E.A. Sud,BMLP 559,Vinyl / LP | Album | Stereo,"Electronic, Folk, World, & Country",Canzone Napoletana,Napoletani,https://www.discogs.com/release/14732584-Mimmo-Taurino-Oggi-E-Festa,,,
"Lello Olmo, I Cantori Di S. Bruni",Che Lle Conto,1,4:03,Filumè,1992,Italy,"M.E.A. Sud, M.E.A. Sud","CD 309, MEA CD 309",CD / Album,"Folk, World, & Country",Canzone Napoletana,Napoletani,https://www.discogs.com/release/37141824-Lello-Olmo-I-Cantori-Di-Sergio-Bruni-Filumè,,,
"Lello Olmo, I Cantori Di S. Bruni",Palcuscenico,2,3:18,Filumè,1992,Italy,"M.E.A. Sud, M.E.A. Sud","CD 309, MEA CD 309",CD / Album,"Folk, World, & Country",Canzone Napoletana,Napoletani,https://www.discogs.com/release/37141824-Lello-Olmo-I-Cantori-Di-Sergio-Bruni-Filumè,,,
"Lello Olmo, I Cantori Di S. Bruni",Amaro E' 'O Bene,3,4:12,Filumè,1992,Italy,"M.E.A. Sud, M.E.A. Sud","CD 309, MEA CD 309",CD / Album,"Folk, World, & Country",Canzone Napoletana,Napoletani,https://www.discogs.com/release/37141824-Lello-Olmo-I-Cantori-Di-Sergio-Bruni-Filumè,,,
"Lello Olmo, I Cantori Di S. Bruni",Dduje Paravise,4,3:15,Filumè,1992,Italy,"M.E.A. Sud, M.E.A. Sud","CD 309, MEA CD 309",CD / Album,"Folk, World, & Country",Canzone Napoletana,Napoletani,https://www.discogs.com/release/37141824-Lello-Olmo-I-Cantori-Di-Sergio-Bruni-Filumè,,,
"Lello Olmo, I Cantori Di S. Bruni",Filumena,5,4:31,Filumè,1992,Italy,"M.E.A. Sud, M.E.A. Sud","CD 309, MEA CD 309",CD / Album,"Folk, World, & Country",Canzone Napoletana,Napoletani,https://www.discogs.com/release/37141824-Lello-Olmo-I-Cantori-Di-Sergio-Bruni-Filumè,,,
"Lello Olmo, I Cantori Di S. Bruni",Bandiera Bianca,6,2:25,Filumè,1992,Italy,"M.E.A. Sud, M.E.A. Sud","CD 309, MEA CD 309",CD / Album,"Folk, World, & Country",Canzone Napoletana,Napoletani,https://www.discogs.com/release/37141824-Lello-Olmo-I-Cantori-Di-Sergio-Bruni-Filumè,,,
"Lello Olmo, I Cantori Di S. Bruni",Luna Gelosa,7,2:31,Filumè,1992,Italy,"M.E.A. Sud, M.E.A. Sud","CD 309, MEA CD 309",CD / Album,"Folk, World, & Country",Canzone Napoletana,Napoletani,https://www.discogs.com/release/37141824-Lello-Olmo-I-Cantori-Di-Sergio-Bruni-Filumè,,,
"Lello Olmo, I Cantori Di S. Bruni",Nun Me Scetà,8,4:10,Filumè,1992,Italy,"M.E.A. Sud, M.E.A. Sud","CD 309, MEA CD 309",CD / Album,"Folk, World, & Country",Canzone Napoletana,Napoletani,https://www.discogs.com/release/37141824-Lello-Olmo-I-Cantori-Di-Sergio-Bruni-Filumè,,,
"Lello Olmo, I Cantori Di S. Bruni","Mare, Mare, Mare",9,3:30,Filumè,1992,Italy,"M.E.A. Sud, M.E.A. Sud","CD 309, MEA CD 309",CD / Album,"Folk, World, & Country",Canzone Napoletana,Napoletani,https://www.discogs.com/release/37141824-Lello-Olmo-I-Cantori-Di-Sergio-Bruni-Filumè,,,
"Lello Olmo, I Cantori Di S. Bruni",Furturella,10,2:40,Filumè,1992,Italy,"M.E.A. Sud, M.E.A. Sud","CD 309, MEA CD 309",CD / Album,"Folk, World, & Country",Canzone Napoletana,Napoletani,https://www.discogs.com/release/37141824-Lello-Olmo-I-Cantori-Di-Sergio-Bruni-Filumè,,,
"Lello Olmo, I Cantori Di S. Bruni",Scriveme,11,3:46,Filumè,1992,Italy,"M.E.A. Sud, M.E.A. Sud","CD 309, MEA CD 309",CD / Album,"Folk, World, & Country",Canzone Napoletana,Napoletani,https://www.discogs.com/release/37141824-Lello-Olmo-I-Cantori-Di-Sergio-Bruni-Filumè,,,
"Lello Olmo, I Cantori Di S. Bruni",Maliziusella,12,2:38,Filumè,1992,Italy,"M.E.A. Sud, M.E.A. Sud","CD 309, MEA CD 309",CD / Album,"Folk, World, & Country",Canzone Napoletana,Napoletani,https://www.discogs.com/release/37141824-Lello-Olmo-I-Cantori-Di-Sergio-Bruni-Filumè,,,
"Lello Olmo, I Cantori Di S. Bruni",Mare Verde,13,4:56,Filumè,1992,Italy,"M.E.A. Sud, M.E.A. Sud","CD 309, MEA CD 309",CD / Album,"Folk, World, & Country",Canzone Napoletana,Napoletani,https://www.discogs.com/release/37141824-Lello-Olmo-I-Cantori-Di-Sergio-Bruni-Filumè,,,
"Lello Olmo, I Cantori Di S. Bruni",Giacca Rossa,14,3:17,Filumè,1992,Italy,"M.E.A. Sud, M.E.A. Sud","CD 309, MEA CD 309",CD / Album,"Folk, World, & Country",Canzone Napoletana,Napoletani,https://www.discogs.com/release/37141824-Lello-Olmo-I-Cantori-Di-Sergio-Bruni-Filumè,,,
"Lello Olmo, I Cantori Di S. Bruni",'O Nido D'Oro,15,2:00,Filumè,1992,Italy,"M.E.A. Sud, M.E.A. Sud","CD 309, MEA CD 309",CD / Album,"Folk, World, & Country",Canzone Napoletana,Napoletani,https://www.discogs.com/release/37141824-Lello-Olmo-I-Cantori-Di-Sergio-Bruni-Filumè,,,
"Lello Olmo, I Cantori Di S. Bruni",Indifferentemente,16,4:32,Filumè,1992,Italy,"M.E.A. Sud, M.E.A. Sud","CD 309, MEA CD 309",CD / Album,"Folk, World, & Country",Canzone Napoletana,Napoletani,https://www.discogs.com/release/37141824-Lello-Olmo-I-Cantori-Di-Sergio-Bruni-Filumè,,,
"Lello Olmo, I Cantori Di S. Bruni",Si Venesse A Chiovere,17,,Filumè,1992,Italy,"M.E.A. Sud, M.E.A. Sud","CD 309, MEA CD 309",CD / Album,"Folk, World, & Country",Canzone Napoletana,Napoletani,https://www.discogs.com/release/37141824-Lello-Olmo-I-Cantori-Di-Sergio-Bruni-Filumè,,,
"Lello Olmo, I Cantori Di S. Bruni",Michelemmà,18,2:24,Filumè,1992,Italy,"M.E.A. Sud, M.E.A. Sud","CD 309, MEA CD 309",CD / Album,"Folk, World, & Country",Canzone Napoletana,Napoletani,https://www.discogs.com/release/37141824-Lello-Olmo-I-Cantori-Di-Sergio-Bruni-Filumè,,,
Gigione,O' Monaco S''A Pazzea,A1,,'O Monaco,1989,Italy,MEA Sound,VLP 661,Vinyl / LP | Album | Stereo,"Electronic, Folk, World, & Country","Canzone Napoletana, Italodance",Napoletani,https://www.discogs.com/release/8380515-Gigione-O-Monaco,Gigione,Gigione [Written-By],
Gigione,'A Figlia 'E Zi' Cuncetta,A2,,'O Monaco,1989,Italy,MEA Sound,VLP 661,Vinyl / LP | Album | Stereo,"Electronic, Folk, World, & Country","Canzone Napoletana, Italodance",Napoletani,https://www.discogs.com/release/8380515-Gigione-O-Monaco,Gigione,Gigione [Written-By],
Gigione,Sott 'O Piumone,A3,,'O Monaco,1989,Italy,MEA Sound,VLP 661,Vinyl / LP | Album | Stereo,"Electronic, Folk, World, & Country","Canzone Napoletana, Italodance",Napoletani,https://www.discogs.com/release/8380515-Gigione-O-Monaco,Franco Percopo | Gigione,Franco Percopo [Written-By] | Gigione [Written-By],
Gigione,Sotte E N'Coppe (Lambada) ,A4,,'O Monaco,1989,Italy,MEA Sound,VLP 661,Vinyl / LP | Album | Stereo,"Electronic, Folk, World, & Country","Canzone Napoletana, Italodance",Napoletani,https://www.discogs.com/release/8380515-Gigione-O-Monaco,Chico De Oliveira,Chico De Oliveira [Written-By],
Gigione,Amerò Per Sempre Te,B1,,'O Monaco,1989,Italy,MEA Sound,VLP 661,Vinyl / LP | Album | Stereo,"Electronic, Folk, World, & Country","Canzone Napoletana, Italodance",Napoletani,https://www.discogs.com/release/8380515-Gigione-O-Monaco,Franco D'Auria | Gigione | Jorge Salan,Franco D'Auria [Written-By] | Gigione [Written-By] | Jorge Salan [Written-By],
Gigione,Valentina,B2,,'O Monaco,1989,Italy,MEA Sound,VLP 661,Vinyl / LP | Album | Stereo,"Electronic, Folk, World, & Country","Canzone Napoletana, Italodance",Napoletani,https://www.discogs.com/release/8380515-Gigione-O-Monaco,Gigione,Gigione [Written-By],
Gigione,Ti Porterò A Ballare,B3,,'O Monaco,1989,Italy,MEA Sound,VLP 661,Vinyl / LP | Album | Stereo,"Electronic, Folk, World, & Country","Canzone Napoletana, Italodance",Napoletani,https://www.discogs.com/release/8380515-Gigione-O-Monaco,Gigione,Gigione [Written-By],
Gigione,Tu Tiene A Capa Fresca,B4,,'O Monaco,1989,Italy,MEA Sound,VLP 661,Vinyl / LP | Album | Stereo,"Electronic, Folk, World, & Country","Canzone Napoletana, Italodance",Napoletani,https://www.discogs.com/release/8380515-Gigione-O-Monaco,Franco D'Auria | Franco Percopo | Gigione,Franco D'Auria [Written-By] | Franco Percopo [Written-By] | Gigione [Written-By],
Gigione,O' Monaco S''A Pazzea,A1,,'O Monaco,1989,Italy,MEA Sound,VLP 661,Vinyl / LP | Album | Stereo,"Electronic, Folk, World, & Country","Canzone Napoletana, Italodance",Napoletani,https://www.discogs.com/release/8380515-Gigione-O-Monaco,Gigione,Gigione [Written-By],
Gigione,'A Figlia 'E Zi' Cuncetta,A2,,'O Monaco,1989,Italy,MEA Sound,VLP 661,Vinyl / LP | Album | Stereo,"Electronic, Folk, World, & Country","Canzone Napoletana, Italodance",Napoletani,https://www.discogs.com/release/8380515-Gigione-O-Monaco,Gigione,Gigione [Written-By],
Gigione,Sott 'O Piumone,A3,,'O Monaco,1989,Italy,MEA Sound,VLP 661,Vinyl / LP | Album | Stereo,"Electronic, Folk, World, & Country","Canzone Napoletana, Italodance",Napoletani,https://www.discogs.com/release/8380515-Gigione-O-Monaco,Franco Percopo | Gigione,Franco Percopo [Written-By] | Gigione [Written-By],
Gigione,Sotte E N'Coppe (Lambada) ,A4,,'O Monaco,1989,Italy,MEA Sound,VLP 661,Vinyl / LP | Album | Stereo,"Electronic, Folk, World, & Country","Canzone Napoletana, Italodance",Napoletani,https://www.discogs.com/release/8380515-Gigione-O-Monaco,Chico De Oliveira,Chico De Oliveira [Written-By],
Gigione,Amerò Per Sempre Te,B1,,'O Monaco,1989,Italy,MEA Sound,VLP 661,Vinyl / LP | Album | Stereo,"Electronic, Folk, World, & Country","Canzone Napoletana, Italodance",Napoletani,https://www.discogs.com/release/8380515-Gigione-O-Monaco,Franco D'Auria | Gigione | Jorge Salan,Franco D'Auria [Written-By] | Gigione [Written-By] | Jorge Salan [Written-By],
Gigione,Valentina,B2,,'O Monaco,1989,Italy,MEA Sound,VLP 661,Vinyl / LP | Album | Stereo,"Electronic, Folk, World, & Country","Canzone Napoletana, Italodance",Napoletani,https://www.discogs.com/release/8380515-Gigione-O-Monaco,Gigione,Gigione [Written-By],
Gigione,Ti Porterò A Ballare,B3,,'O Monaco,1989,Italy,MEA Sound,VLP 661,Vinyl / LP | Album | Stereo,"Electronic, Folk, World, & Country","Canzone Napoletana, Italodance",Napoletani,https://www.discogs.com/release/8380515-Gigione-O-Monaco,Gigione,Gigione [Written-By],
Gigione,Tu Tiene A Capa Fresca,B4,,'O Monaco,1989,Italy,MEA Sound,VLP 661,Vinyl / LP | Album | Stereo,"Electronic, Folk, World, & Country","Canzone Napoletana, Italodance",Napoletani,https://www.discogs.com/release/8380515-Gigione-O-Monaco,Franco D'Auria | Franco Percopo | Gigione,Franco D'Auria [Written-By] | Franco Percopo [Written-By] | Gigione [Written-By],
Joe Molino,'E Guagliuncielle Napulitane,A1,,'E Guagliuncielle Napulitane,0,Italy,MS Record (3),MS 3301,Vinyl / LP,"Funk / Soul, Folk, World, & Country",,Napoletani,https://www.discogs.com/release/14873963-Joe-Molino-E-Guagliuncielle-Napulitane,Joe Molino,Joe Molino [Written-By],
Joe Molino,Selvaggia E 'Nnucente,A2,,'E Guagliuncielle Napulitane,0,Italy,MS Record (3),MS 3301,Vinyl / LP,"Funk / Soul, Folk, World, & Country",,Napoletani,https://www.discogs.com/release/14873963-Joe-Molino-E-Guagliuncielle-Napulitane,Francesco Colucci | Gennaro Nani | Gennaro Ricci,Francesco Colucci [Written-By] | Gennaro Nani [Written-By] | Gennaro Ricci [Written-By],
Joe Molino,Rosaria,A3,,'E Guagliuncielle Napulitane,0,Italy,MS Record (3),MS 3301,Vinyl / LP,"Funk / Soul, Folk, World, & Country",,Napoletani,https://www.discogs.com/release/14873963-Joe-Molino-E-Guagliuncielle-Napulitane,Joe Molino,Joe Molino [Written-By],
Joe Molino,Bella E Carnale,A4,,'E Guagliuncielle Napulitane,0,Italy,MS Record (3),MS 3301,Vinyl / LP,"Funk / Soul, Folk, World, & Country",,Napoletani,https://www.discogs.com/release/14873963-Joe-Molino-E-Guagliuncielle-Napulitane,Joe Molino,Joe Molino [Written-By],
Joe Molino,Besame Mucho,A5,,'E Guagliuncielle Napulitane,0,Italy,MS Record (3),MS 3301,Vinyl / LP,"Funk / Soul, Folk, World, & Country",,Napoletani,https://www.discogs.com/release/14873963-Joe-Molino-E-Guagliuncielle-Napulitane,Consuelo Velazquez | Sunny Skylar,Consuelo Velazquez [Written-By] | Sunny Skylar [Written-By],
Joe Molino,Sacrificio 'E Pate,B1,,'E Guagliuncielle Napulitane,0,Italy,MS Record (3),MS 3301,Vinyl / LP,"Funk / Soul, Folk, World, & Country",,Napoletani,https://www.discogs.com/release/14873963-Joe-Molino-E-Guagliuncielle-Napulitane,Nino Starace,Nino Starace [Written-By],
Joe Molino,Evviva Gli Sposi,B2,,'E Guagliuncielle Napulitane,0,Italy,MS Record (3),MS 3301,Vinyl / LP,"Funk / Soul, Folk, World, & Country",,Napoletani,https://www.discogs.com/release/14873963-Joe-Molino-E-Guagliuncielle-Napulitane,Francesco Colucci | Gennaro Nani | Gennaro Ricci,Francesco Colucci [Written-By] | Gennaro Nani [Written-By] | Gennaro Ricci [Written-By],
Joe Molino,Tu Si' L'Ammore Mio,B3,,'E Guagliuncielle Napulitane,0,Italy,MS Record (3),MS 3301,Vinyl / LP,"Funk / Soul, Folk, World, & Country",,Napoletani,https://www.discogs.com/release/14873963-Joe-Molino-E-Guagliuncielle-Napulitane,Joe Molino,Joe Molino [Written-By],
Joe Molino,Si' Nata Pe' Sbaglia',B4,,'E Guagliuncielle Napulitane,0,Italy,MS Record (3),MS 3301,Vinyl / LP,"Funk / Soul, Folk, World, & Country",,Napoletani,https://www.discogs.com/release/14873963-Joe-Molino-E-Guagliuncielle-Napulitane,Joe Molino,Joe Molino [Written-By],
Joe Molino,Ritorno A V' Abbraccia',B5,,'E Guagliuncielle Napulitane,0,Italy,MS Record (3),MS 3301,Vinyl / LP,"Funk / Soul, Folk, World, & Country",,Napoletani,https://www.discogs.com/release/14873963-Joe-Molino-E-Guagliuncielle-Napulitane,Francesco Colucci | Gennaro Nani | Gennaro Ricci,Francesco Colucci [Written-By] | Gennaro Nani [Written-By] | Gennaro Ricci [Written-By],
Mario De Angelis,Santa Lucia Luntana,A1,,Mandolini A Napoli,1973,Italy,Music Parade Cetra,LEL 127,Vinyl / LP | Album | Reissue,"Folk, World, & Country",,Napoletani,https://www.discogs.com/release/5512407-Mario-De-Angelis-Mandolini-A-Napoli,,,
Mario De Angelis,I'Te Vurria Vasa',A2,,Mandolini A Napoli,1973,Italy,Music Parade Cetra,LEL 127,Vinyl / LP | Album | Reissue,"Folk, World, & Country",,Napoletani,https://www.discogs.com/release/5512407-Mario-De-Angelis-Mandolini-A-Napoli,,,
Mario De Angelis,'O Sole Mio,A3,,Mandolini A Napoli,1973,Italy,Music Parade Cetra,LEL 127,Vinyl / LP | Album | Reissue,"Folk, World, & Country",,Napoletani,https://www.discogs.com/release/5512407-Mario-De-Angelis-Mandolini-A-Napoli,,,
Mario De Angelis,Dduje Paravise,A4,,Mandolini A Napoli,1973,Italy,Music Parade Cetra,LEL 127,Vinyl / LP | Album | Reissue,"Folk, World, & Country",,Napoletani,https://www.discogs.com/release/5512407-Mario-De-Angelis-Mandolini-A-Napoli,,,
Mario De Angelis,Torna A Surriento,A5,,Mandolini A Napoli,1973,Italy,Music Parade Cetra,LEL 127,Vinyl / LP | Album | Reissue,"Folk, World, & Country",,Napoletani,https://www.discogs.com/release/5512407-Mario-De-Angelis-Mandolini-A-Napoli,,,
Mario De Angelis,Comme Facette Mammeta?,A6,,Mandolini A Napoli,1973,Italy,Music Parade Cetra,LEL 127,Vinyl / LP | Album | Reissue,"Folk, World, & Country",,Napoletani,https://www.discogs.com/release/5512407-Mario-De-Angelis-Mandolini-A-Napoli,,,
Mario De Angelis,Napule Canta,B1,,Mandolini A Napoli,1973,Italy,Music Parade Cetra,LEL 127,Vinyl / LP | Album | Reissue,"Folk, World, & Country",,Napoletani,https://www.discogs.com/release/5512407-Mario-De-Angelis-Mandolini-A-Napoli,,,
Mario De Angelis,'O Marenariello,B2,,Mandolini A Napoli,1973,Italy,Music Parade Cetra,LEL 127,Vinyl / LP | Album | Reissue,"Folk, World, & Country",,Napoletani,https://www.discogs.com/release/5512407-Mario-De-Angelis-Mandolini-A-Napoli,,,
Mario De Angelis,Voce 'E Notte,B3,,Mandolini A Napoli,1973,Italy,Music Parade Cetra,LEL 127,Vinyl / LP | Album | Reissue,"Folk, World, & Country",,Napoletani,https://www.discogs.com/release/5512407-Mario-De-Angelis-Mandolini-A-Napoli,,,
Mario De Angelis,Era De Maggio,B4,,Mandolini A Napoli,1973,Italy,Music Parade Cetra,LEL 127,Vinyl / LP | Album | Reissue,"Folk, World, & Country",,Napoletani,https://www.discogs.com/release/5512407-Mario-De-Angelis-Mandolini-A-Napoli,,,
Mario De Angelis,Piscatore 'E Pusilleco,B5,,Mandolini A Napoli,1973,Italy,Music Parade Cetra,LEL 127,Vinyl / LP | Album | Reissue,"Folk, World, & Country",,Napoletani,https://www.discogs.com/release/5512407-Mario-De-Angelis-Mandolini-A-Napoli,,,
Mario De Angelis,'E Quatt' 'E Maggio,B6,,Mandolini A Napoli,1973,Italy,Music Parade Cetra,LEL 127,Vinyl / LP | Album | Reissue,"Folk, World, & Country",,Napoletani,https://www.discogs.com/release/5512407-Mario-De-Angelis-Mandolini-A-Napoli,,,
Claudio Villa,Anema E Core,A1,3:33,Tutta Napoli,1972,Italy,Music Parade Cetra,LEL 23,Vinyl / LP | Compilation | Stereo,"Pop, Folk, World, & Country","Vocal, Canzone Napoletana",Napoletani,https://www.discogs.com/release/5000521-Claudio-Villa-Tutta-Napoli,Salvatore D'Esposito | Tito Manlio,Marcello De Martino [Conductor [Orchestra]] | Salvatore D'Esposito [Written-By] | Tito Manlio [Written-By],
Claudio Villa,Mandulinata A Sera,A2,2:45,Tutta Napoli,1972,Italy,Music Parade Cetra,LEL 23,Vinyl / LP | Compilation | Stereo,"Pop, Folk, World, & Country","Vocal, Canzone Napoletana",Napoletani,https://www.discogs.com/release/5000521-Claudio-Villa-Tutta-Napoli,Tito Manlio | Virgilio Panzuti,Marcello De Martino [Conductor [Orchestra]] | Tito Manlio [Written-By] | Virgilio Panzuti [Written-By],
Claudio Villa,Passione,A3,2:36,Tutta Napoli,1972,Italy,Music Parade Cetra,LEL 23,Vinyl / LP | Compilation | Stereo,"Pop, Folk, World, & Country","Vocal, Canzone Napoletana",Napoletani,https://www.discogs.com/release/5000521-Claudio-Villa-Tutta-Napoli,Ernesto Tagliaferri | Libero Bovio | Vincenzo Valente,Ovidio Sarra [Conductor [Orchestra]] | Ernesto Tagliaferri [Written-By] | Libero Bovio [Written-By] | Vincenzo Valente [Written-By],
Claudio Villa,Scalinatella,A4,2:53,Tutta Napoli,1972,Italy,Music Parade Cetra,LEL 23,Vinyl / LP | Compilation | Stereo,"Pop, Folk, World, & Country","Vocal, Canzone Napoletana",Napoletani,https://www.discogs.com/release/5000521-Claudio-Villa-Tutta-Napoli,Enzo Bonagura | Giuseppe Cioffi,Marcello De Martino [Conductor [Orchestra]] | Enzo Bonagura [Written-By] | Giuseppe Cioffi [Written-By],
Claudio Villa,O Sole Mio,A5,3:00,Tutta Napoli,1972,Italy,Music Parade Cetra,LEL 23,Vinyl / LP | Compilation | Stereo,"Pop, Folk, World, & Country","Vocal, Canzone Napoletana",Napoletani,https://www.discogs.com/release/5000521-Claudio-Villa-Tutta-Napoli,Eduardo di Capua | Giovanni Capurro,Gianni Ferrio [Conductor [Orchestra]] | Eduardo di Capua [Written-By] | Giovanni Capurro [Written-By],
Claudio Villa,Luna Rossa,B1,3:38,Tutta Napoli,1972,Italy,Music Parade Cetra,LEL 23,Vinyl / LP | Compilation | Stereo,"Pop, Folk, World, & Country","Vocal, Canzone Napoletana",Napoletani,https://www.discogs.com/release/5000521-Claudio-Villa-Tutta-Napoli,Antonio Vian | Vincenzo de Crescenzo,Armando Fragna [Conductor [Orchestra]] | Antonio Vian [Written-By] | Vincenzo de Crescenzo [Written-By],
Claudio Villa,Guapparia,B2,3:34,Tutta Napoli,1972,Italy,Music Parade Cetra,LEL 23,Vinyl / LP | Compilation | Stereo,"Pop, Folk, World, & Country","Vocal, Canzone Napoletana",Napoletani,https://www.discogs.com/release/5000521-Claudio-Villa-Tutta-Napoli,Libero Bovio | Rodolfo Falvo,Libero Bovio [Written-By] | Rodolfo Falvo [Written-By],
Claudio Villa,Marechiare,B3,3:30,Tutta Napoli,1972,Italy,Music Parade Cetra,LEL 23,Vinyl / LP | Compilation | Stereo,"Pop, Folk, World, & Country","Vocal, Canzone Napoletana",Napoletani,https://www.discogs.com/release/5000521-Claudio-Villa-Tutta-Napoli,Francesco Paolo Tosti | Salvatore Di Giacomo,Ovidio Sarra [Conductor [Orchestra]] | Francesco Paolo Tosti [Written-By] | Salvatore Di Giacomo [Written-By],
Claudio Villa,Me So' 'Mbriacato 'E Sole,B4,2:45,Tutta Napoli,1972,Italy,Music Parade Cetra,LEL 23,Vinyl / LP | Compilation | Stereo,"Pop, Folk, World, & Country","Vocal, Canzone Napoletana",Napoletani,https://www.discogs.com/release/5000521-Claudio-Villa-Tutta-Napoli,Salvatore D'Esposito | Tito Manlio,Marcello De Martino [Conductor [Orchestra]] | Salvatore D'Esposito [Written-By] | Tito Manlio [Written-By],
Claudio Villa,'O Mese D' 'Rrose,B5,2:40,Tutta Napoli,1972,Italy,Music Parade Cetra,LEL 23,Vinyl / LP | Compilation | Stereo,"Pop, Folk, World, & Country","Vocal, Canzone Napoletana",Napoletani,https://www.discogs.com/release/5000521-Claudio-Villa-Tutta-Napoli,Giuseppe Buonavolontà | Tito Manlio,Mario Migliardi [Conductor [Orchestra]] | Giuseppe Buonavolontà [Written-By] | Tito Manlio [Written-By],
Mauro Caputo,Canzone Pé Maria,A1,,Pé Sempe,1978,Italy,Nuova New York Record,PALP 3318,Vinyl / LP | Album,"Pop, Folk, World, & Country","Canzone Napoletana, Chanson",Napoletani,https://www.discogs.com/release/8482735-Mauro-Caputo-Pé-Sempe,Pasquale De Rosa | Vittorio Orabona,Pasquale De Rosa [Written-By] | Vittorio Orabona [Written-By],
Mauro Caputo,A' Rumba De' Scugnizze,A2,,Pé Sempe,1978,Italy,Nuova New York Record,PALP 3318,Vinyl / LP | Album,"Pop, Folk, World, & Country","Canzone Napoletana, Chanson",Napoletani,https://www.discogs.com/release/8482735-Mauro-Caputo-Pé-Sempe,Raffaele Viviani,Raffaele Viviani [Written-By],
Mauro Caputo,T'Aggia Scurdà,A3,,Pé Sempe,1978,Italy,Nuova New York Record,PALP 3318,Vinyl / LP | Album,"Pop, Folk, World, & Country","Canzone Napoletana, Chanson",Napoletani,https://www.discogs.com/release/8482735-Mauro-Caputo-Pé-Sempe,Pasquale De Rosa | Vittorio Orabona,Pasquale De Rosa [Written-By] | Vittorio Orabona [Written-By],
Mauro Caputo,Pé Sempre,A4,,Pé Sempe,1978,Italy,Nuova New York Record,PALP 3318,Vinyl / LP | Album,"Pop, Folk, World, & Country","Canzone Napoletana, Chanson",Napoletani,https://www.discogs.com/release/8482735-Mauro-Caputo-Pé-Sempe,Pasquale De Rosa | Vittorio Orabona,Pasquale De Rosa [Written-By] | Vittorio Orabona [Written-By],
Mauro Caputo,Chi Sa,A5,,Pé Sempe,1978,Italy,Nuova New York Record,PALP 3318,Vinyl / LP | Album,"Pop, Folk, World, & Country","Canzone Napoletana, Chanson",Napoletani,https://www.discogs.com/release/8482735-Mauro-Caputo-Pé-Sempe,Giuseppe Russo (2) | Vittorio Orabona,Giuseppe Russo (2) [Written-By] | Vittorio Orabona [Written-By],
Mauro Caputo,Senza Gelusia,A6,,Pé Sempe,1978,Italy,Nuova New York Record,PALP 3318,Vinyl / LP | Album,"Pop, Folk, World, & Country","Canzone Napoletana, Chanson",Napoletani,https://www.discogs.com/release/8482735-Mauro-Caputo-Pé-Sempe,Pasquale De Rosa | Vittorio Orabona,Pasquale De Rosa [Written-By] | Vittorio Orabona [Written-By],
Mauro Caputo,Nà Storia D'Ammore,B1,,Pé Sempe,1978,Italy,Nuova New York Record,PALP 3318,Vinyl / LP | Album,"Pop, Folk, World, & Country","Canzone Napoletana, Chanson",Napoletani,https://www.discogs.com/release/8482735-Mauro-Caputo-Pé-Sempe,Francesco Polidoro | Pasquale De Rosa | Rosetta Fidora Ruiz,Francesco Polidoro [Written-By] | Pasquale De Rosa [Written-By] | Rosetta Fidora Ruiz [Written-By],
Mauro Caputo,Sé Chiamava Napule,B2,,Pé Sempe,1978,Italy,Nuova New York Record,PALP 3318,Vinyl / LP | Album,"Pop, Folk, World, & Country","Canzone Napoletana, Chanson",Napoletani,https://www.discogs.com/release/8482735-Mauro-Caputo-Pé-Sempe,Pasquale De Rosa | Vittorio Orabona,Pasquale De Rosa [Written-By] | Vittorio Orabona [Written-By],
Mauro Caputo,Veleno Mio,B3,,Pé Sempe,1978,Italy,Nuova New York Record,PALP 3318,Vinyl / LP | Album,"Pop, Folk, World, & Country","Canzone Napoletana, Chanson",Napoletani,https://www.discogs.com/release/8482735-Mauro-Caputo-Pé-Sempe,Pasquale De Rosa | Vittorio Orabona,Pasquale De Rosa [Written-By] | Vittorio Orabona [Written-By],
Mauro Caputo,Comme Aggia Fà,B4,,Pé Sempe,1978,Italy,Nuova New York Record,PALP 3318,Vinyl / LP | Album,"Pop, Folk, World, & Country","Canzone Napoletana, Chanson",Napoletani,https://www.discogs.com/release/8482735-Mauro-Caputo-Pé-Sempe,Pasquale De Rosa | Vittorio Orabona,Pasquale De Rosa [Written-By] | Vittorio Orabona [Written-By],
Mauro Caputo,A' Voce De' Marrucchine,B5,,Pé Sempe,1978,Italy,Nuova New York Record,PALP 3318,Vinyl / LP | Album,"Pop, Folk, World, & Country","Canzone Napoletana, Chanson",Napoletani,https://www.discogs.com/release/8482735-Mauro-Caputo-Pé-Sempe,Vincenzo Cennamo | Vittorio Orabona,Vincenzo Cennamo [Written-By] | Vittorio Orabona [Written-By],
Mauro Caputo,Si Perdo A' Té,B6,,Pé Sempe,1978,Italy,Nuova New York Record,PALP 3318,Vinyl / LP | Album,"Pop, Folk, World, & Country","Canzone Napoletana, Chanson",Napoletani,https://www.discogs.com/release/8482735-Mauro-Caputo-Pé-Sempe,Pasquale De Rosa | Vittorio Orabona,Pasquale De Rosa [Written-By] | Vittorio Orabona [Written-By],
Patrizio D'Amore,Gabbiano Mio,A1,,Patrizio D'Amore,0,Italy,O.P. Music,LP 003,Vinyl / LP | Stereo,"Pop, Folk, World, & Country",Canzone Napoletana,Napoletani,https://www.discogs.com/release/14722515-Patrizio-DAmore-Patrizio-DAmore,,,
Patrizio D'Amore,Fuori C'E' Il Sole,A2,,Patrizio D'Amore,0,Italy,O.P. Music,LP 003,Vinyl / LP | Stereo,"Pop, Folk, World, & Country",Canzone Napoletana,Napoletani,https://www.discogs.com/release/14722515-Patrizio-DAmore-Patrizio-DAmore,,,
Patrizio D'Amore,Cuore Burattino,A3,,Patrizio D'Amore,0,Italy,O.P. Music,LP 003,Vinyl / LP | Stereo,"Pop, Folk, World, & Country",Canzone Napoletana,Napoletani,https://www.discogs.com/release/14722515-Patrizio-DAmore-Patrizio-DAmore,,,
Patrizio D'Amore,Simme Nuje,A4,,Patrizio D'Amore,0,Italy,O.P. Music,LP 003,Vinyl / LP | Stereo,"Pop, Folk, World, & Country",Canzone Napoletana,Napoletani,https://www.discogs.com/release/14722515-Patrizio-DAmore-Patrizio-DAmore,,,
Patrizio D'Amore,Ire Tu,B1,,Patrizio D'Amore,0,Italy,O.P. Music,LP 003,Vinyl / LP | Stereo,"Pop, Folk, World, & Country",Canzone Napoletana,Napoletani,https://www.discogs.com/release/14722515-Patrizio-DAmore-Patrizio-DAmore,,,
Patrizio D'Amore,Rimpianti Del Passato,B2,,Patrizio D'Amore,0,Italy,O.P. Music,LP 003,Vinyl / LP | Stereo,"Pop, Folk, World, & Country",Canzone Napoletana,Napoletani,https://www.discogs.com/release/14722515-Patrizio-DAmore-Patrizio-DAmore,,,
Patrizio D'Amore,Uomo Mio,B3,,Patrizio D'Amore,0,Italy,O.P. Music,LP 003,Vinyl / LP | Stereo,"Pop, Folk, World, & Country",Canzone Napoletana,Napoletani,https://www.discogs.com/release/14722515-Patrizio-DAmore-Patrizio-DAmore,,,
Patrizio D'Amore,Forte Forte,B4,,Patrizio D'Amore,0,Italy,O.P. Music,LP 003,Vinyl / LP | Stereo,"Pop, Folk, World, & Country",Canzone Napoletana,Napoletani,https://www.discogs.com/release/14722515-Patrizio-DAmore-Patrizio-DAmore,,,
Mimmo Rocco,Iammo 'O Mare,A1,2:48,Iammo 'O Mare,0,Italy,Pam Sound,PS3306,Vinyl / LP | Album,"Folk, World, & Country",Canzone Napoletana,Napoletani,https://www.discogs.com/release/14731175-Mimmo-Rocco-Iammo-O-Mare,,,
Mimmo Rocco,Faciteme 'A Vede,A2,4:20,Iammo 'O Mare,0,Italy,Pam Sound,PS3306,Vinyl / LP | Album,"Folk, World, & Country",Canzone Napoletana,Napoletani,https://www.discogs.com/release/14731175-Mimmo-Rocco-Iammo-O-Mare,,,
Mimmo Rocco,Voglio Sapè,A3,3:30,Iammo 'O Mare,0,Italy,Pam Sound,PS3306,Vinyl / LP | Album,"Folk, World, & Country",Canzone Napoletana,Napoletani,https://www.discogs.com/release/14731175-Mimmo-Rocco-Iammo-O-Mare,,,
Mimmo Rocco,Indispensabile,A4,4:07,Iammo 'O Mare,0,Italy,Pam Sound,PS3306,Vinyl / LP | Album,"Folk, World, & Country",Canzone Napoletana,Napoletani,https://www.discogs.com/release/14731175-Mimmo-Rocco-Iammo-O-Mare,,,
Mimmo Rocco,Auguri,A5,3:10,Iammo 'O Mare,0,Italy,Pam Sound,PS3306,Vinyl / LP | Album,"Folk, World, & Country",Canzone Napoletana,Napoletani,https://www.discogs.com/release/14731175-Mimmo-Rocco-Iammo-O-Mare,,,
Mimmo Rocco,Me faie Muri,B1,3:20,Iammo 'O Mare,0,Italy,Pam Sound,PS3306,Vinyl / LP | Album,"Folk, World, & Country",Canzone Napoletana,Napoletani,https://www.discogs.com/release/14731175-Mimmo-Rocco-Iammo-O-Mare,,,
Mimmo Rocco,Malammore,B2,4:21,Iammo 'O Mare,0,Italy,Pam Sound,PS3306,Vinyl / LP | Album,"Folk, World, & Country",Canzone Napoletana,Napoletani,https://www.discogs.com/release/14731175-Mimmo-Rocco-Iammo-O-Mare,,,
Mimmo Rocco,'O Miniassegno,B3,2:58,Iammo 'O Mare,0,Italy,Pam Sound,PS3306,Vinyl / LP | Album,"Folk, World, & Country",Canzone Napoletana,Napoletani,https://www.discogs.com/release/14731175-Mimmo-Rocco-Iammo-O-Mare,,,
Mimmo Rocco,Castigo,B4,3:21,Iammo 'O Mare,0,Italy,Pam Sound,PS3306,Vinyl / LP | Album,"Folk, World, & Country",Canzone Napoletana,Napoletani,https://www.discogs.com/release/14731175-Mimmo-Rocco-Iammo-O-Mare,,,
Mimmo Rocco,Primmavera,B5,3:35,Iammo 'O Mare,0,Italy,Pam Sound,PS3306,Vinyl / LP | Album,"Folk, World, & Country",Canzone Napoletana,Napoletani,https://www.discogs.com/release/14731175-Mimmo-Rocco-Iammo-O-Mare,,,
Peppe Sorrentino,Non Te Ne Andare,A1,,Non Te Ne Andare,1994,Italy,Parcheggio,PULP 795,Vinyl / LP | Stereo,"Electronic, Pop, Folk, World, & Country","Canzone Napoletana, Italo-Disco",Napoletani,https://www.discogs.com/release/14424611-Peppe-Sorrentino-Non-Te-Ne-Andare,Calura | Valeriano Chiaravalle,Calura [Written By] | Valeriano Chiaravalle [Written-By],
Peppe Sorrentino,Tu,A2,,Non Te Ne Andare,1994,Italy,Parcheggio,PULP 795,Vinyl / LP | Stereo,"Electronic, Pop, Folk, World, & Country","Canzone Napoletana, Italo-Disco",Napoletani,https://www.discogs.com/release/14424611-Peppe-Sorrentino-Non-Te-Ne-Andare,Calura | Franco Chiaravalle,Calura [Written By] | Franco Chiaravalle [Written-By],
Peppe Sorrentino,Lascia Tutto E Vieni Via,A3,,Non Te Ne Andare,1994,Italy,Parcheggio,PULP 795,Vinyl / LP | Stereo,"Electronic, Pop, Folk, World, & Country","Canzone Napoletana, Italo-Disco",Napoletani,https://www.discogs.com/release/14424611-Peppe-Sorrentino-Non-Te-Ne-Andare,Calura | Valeriano Chiaravalle,Calura [Written By] | Valeriano Chiaravalle [Written-By],
Peppe Sorrentino,Rido,A4,,Non Te Ne Andare,1994,Italy,Parcheggio,PULP 795,Vinyl / LP | Stereo,"Electronic, Pop, Folk, World, & Country","Canzone Napoletana, Italo-Disco",Napoletani,https://www.discogs.com/release/14424611-Peppe-Sorrentino-Non-Te-Ne-Andare,Calura | Valeriano Chiaravalle,Calura [Written By] | Valeriano Chiaravalle [Written-By],
Peppe Sorrentino,Solo La Metà,A5,,Non Te Ne Andare,1994,Italy,Parcheggio,PULP 795,Vinyl / LP | Stereo,"Electronic, Pop, Folk, World, & Country","Canzone Napoletana, Italo-Disco",Napoletani,https://www.discogs.com/release/14424611-Peppe-Sorrentino-Non-Te-Ne-Andare,Calura | Franco Chiaravalle,Calura [Written By] | Franco Chiaravalle [Written-By],
Peppe Sorrentino,Luna Lù,B1,,Non Te Ne Andare,1994,Italy,Parcheggio,PULP 795,Vinyl / LP | Stereo,"Electronic, Pop, Folk, World, & Country","Canzone Napoletana, Italo-Disco",Napoletani,https://www.discogs.com/release/14424611-Peppe-Sorrentino-Non-Te-Ne-Andare,Calura | Valeriano Chiaravalle,Calura [Written By] | Valeriano Chiaravalle [Written-By],
Peppe Sorrentino,Mambo,B2,,Non Te Ne Andare,1994,Italy,Parcheggio,PULP 795,Vinyl / LP | Stereo,"Electronic, Pop, Folk, World, & Country","Canzone Napoletana, Italo-Disco",Napoletani,https://www.discogs.com/release/14424611-Peppe-Sorrentino-Non-Te-Ne-Andare,Calura | Valeriano Chiaravalle,Calura [Written By] | Valeriano Chiaravalle [Written-By],
Peppe Sorrentino,Basta,B3,,Non Te Ne Andare,1994,Italy,Parcheggio,PULP 795,Vinyl / LP | Stereo,"Electronic, Pop, Folk, World, & Country","Canzone Napoletana, Italo-Disco",Napoletani,https://www.discogs.com/release/14424611-Peppe-Sorrentino-Non-Te-Ne-Andare,Calura | Valeriano Chiaravalle,Calura [Written By] | Valeriano Chiaravalle [Written-By],
Peppe Sorrentino,Capriccio Di Un'Estate,B4,,Non Te Ne Andare,1994,Italy,Parcheggio,PULP 795,Vinyl / LP | Stereo,"Electronic, Pop, Folk, World, & Country","Canzone Napoletana, Italo-Disco",Napoletani,https://www.discogs.com/release/14424611-Peppe-Sorrentino-Non-Te-Ne-Andare,Calura | Franco Chiaravalle,Calura [Written By] | Franco Chiaravalle [Written-By],
Peppe Sorrentino,Mu Se Ne Và,B5,,Non Te Ne Andare,1994,Italy,Parcheggio,PULP 795,Vinyl / LP | Stereo,"Electronic, Pop, Folk, World, & Country","Canzone Napoletana, Italo-Disco",Napoletani,https://www.discogs.com/release/14424611-Peppe-Sorrentino-Non-Te-Ne-Andare,Calura | Valeriano Chiaravalle,Calura [Written By] | Valeriano Chiaravalle [Written-By],
Tony Bruni,Fravulella,A1,,Tony Bruni Vol. 11,1976,Italy,Phonotype Record,AZQ 40039,Vinyl / LP | Stereo,"Pop, Folk, World, & Country",Canzone Napoletana,Napoletani,https://www.discogs.com/release/14420741-Tony-Bruni-Tony-Bruni-Vol-11,,,
Tony Bruni,Nu Treno,A2,,Tony Bruni Vol. 11,1976,Italy,Phonotype Record,AZQ 40039,Vinyl / LP | Stereo,"Pop, Folk, World, & Country",Canzone Napoletana,Napoletani,https://www.discogs.com/release/14420741-Tony-Bruni-Tony-Bruni-Vol-11,,,
Tony Bruni,'A Cemmenera,A3,,Tony Bruni Vol. 11,1976,Italy,Phonotype Record,AZQ 40039,Vinyl / LP | Stereo,"Pop, Folk, World, & Country",Canzone Napoletana,Napoletani,https://www.discogs.com/release/14420741-Tony-Bruni-Tony-Bruni-Vol-11,,,
Tony Bruni,'A Femmena,A4,,Tony Bruni Vol. 11,1976,Italy,Phonotype Record,AZQ 40039,Vinyl / LP | Stereo,"Pop, Folk, World, & Country",Canzone Napoletana,Napoletani,https://www.discogs.com/release/14420741-Tony-Bruni-Tony-Bruni-Vol-11,,,
Tony Bruni,Cuzzeché - Vunnella 'E Mare,A5,,Tony Bruni Vol. 11,1976,Italy,Phonotype Record,AZQ 40039,Vinyl / LP | Stereo,"Pop, Folk, World, & Country",Canzone Napoletana,Napoletani,https://www.discogs.com/release/14420741-Tony-Bruni-Tony-Bruni-Vol-11,,,
Tony Bruni,Marechiare Marechiare,A6,,Tony Bruni Vol. 11,1976,Italy,Phonotype Record,AZQ 40039,Vinyl / LP | Stereo,"Pop, Folk, World, & Country",Canzone Napoletana,Napoletani,https://www.discogs.com/release/14420741-Tony-Bruni-Tony-Bruni-Vol-11,,,
Tony Bruni,"Va, Cavalluccio, Va",B1,,Tony Bruni Vol. 11,1976,Italy,Phonotype Record,AZQ 40039,Vinyl / LP | Stereo,"Pop, Folk, World, & Country",Canzone Napoletana,Napoletani,https://www.discogs.com/release/14420741-Tony-Bruni-Tony-Bruni-Vol-11,,,
Tony Bruni,Senza 'E Te,B2,,Tony Bruni Vol. 11,1976,Italy,Phonotype Record,AZQ 40039,Vinyl / LP | Stereo,"Pop, Folk, World, & Country",Canzone Napoletana,Napoletani,https://www.discogs.com/release/14420741-Tony-Bruni-Tony-Bruni-Vol-11,,,
Tony Bruni,Sott'O Balcone,B3,,Tony Bruni Vol. 11,1976,Italy,Phonotype Record,AZQ 40039,Vinyl / LP | Stereo,"Pop, Folk, World, & Country",Canzone Napoletana,Napoletani,https://www.discogs.com/release/14420741-Tony-Bruni-Tony-Bruni-Vol-11,,,
Tony Bruni,'A Fata D''E Suonne,B4,,Tony Bruni Vol. 11,1976,Italy,Phonotype Record,AZQ 40039,Vinyl / LP | Stereo,"Pop, Folk, World, & Country",Canzone Napoletana,Napoletani,https://www.discogs.com/release/14420741-Tony-Bruni-Tony-Bruni-Vol-11,,,
Tony Bruni,D'Ammore Nun Se More,B5,,Tony Bruni Vol. 11,1976,Italy,Phonotype Record,AZQ 40039,Vinyl / LP | Stereo,"Pop, Folk, World, & Country",Canzone Napoletana,Napoletani,https://www.discogs.com/release/14420741-Tony-Bruni-Tony-Bruni-Vol-11,,,
Tony Bruni,L'Ombra D''E Suonne,B6,,Tony Bruni Vol. 11,1976,Italy,Phonotype Record,AZQ 40039,Vinyl / LP | Stereo,"Pop, Folk, World, & Country",Canzone Napoletana,Napoletani,https://www.discogs.com/release/14420741-Tony-Bruni-Tony-Bruni-Vol-11,,,
Mario Trevi,'O Tesoro,A1,,14° Volume,1981,Italy,Polifon,LPF 33011,Vinyl / LP | Album,"Pop, Folk, World, & Country","Chanson, Canzone Napoletana",Napoletani,https://www.discogs.com/release/13188485-Mario-Trevi-14-Volume,,,
Mario Trevi,'O Mammone,A1,,14° Volume,1981,Italy,Polifon,LPF 33011,Vinyl / LP | Album,"Pop, Folk, World, & Country","Chanson, Canzone Napoletana",Napoletani,https://www.discogs.com/release/13188485-Mario-Trevi-14-Volume,,,
Mario Trevi,Figlia Mia,A3,,14° Volume,1981,Italy,Polifon,LPF 33011,Vinyl / LP | Album,"Pop, Folk, World, & Country","Chanson, Canzone Napoletana",Napoletani,https://www.discogs.com/release/13188485-Mario-Trevi-14-Volume,,,
Mario Trevi,'Na Scusa,A4,,14° Volume,1981,Italy,Polifon,LPF 33011,Vinyl / LP | Album,"Pop, Folk, World, & Country","Chanson, Canzone Napoletana",Napoletani,https://www.discogs.com/release/13188485-Mario-Trevi-14-Volume,,,
Mario Trevi,'O Capostazione,A5,,14° Volume,1981,Italy,Polifon,LPF 33011,Vinyl / LP | Album,"Pop, Folk, World, & Country","Chanson, Canzone Napoletana",Napoletani,https://www.discogs.com/release/13188485-Mario-Trevi-14-Volume,,,
Mario Trevi,'Nnammurato So' 'E Te,A6,,14° Volume,1981,Italy,Polifon,LPF 33011,Vinyl / LP | Album,"Pop, Folk, World, & Country","Chanson, Canzone Napoletana",Napoletani,https://www.discogs.com/release/13188485-Mario-Trevi-14-Volume,,,
Mario Trevi,'A Fisarmonica,B1,,14° Volume,1981,Italy,Polifon,LPF 33011,Vinyl / LP | Album,"Pop, Folk, World, & Country","Chanson, Canzone Napoletana",Napoletani,https://www.discogs.com/release/13188485-Mario-Trevi-14-Volume,,,
Mario Trevi,'A papera Nun Galleggia,B2,,14° Volume,1981,Italy,Polifon,LPF 33011,Vinyl / LP | Album,"Pop, Folk, World, & Country","Chanson, Canzone Napoletana",Napoletani,https://www.discogs.com/release/13188485-Mario-Trevi-14-Volume,,,
Mario Trevi,'O Russetto,B3,,14° Volume,1981,Italy,Polifon,LPF 33011,Vinyl / LP | Album,"Pop, Folk, World, & Country","Chanson, Canzone Napoletana",Napoletani,https://www.discogs.com/release/13188485-Mario-Trevi-14-Volume,,,
Mario Trevi,Io Te Voglio Bene,B4,,14° Volume,1981,Italy,Polifon,LPF 33011,Vinyl / LP | Album,"Pop, Folk, World, & Country","Chanson, Canzone Napoletana",Napoletani,https://www.discogs.com/release/13188485-Mario-Trevi-14-Volume,,,
Mario Trevi,Ma Tu Appartiene A N' Ato,B5,,14° Volume,1981,Italy,Polifon,LPF 33011,Vinyl / LP | Album,"Pop, Folk, World, & Country","Chanson, Canzone Napoletana",Napoletani,https://www.discogs.com/release/13188485-Mario-Trevi-14-Volume,,,
Mario Trevi,'O Tesoro,A1,,14° Volume,1981,Italy,Polifon,LPF 33011,Vinyl / LP | Album,"Pop, Folk, World, & Country","Chanson, Canzone Napoletana",Napoletani,https://www.discogs.com/release/13188485-Mario-Trevi-14-Volume,,,
Mario Trevi,'O Mammone,A1,,14° Volume,1981,Italy,Polifon,LPF 33011,Vinyl / LP | Album,"Pop, Folk, World, & Country","Chanson, Canzone Napoletana",Napoletani,https://www.discogs.com/release/13188485-Mario-Trevi-14-Volume,,,
Mario Trevi,Figlia Mia,A3,,14° Volume,1981,Italy,Polifon,LPF 33011,Vinyl / LP | Album,"Pop, Folk, World, & Country","Chanson, Canzone Napoletana",Napoletani,https://www.discogs.com/release/13188485-Mario-Trevi-14-Volume,,,
Mario Trevi,'Na Scusa,A4,,14° Volume,1981,Italy,Polifon,LPF 33011,Vinyl / LP | Album,"Pop, Folk, World, & Country","Chanson, Canzone Napoletana",Napoletani,https://www.discogs.com/release/13188485-Mario-Trevi-14-Volume,,,
Mario Trevi,'O Capostazione,A5,,14° Volume,1981,Italy,Polifon,LPF 33011,Vinyl / LP | Album,"Pop, Folk, World, & Country","Chanson, Canzone Napoletana",Napoletani,https://www.discogs.com/release/13188485-Mario-Trevi-14-Volume,,,
Mario Trevi,'Nnammurato So' 'E Te,A6,,14° Volume,1981,Italy,Polifon,LPF 33011,Vinyl / LP | Album,"Pop, Folk, World, & Country","Chanson, Canzone Napoletana",Napoletani,https://www.discogs.com/release/13188485-Mario-Trevi-14-Volume,,,
Mario Trevi,'A Fisarmonica,B1,,14° Volume,1981,Italy,Polifon,LPF 33011,Vinyl / LP | Album,"Pop, Folk, World, & Country","Chanson, Canzone Napoletana",Napoletani,https://www.discogs.com/release/13188485-Mario-Trevi-14-Volume,,,
Mario Trevi,'A papera Nun Galleggia,B2,,14° Volume,1981,Italy,Polifon,LPF 33011,Vinyl / LP | Album,"Pop, Folk, World, & Country","Chanson, Canzone Napoletana",Napoletani,https://www.discogs.com/release/13188485-Mario-Trevi-14-Volume,,,
Mario Trevi,'O Russetto,B3,,14° Volume,1981,Italy,Polifon,LPF 33011,Vinyl / LP | Album,"Pop, Folk, World, & Country","Chanson, Canzone Napoletana",Napoletani,https://www.discogs.com/release/13188485-Mario-Trevi-14-Volume,,,
Mario Trevi,Io Te Voglio Bene,B4,,14° Volume,1981,Italy,Polifon,LPF 33011,Vinyl / LP | Album,"Pop, Folk, World, & Country","Chanson, Canzone Napoletana",Napoletani,https://www.discogs.com/release/13188485-Mario-Trevi-14-Volume,,,
Mario Trevi,Ma Tu Appartiene A N' Ato,B5,,14° Volume,1981,Italy,Polifon,LPF 33011,Vinyl / LP | Album,"Pop, Folk, World, & Country","Chanson, Canzone Napoletana",Napoletani,https://www.discogs.com/release/13188485-Mario-Trevi-14-Volume,,,
Tony Barbato (2),N'Ammore Puvuriello ,A1,,Tony Barbato Volume 1,0,Italy,Presence Record,PPP 21,Vinyl / LP,"Pop, Folk, World, & Country","Canzone Napoletana, Vocal",Napoletani,https://www.discogs.com/release/15403359-Tony-Barbato-2-Tony-Barbato-Volume-1,,,
Tony Barbato (2),Lacreme Napulitane ,A2,,Tony Barbato Volume 1,0,Italy,Presence Record,PPP 21,Vinyl / LP,"Pop, Folk, World, & Country","Canzone Napoletana, Vocal",Napoletani,https://www.discogs.com/release/15403359-Tony-Barbato-2-Tony-Barbato-Volume-1,,,
Tony Barbato (2),L'Artista È Varietà ,A3,,Tony Barbato Volume 1,0,Italy,Presence Record,PPP 21,Vinyl / LP,"Pop, Folk, World, & Country","Canzone Napoletana, Vocal",Napoletani,https://www.discogs.com/release/15403359-Tony-Barbato-2-Tony-Barbato-Volume-1,,,
Tony Barbato (2),Ddoje Madonne,A4,,Tony Barbato Volume 1,0,Italy,Presence Record,PPP 21,Vinyl / LP,"Pop, Folk, World, & Country","Canzone Napoletana, Vocal",Napoletani,https://www.discogs.com/release/15403359-Tony-Barbato-2-Tony-Barbato-Volume-1,,,
Tony Barbato (2),Zappatore ,A5,,Tony Barbato Volume 1,0,Italy,Presence Record,PPP 21,Vinyl / LP,"Pop, Folk, World, & Country","Canzone Napoletana, Vocal",Napoletani,https://www.discogs.com/release/15403359-Tony-Barbato-2-Tony-Barbato-Volume-1,,,
Tony Barbato (2),A Tangenziale ,A6,,Tony Barbato Volume 1,0,Italy,Presence Record,PPP 21,Vinyl / LP,"Pop, Folk, World, & Country","Canzone Napoletana, Vocal",Napoletani,https://www.discogs.com/release/15403359-Tony-Barbato-2-Tony-Barbato-Volume-1,,,
Tony Barbato (2),Scapricciatiello ,B1,,Tony Barbato Volume 1,0,Italy,Presence Record,PPP 21,Vinyl / LP,"Pop, Folk, World, & Country","Canzone Napoletana, Vocal",Napoletani,https://www.discogs.com/release/15403359-Tony-Barbato-2-Tony-Barbato-Volume-1,,,
Tony Barbato (2),Donatore E Sanghe,B2,,Tony Barbato Volume 1,0,Italy,Presence Record,PPP 21,Vinyl / LP,"Pop, Folk, World, & Country","Canzone Napoletana, Vocal",Napoletani,https://www.discogs.com/release/15403359-Tony-Barbato-2-Tony-Barbato-Volume-1,,,
Tony Barbato (2),Mammà Perdoname ,B3,,Tony Barbato Volume 1,0,Italy,Presence Record,PPP 21,Vinyl / LP,"Pop, Folk, World, & Country","Canzone Napoletana, Vocal",Napoletani,https://www.discogs.com/release/15403359-Tony-Barbato-2-Tony-Barbato-Volume-1,,,
Tony Barbato (2),Sette Peccate,B4,,Tony Barbato Volume 1,0,Italy,Presence Record,PPP 21,Vinyl / LP,"Pop, Folk, World, & Country","Canzone Napoletana, Vocal",Napoletani,https://www.discogs.com/release/15403359-Tony-Barbato-2-Tony-Barbato-Volume-1,,,
Tony Barbato (2),Scurriato Schiocca ,B5,,Tony Barbato Volume 1,0,Italy,Presence Record,PPP 21,Vinyl / LP,"Pop, Folk, World, & Country","Canzone Napoletana, Vocal",Napoletani,https://www.discogs.com/release/15403359-Tony-Barbato-2-Tony-Barbato-Volume-1,,,
Tony Barbato (2),Cinematografo,B6,,Tony Barbato Volume 1,0,Italy,Presence Record,PPP 21,Vinyl / LP,"Pop, Folk, World, & Country","Canzone Napoletana, Vocal",Napoletani,https://www.discogs.com/release/15403359-Tony-Barbato-2-Tony-Barbato-Volume-1,,,
Tony Barbato (2),Fiorella,A1,,Tony Barbato Volume 2°,0,Italy,Presence Record,PPP 26,Vinyl / LP | Stereo,"Pop, Folk, World, & Country",Canzone Napoletana,Napoletani,https://www.discogs.com/release/14542305-Tony-Barbato-2-Tony-Barbato-Volume-2,Antonio Iglio | Antonio Moxedano,Antonio Iglio [Written-By] | Antonio Moxedano [Written-By],
Tony Barbato (2),'O Strapazzafemmene,A2,,Tony Barbato Volume 2°,0,Italy,Presence Record,PPP 26,Vinyl / LP | Stereo,"Pop, Folk, World, & Country",Canzone Napoletana,Napoletani,https://www.discogs.com/release/14542305-Tony-Barbato-2-Tony-Barbato-Volume-2,Antonio Iglio | Antonio Moxedano,Antonio Iglio [Written-By] | Antonio Moxedano [Written-By],
Tony Barbato (2),'O Passero,A3,,Tony Barbato Volume 2°,0,Italy,Presence Record,PPP 26,Vinyl / LP | Stereo,"Pop, Folk, World, & Country",Canzone Napoletana,Napoletani,https://www.discogs.com/release/14542305-Tony-Barbato-2-Tony-Barbato-Volume-2,Antonio Iglio | Antonio Moxedano,Antonio Iglio [Written-By] | Antonio Moxedano [Written-By],
Tony Barbato (2),S'è Fatto Gruosso 'O Russo,A4,,Tony Barbato Volume 2°,0,Italy,Presence Record,PPP 26,Vinyl / LP | Stereo,"Pop, Folk, World, & Country",Canzone Napoletana,Napoletani,https://www.discogs.com/release/14542305-Tony-Barbato-2-Tony-Barbato-Volume-2,Antonio Iglio | Biagio Marotta | Vincenzo Cerbone,Antonio Iglio [Written-By] | Biagio Marotta [Written-By] | Vincenzo Cerbone [Written-By],
Tony Barbato (2),Pe' Ll'Onore 'E Sorema,A5,,Tony Barbato Volume 2°,0,Italy,Presence Record,PPP 26,Vinyl / LP | Stereo,"Pop, Folk, World, & Country",Canzone Napoletana,Napoletani,https://www.discogs.com/release/14542305-Tony-Barbato-2-Tony-Barbato-Volume-2,Antonio Iglio | Enzo Vitale,Antonio Iglio [Written-By] | Enzo Vitale [Written-By],
Tony Barbato (2),Disperazione,A6,,Tony Barbato Volume 2°,0,Italy,Presence Record,PPP 26,Vinyl / LP | Stereo,"Pop, Folk, World, & Country",Canzone Napoletana,Napoletani,https://www.discogs.com/release/14542305-Tony-Barbato-2-Tony-Barbato-Volume-2,Antonio Iglio | Antonio Moxedano,Antonio Iglio [Written-By] | Antonio Moxedano [Written-By],
Tony Barbato (2),Ciento Notte D'Ammore,B1,,Tony Barbato Volume 2°,0,Italy,Presence Record,PPP 26,Vinyl / LP | Stereo,"Pop, Folk, World, & Country",Canzone Napoletana,Napoletani,https://www.discogs.com/release/14542305-Tony-Barbato-2-Tony-Barbato-Volume-2,Biagio Marotta | Matteo De Stasio | Vincenzo Cerbone,Biagio Marotta [Written-By] | Matteo De Stasio [Written-By] | Vincenzo Cerbone [Written-By],
Tony Barbato (2),'O Vuto 'E N'Innocente,B2,,Tony Barbato Volume 2°,0,Italy,Presence Record,PPP 26,Vinyl / LP | Stereo,"Pop, Folk, World, & Country",Canzone Napoletana,Napoletani,https://www.discogs.com/release/14542305-Tony-Barbato-2-Tony-Barbato-Volume-2,Achille De Martino | Antonio Iglio,Achille De Martino [Written-By] | Antonio Iglio [Written-By],
Tony Barbato (2),Sbaglianno Se 'Mpara,B3,,Tony Barbato Volume 2°,0,Italy,Presence Record,PPP 26,Vinyl / LP | Stereo,"Pop, Folk, World, & Country",Canzone Napoletana,Napoletani,https://www.discogs.com/release/14542305-Tony-Barbato-2-Tony-Barbato-Volume-2,Antonio Iglio | Antonio Moxedano,Antonio Iglio [Written-By] | Antonio Moxedano [Written-By],
Tony Barbato (2),Pate E Figlie,B4,,Tony Barbato Volume 2°,0,Italy,Presence Record,PPP 26,Vinyl / LP | Stereo,"Pop, Folk, World, & Country",Canzone Napoletana,Napoletani,https://www.discogs.com/release/14542305-Tony-Barbato-2-Tony-Barbato-Volume-2,Antonio Iglio | Antonio Moxedano,Antonio Iglio [Written-By] | Antonio Moxedano [Written-By],
Tony Barbato (2),'Ntunetta Capa 'E Fierro,B5,,Tony Barbato Volume 2°,0,Italy,Presence Record,PPP 26,Vinyl / LP | Stereo,"Pop, Folk, World, & Country",Canzone Napoletana,Napoletani,https://www.discogs.com/release/14542305-Tony-Barbato-2-Tony-Barbato-Volume-2,Antonio Iglio | Antonio Moxedano,Antonio Iglio [Written-By] | Antonio Moxedano [Written-By],
Tony Barbato (2),Ll'Angelo D'O Mmale,B6,,Tony Barbato Volume 2°,0,Italy,Presence Record,PPP 26,Vinyl / LP | Stereo,"Pop, Folk, World, & Country",Canzone Napoletana,Napoletani,https://www.discogs.com/release/14542305-Tony-Barbato-2-Tony-Barbato-Volume-2,Antonio Iglio | Clemente Aurino,Antonio Iglio [Written-By] | Clemente Aurino [Written-By],
Gli Eredi Di Pulcinella,Sci Sci Piazza Dei Martiri,A1,,Le Belle Dimenticate Vol.2,0,Italy,Produzione New York Record,PA LP 3304,Vinyl / LP | Album | Stereo,"Folk, World, & Country",Canzone Napoletana,Napoletani,https://www.discogs.com/release/13577509-Gli-Eredi-Di-Pulcinella-Le-Belle-Dimenticate-Vol2,,,
Gli Eredi Di Pulcinella,Torna Maggio,A2,,Le Belle Dimenticate Vol.2,0,Italy,Produzione New York Record,PA LP 3304,Vinyl / LP | Album | Stereo,"Folk, World, & Country",Canzone Napoletana,Napoletani,https://www.discogs.com/release/13577509-Gli-Eredi-Di-Pulcinella-Le-Belle-Dimenticate-Vol2,,,
Gli Eredi Di Pulcinella,'O Vascio,A3,,Le Belle Dimenticate Vol.2,0,Italy,Produzione New York Record,PA LP 3304,Vinyl / LP | Album | Stereo,"Folk, World, & Country",Canzone Napoletana,Napoletani,https://www.discogs.com/release/13577509-Gli-Eredi-Di-Pulcinella-Le-Belle-Dimenticate-Vol2,,,
Gli Eredi Di Pulcinella,Fantasia,A4,,Le Belle Dimenticate Vol.2,0,Italy,Produzione New York Record,PA LP 3304,Vinyl / LP | Album | Stereo,"Folk, World, & Country",Canzone Napoletana,Napoletani,https://www.discogs.com/release/13577509-Gli-Eredi-Di-Pulcinella-Le-Belle-Dimenticate-Vol2,,,
Gli Eredi Di Pulcinella,L'Urdema Canzona Mia,A5,,Le Belle Dimenticate Vol.2,0,Italy,Produzione New York Record,PA LP 3304,Vinyl / LP | Album | Stereo,"Folk, World, & Country",Canzone Napoletana,Napoletani,https://www.discogs.com/release/13577509-Gli-Eredi-Di-Pulcinella-Le-Belle-Dimenticate-Vol2,,,
Gli Eredi Di Pulcinella,Merolo Affortunato,A6,,Le Belle Dimenticate Vol.2,0,Italy,Produzione New York Record,PA LP 3304,Vinyl / LP | Album | Stereo,"Folk, World, & Country",Canzone Napoletana,Napoletani,https://www.discogs.com/release/13577509-Gli-Eredi-Di-Pulcinella-Le-Belle-Dimenticate-Vol2,,,
Gli Eredi Di Pulcinella,Graziella,B1,,Le Belle Dimenticate Vol.2,0,Italy,Produzione New York Record,PA LP 3304,Vinyl / LP | Album | Stereo,"Folk, World, & Country",Canzone Napoletana,Napoletani,https://www.discogs.com/release/13577509-Gli-Eredi-Di-Pulcinella-Le-Belle-Dimenticate-Vol2,,,
Gli Eredi Di Pulcinella,Serenatella 'a Na Cumpagna 'e Scola,B2,,Le Belle Dimenticate Vol.2,0,Italy,Produzione New York Record,PA LP 3304,Vinyl / LP | Album | Stereo,"Folk, World, & Country",Canzone Napoletana,Napoletani,https://www.discogs.com/release/13577509-Gli-Eredi-Di-Pulcinella-Le-Belle-Dimenticate-Vol2,,,
Gli Eredi Di Pulcinella,Madunnella,B3,,Le Belle Dimenticate Vol.2,0,Italy,Produzione New York Record,PA LP 3304,Vinyl / LP | Album | Stereo,"Folk, World, & Country",Canzone Napoletana,Napoletani,https://www.discogs.com/release/13577509-Gli-Eredi-Di-Pulcinella-Le-Belle-Dimenticate-Vol2,,,
Gli Eredi Di Pulcinella,Ll'Arte D''o Sole,B4,,Le Belle Dimenticate Vol.2,0,Italy,Produzione New York Record,PA LP 3304,Vinyl / LP | Album | Stereo,"Folk, World, & Country",Canzone Napoletana,Napoletani,https://www.discogs.com/release/13577509-Gli-Eredi-Di-Pulcinella-Le-Belle-Dimenticate-Vol2,,,
Gli Eredi Di Pulcinella,Quanta Rose,B5,,Le Belle Dimenticate Vol.2,0,Italy,Produzione New York Record,PA LP 3304,Vinyl / LP | Album | Stereo,"Folk, World, & Country",Canzone Napoletana,Napoletani,https://www.discogs.com/release/13577509-Gli-Eredi-Di-Pulcinella-Le-Belle-Dimenticate-Vol2,,,
Gli Eredi Di Pulcinella,Dimme Addo' Staie,B6,,Le Belle Dimenticate Vol.2,0,Italy,Produzione New York Record,PA LP 3304,Vinyl / LP | Album | Stereo,"Folk, World, & Country",Canzone Napoletana,Napoletani,https://www.discogs.com/release/13577509-Gli-Eredi-Di-Pulcinella-Le-Belle-Dimenticate-Vol2,,,
Various,Desiderio 'E Sole ,A1,,Napoli E Le Sue Canzoni (1952-1964) Tempo di Festival,1981,Italy,RCA,NL 33076,Vinyl / LP | Compilation,"Folk, World, & Country",Canzone Napoletana,Napoletani,https://www.discogs.com/release/8610389-Various-Napoli-E-Le-Sue-Canzoni-1952-1964-Tempo-di-Festival,,,"[{'field_id': 3, 'value': 'Sample'}]"
Various,Luna Caprese ,A2,,Napoli E Le Sue Canzoni (1952-1964) Tempo di Festival,1981,Italy,RCA,NL 33076,Vinyl / LP | Compilation,"Folk, World, & Country",Canzone Napoletana,Napoletani,https://www.discogs.com/release/8610389-Various-Napoli-E-Le-Sue-Canzoni-1952-1964-Tempo-di-Festival,,,"[{'field_id': 3, 'value': 'Sample'}]"
Various,Scapricciatiello,A3,,Napoli E Le Sue Canzoni (1952-1964) Tempo di Festival,1981,Italy,RCA,NL 33076,Vinyl / LP | Compilation,"Folk, World, & Country",Canzone Napoletana,Napoletani,https://www.discogs.com/release/8610389-Various-Napoli-E-Le-Sue-Canzoni-1952-1964-Tempo-di-Festival,,,"[{'field_id': 3, 'value': 'Sample'}]"
Various,"'Na Voce, 'na Chitarra E 'o Poco 'e Luna ",A4,,Napoli E Le Sue Canzoni (1952-1964) Tempo di Festival,1981,Italy,RCA,NL 33076,Vinyl / LP | Compilation,"Folk, World, & Country",Canzone Napoletana,Napoletani,https://www.discogs.com/release/8610389-Various-Napoli-E-Le-Sue-Canzoni-1952-1964-Tempo-di-Festival,,,"[{'field_id': 3, 'value': 'Sample'}]"
Various,Maruzzella ,A5,,Napoli E Le Sue Canzoni (1952-1964) Tempo di Festival,1981,Italy,RCA,NL 33076,Vinyl / LP | Compilation,"Folk, World, & Country",Canzone Napoletana,Napoletani,https://www.discogs.com/release/8610389-Various-Napoli-E-Le-Sue-Canzoni-1952-1964-Tempo-di-Festival,,,"[{'field_id': 3, 'value': 'Sample'}]"
Various,Guaglione,A6,,Napoli E Le Sue Canzoni (1952-1964) Tempo di Festival,1981,Italy,RCA,NL 33076,Vinyl / LP | Compilation,"Folk, World, & Country",Canzone Napoletana,Napoletani,https://www.discogs.com/release/8610389-Various-Napoli-E-Le-Sue-Canzoni-1952-1964-Tempo-di-Festival,,,"[{'field_id': 3, 'value': 'Sample'}]"
Various,resta cu' mme ,B1,,Napoli E Le Sue Canzoni (1952-1964) Tempo di Festival,1981,Italy,RCA,NL 33076,Vinyl / LP | Compilation,"Folk, World, & Country",Canzone Napoletana,Napoletani,https://www.discogs.com/release/8610389-Various-Napoli-E-Le-Sue-Canzoni-1952-1964-Tempo-di-Festival,,,"[{'field_id': 3, 'value': 'Sample'}]"
Various,Malatia,B2,,Napoli E Le Sue Canzoni (1952-1964) Tempo di Festival,1981,Italy,RCA,NL 33076,Vinyl / LP | Compilation,"Folk, World, & Country",Canzone Napoletana,Napoletani,https://www.discogs.com/release/8610389-Various-Napoli-E-Le-Sue-Canzoni-1952-1964-Tempo-di-Festival,,,"[{'field_id': 3, 'value': 'Sample'}]"
Various,Strada 'Nfosa ,B3,,Napoli E Le Sue Canzoni (1952-1964) Tempo di Festival,1981,Italy,RCA,NL 33076,Vinyl / LP | Compilation,"Folk, World, & Country",Canzone Napoletana,Napoletani,https://www.discogs.com/release/8610389-Various-Napoli-E-Le-Sue-Canzoni-1952-1964-Tempo-di-Festival,,,"[{'field_id': 3, 'value': 'Sample'}]"
Various,Suonno A Marechiare,B4,,Napoli E Le Sue Canzoni (1952-1964) Tempo di Festival,1981,Italy,RCA,NL 33076,Vinyl / LP | Compilation,"Folk, World, & Country",Canzone Napoletana,Napoletani,https://www.discogs.com/release/8610389-Various-Napoli-E-Le-Sue-Canzoni-1952-1964-Tempo-di-Festival,,,"[{'field_id': 3, 'value': 'Sample'}]"
Various,Vurria ,B5,,Napoli E Le Sue Canzoni (1952-1964) Tempo di Festival,1981,Italy,RCA,NL 33076,Vinyl / LP | Compilation,"Folk, World, & Country",Canzone Napoletana,Napoletani,https://www.discogs.com/release/8610389-Various-Napoli-E-Le-Sue-Canzoni-1952-1964-Tempo-di-Festival,,,"[{'field_id': 3, 'value': 'Sample'}]"
Various,Tu Si 'Na Cosa Grande ,B6,,Napoli E Le Sue Canzoni (1952-1964) Tempo di Festival,1981,Italy,RCA,NL 33076,Vinyl / LP | Compilation,"Folk, World, & Country",Canzone Napoletana,Napoletani,https://www.discogs.com/release/8610389-Various-Napoli-E-Le-Sue-Canzoni-1952-1964-Tempo-di-Festival,,,"[{'field_id': 3, 'value': 'Sample'}]"
Carmelo Zappulla,'O Chalet,A1,,'O Chalet,1982,Italy,RCA Talent,NL 31641,Vinyl / LP | Album,Pop,Canzone Napoletana,Napoletani,https://www.discogs.com/release/11438887-Carmelo-Zappulla-O-Chalet,Carmelo Zappulla | Emilio Campassi | Giulio D'Ambrosio,Carmelo Zappulla [Written-By] | Emilio Campassi [Written-By] | Giulio D'Ambrosio [Written-By],
Carmelo Zappulla,Tu Pe' Me,A2,,'O Chalet,1982,Italy,RCA Talent,NL 31641,Vinyl / LP | Album,Pop,Canzone Napoletana,Napoletani,https://www.discogs.com/release/11438887-Carmelo-Zappulla-O-Chalet,Carmelo Zappulla | Giulio D'Ambrosio | Giuseppe Pompamea,Carmelo Zappulla [Written-By] | Giulio D'Ambrosio [Written-By] | Giuseppe Pompamea [Written-By],
Carmelo Zappulla,Ma Che Ce Tiene,A3,,'O Chalet,1982,Italy,RCA Talent,NL 31641,Vinyl / LP | Album,Pop,Canzone Napoletana,Napoletani,https://www.discogs.com/release/11438887-Carmelo-Zappulla-O-Chalet,Carmelo Zappulla | Giulio D'Ambrosio,Carmelo Zappulla [Written-By] | Giulio D'Ambrosio [Written-By],
Carmelo Zappulla,Stanza D'Albergo,A4,,'O Chalet,1982,Italy,RCA Talent,NL 31641,Vinyl / LP | Album,Pop,Canzone Napoletana,Napoletani,https://www.discogs.com/release/11438887-Carmelo-Zappulla-O-Chalet,Aniello Langella | Carmelo Zappulla,Aniello Langella [Written-By] | Carmelo Zappulla [Written-By],
Carmelo Zappulla,'Nzieme A Te,A5,,'O Chalet,1982,Italy,RCA Talent,NL 31641,Vinyl / LP | Album,Pop,Canzone Napoletana,Napoletani,https://www.discogs.com/release/11438887-Carmelo-Zappulla-O-Chalet,Carmelo Zappulla | Renato Fiore,Carmelo Zappulla [Written-By] | Renato Fiore [Written-By],
Carmelo Zappulla,'O Nazionale,B1,,'O Chalet,1982,Italy,RCA Talent,NL 31641,Vinyl / LP | Album,Pop,Canzone Napoletana,Napoletani,https://www.discogs.com/release/11438887-Carmelo-Zappulla-O-Chalet,Carmelo Zappulla | Vittorio Annona (2),Carmelo Zappulla [Written-By] | Vittorio Annona (2) [Written-By],
Carmelo Zappulla,Speranza,B2,,'O Chalet,1982,Italy,RCA Talent,NL 31641,Vinyl / LP | Album,Pop,Canzone Napoletana,Napoletani,https://www.discogs.com/release/11438887-Carmelo-Zappulla-O-Chalet,Biagio Marotta | Carmelo Zappulla | Nicola Pastore,Biagio Marotta [Written-By] | Carmelo Zappulla [Written-By] | Nicola Pastore [Written-By],
Carmelo Zappulla,'O Vampiro,B3,,'O Chalet,1982,Italy,RCA Talent,NL 31641,Vinyl / LP | Album,Pop,Canzone Napoletana,Napoletani,https://www.discogs.com/release/11438887-Carmelo-Zappulla-O-Chalet,Eduardo Alfieri | Salvatore Di Pietro,Eduardo Alfieri [Written-By] | Salvatore Di Pietro [Written-By],
Carmelo Zappulla,Suspirannu,B4,,'O Chalet,1982,Italy,RCA Talent,NL 31641,Vinyl / LP | Album,Pop,Canzone Napoletana,Napoletani,https://www.discogs.com/release/11438887-Carmelo-Zappulla-O-Chalet,Otello Profazio | Rosa Balistreri,Otello Profazio [Written-By] | Rosa Balistreri [Written-By],
Carmelo Zappulla,'A Parigina,B5,,'O Chalet,1982,Italy,RCA Talent,NL 31641,Vinyl / LP | Album,Pop,Canzone Napoletana,Napoletani,https://www.discogs.com/release/11438887-Carmelo-Zappulla-O-Chalet,Carmelo Zappulla | Emilio Campassi | Vittorio Annona (2),Carmelo Zappulla [Written-By] | Emilio Campassi [Written-By] | Vittorio Annona (2) [Written-By],
Various,Disco 1 Napoli Canta!,,,Addio Mia Bella Napoli Carosello di canzoni napoletane,1975,Italy,Selezione Dal Reader's Digest,RDIS23A,Vinyl / LP | Compilation | Stereo || Box Set,"Classical, Folk, World, & Country","Canzone Napoletana, Romantic",Napoletani,https://www.discogs.com/release/13204028-Various-Addio-Mia-Bella-Napoli-Carosello-di-canzoni-napoletane,,,
Various,Michelemma',A1,,Addio Mia Bella Napoli Carosello di canzoni napoletane,1975,Italy,Selezione Dal Reader's Digest,RDIS23A,Vinyl / LP | Compilation | Stereo || Box Set,"Classical, Folk, World, & Country","Canzone Napoletana, Romantic",Napoletani,https://www.discogs.com/release/13204028-Various-Addio-Mia-Bella-Napoli-Carosello-di-canzoni-napoletane,,,
Various,Fenesta Ca Lucive,A2 ,,Addio Mia Bella Napoli Carosello di canzoni napoletane,1975,Italy,Selezione Dal Reader's Digest,RDIS23A,Vinyl / LP | Compilation | Stereo || Box Set,"Classical, Folk, World, & Country","Canzone Napoletana, Romantic",Napoletani,https://www.discogs.com/release/13204028-Various-Addio-Mia-Bella-Napoli-Carosello-di-canzoni-napoletane,,,
Various,' Cammesella,A3,,Addio Mia Bella Napoli Carosello di canzoni napoletane,1975,Italy,Selezione Dal Reader's Digest,RDIS23A,Vinyl / LP | Compilation | Stereo || Box Set,"Classical, Folk, World, & Country","Canzone Napoletana, Romantic",Napoletani,https://www.discogs.com/release/13204028-Various-Addio-Mia-Bella-Napoli-Carosello-di-canzoni-napoletane,,,
Various,Lo Guarracino,A4,,Addio Mia Bella Napoli Carosello di canzoni napoletane,1975,Italy,Selezione Dal Reader's Digest,RDIS23A,Vinyl / LP | Compilation | Stereo || Box Set,"Classical, Folk, World, & Country","Canzone Napoletana, Romantic",Napoletani,https://www.discogs.com/release/13204028-Various-Addio-Mia-Bella-Napoli-Carosello-di-canzoni-napoletane,,,
Various,Santa Lucia,A5,,Addio Mia Bella Napoli Carosello di canzoni napoletane,1975,Italy,Selezione Dal Reader's Digest,RDIS23A,Vinyl / LP | Compilation | Stereo || Box Set,"Classical, Folk, World, & Country","Canzone Napoletana, Romantic",Napoletani,https://www.discogs.com/release/13204028-Various-Addio-Mia-Bella-Napoli-Carosello-di-canzoni-napoletane,,,
Various,Te Voglio Bene Assaje,A6,,Addio Mia Bella Napoli Carosello di canzoni napoletane,1975,Italy,Selezione Dal Reader's Digest,RDIS23A,Vinyl / LP | Compilation | Stereo || Box Set,"Classical, Folk, World, & Country","Canzone Napoletana, Romantic",Napoletani,https://www.discogs.com/release/13204028-Various-Addio-Mia-Bella-Napoli-Carosello-di-canzoni-napoletane,,,
Various,Marechiare,B1,,Addio Mia Bella Napoli Carosello di canzoni napoletane,1975,Italy,Selezione Dal Reader's Digest,RDIS23A,Vinyl / LP | Compilation | Stereo || Box Set,"Classical, Folk, World, & Country","Canzone Napoletana, Romantic",Napoletani,https://www.discogs.com/release/13204028-Various-Addio-Mia-Bella-Napoli-Carosello-di-canzoni-napoletane,,,
Various,Oili' Oila',B2,,Addio Mia Bella Napoli Carosello di canzoni napoletane,1975,Italy,Selezione Dal Reader's Digest,RDIS23A,Vinyl / LP | Compilation | Stereo || Box Set,"Classical, Folk, World, & Country","Canzone Napoletana, Romantic",Napoletani,https://www.discogs.com/release/13204028-Various-Addio-Mia-Bella-Napoli-Carosello-di-canzoni-napoletane,,,
Various,Luna Nova,B3,,Addio Mia Bella Napoli Carosello di canzoni napoletane,1975,Italy,Selezione Dal Reader's Digest,RDIS23A,Vinyl / LP | Compilation | Stereo || Box Set,"Classical, Folk, World, & Country","Canzone Napoletana, Romantic",Napoletani,https://www.discogs.com/release/13204028-Various-Addio-Mia-Bella-Napoli-Carosello-di-canzoni-napoletane,,,
Various,Spingole Frangese,B4,,Addio Mia Bella Napoli Carosello di canzoni napoletane,1975,Italy,Selezione Dal Reader's Digest,RDIS23A,Vinyl / LP | Compilation | Stereo || Box Set,"Classical, Folk, World, & Country","Canzone Napoletana, Romantic",Napoletani,https://www.discogs.com/release/13204028-Various-Addio-Mia-Bella-Napoli-Carosello-di-canzoni-napoletane,,,
Various,Lariula',B5,,Addio Mia Bella Napoli Carosello di canzoni napoletane,1975,Italy,Selezione Dal Reader's Digest,RDIS23A,Vinyl / LP | Compilation | Stereo || Box Set,"Classical, Folk, World, & Country","Canzone Napoletana, Romantic",Napoletani,https://www.discogs.com/release/13204028-Various-Addio-Mia-Bella-Napoli-Carosello-di-canzoni-napoletane,,,
Various,Disco 2 'O Sole Mio,,,Addio Mia Bella Napoli Carosello di canzoni napoletane,1975,Italy,Selezione Dal Reader's Digest,RDIS23A,Vinyl / LP | Compilation | Stereo || Box Set,"Classical, Folk, World, & Country","Canzone Napoletana, Romantic",Napoletani,https://www.discogs.com/release/13204028-Various-Addio-Mia-Bella-Napoli-Carosello-di-canzoni-napoletane,,,
Various,Funiculi' Funicula',C1,,Addio Mia Bella Napoli Carosello di canzoni napoletane,1975,Italy,Selezione Dal Reader's Digest,RDIS23A,Vinyl / LP | Compilation | Stereo || Box Set,"Classical, Folk, World, & Country","Canzone Napoletana, Romantic",Napoletani,https://www.discogs.com/release/13204028-Various-Addio-Mia-Bella-Napoli-Carosello-di-canzoni-napoletane,,,
Various,Scetate,C2,,Addio Mia Bella Napoli Carosello di canzoni napoletane,1975,Italy,Selezione Dal Reader's Digest,RDIS23A,Vinyl / LP | Compilation | Stereo || Box Set,"Classical, Folk, World, & Country","Canzone Napoletana, Romantic",Napoletani,https://www.discogs.com/release/13204028-Various-Addio-Mia-Bella-Napoli-Carosello-di-canzoni-napoletane,,,
Various,'A Frangesa,C3,,Addio Mia Bella Napoli Carosello di canzoni napoletane,1975,Italy,Selezione Dal Reader's Digest,RDIS23A,Vinyl / LP | Compilation | Stereo || Box Set,"Classical, Folk, World, & Country","Canzone Napoletana, Romantic",Napoletani,https://www.discogs.com/release/13204028-Various-Addio-Mia-Bella-Napoli-Carosello-di-canzoni-napoletane,,,
Various,'O Marenariello,C4,,Addio Mia Bella Napoli Carosello di canzoni napoletane,1975,Italy,Selezione Dal Reader's Digest,RDIS23A,Vinyl / LP | Compilation | Stereo || Box Set,"Classical, Folk, World, & Country","Canzone Napoletana, Romantic",Napoletani,https://www.discogs.com/release/13204028-Various-Addio-Mia-Bella-Napoli-Carosello-di-canzoni-napoletane,,,
Various,Era Di Maggio,C5,,Addio Mia Bella Napoli Carosello di canzoni napoletane,1975,Italy,Selezione Dal Reader's Digest,RDIS23A,Vinyl / LP | Compilation | Stereo || Box Set,"Classical, Folk, World, & Country","Canzone Napoletana, Romantic",Napoletani,https://www.discogs.com/release/13204028-Various-Addio-Mia-Bella-Napoli-Carosello-di-canzoni-napoletane,,,
Various,'Ndringhetendra',C6,,Addio Mia Bella Napoli Carosello di canzoni napoletane,1975,Italy,Selezione Dal Reader's Digest,RDIS23A,Vinyl / LP | Compilation | Stereo || Box Set,"Classical, Folk, World, & Country","Canzone Napoletana, Romantic",Napoletani,https://www.discogs.com/release/13204028-Various-Addio-Mia-Bella-Napoli-Carosello-di-canzoni-napoletane,,,
Various,'O Sole Mio,D1,,Addio Mia Bella Napoli Carosello di canzoni napoletane,1975,Italy,Selezione Dal Reader's Digest,RDIS23A,Vinyl / LP | Compilation | Stereo || Box Set,"Classical, Folk, World, & Country","Canzone Napoletana, Romantic",Napoletani,https://www.discogs.com/release/13204028-Various-Addio-Mia-Bella-Napoli-Carosello-di-canzoni-napoletane,,,
Various,Maria Mari',D2,,Addio Mia Bella Napoli Carosello di canzoni napoletane,1975,Italy,Selezione Dal Reader's Digest,RDIS23A,Vinyl / LP | Compilation | Stereo || Box Set,"Classical, Folk, World, & Country","Canzone Napoletana, Romantic",Napoletani,https://www.discogs.com/release/13204028-Various-Addio-Mia-Bella-Napoli-Carosello-di-canzoni-napoletane,,,
Various,I' Te Vurria Vasa',D3,,Addio Mia Bella Napoli Carosello di canzoni napoletane,1975,Italy,Selezione Dal Reader's Digest,RDIS23A,Vinyl / LP | Compilation | Stereo || Box Set,"Classical, Folk, World, & Country","Canzone Napoletana, Romantic",Napoletani,https://www.discogs.com/release/13204028-Various-Addio-Mia-Bella-Napoli-Carosello-di-canzoni-napoletane,,,
Various,Torna A Surriento,D4,,Addio Mia Bella Napoli Carosello di canzoni napoletane,1975,Italy,Selezione Dal Reader's Digest,RDIS23A,Vinyl / LP | Compilation | Stereo || Box Set,"Classical, Folk, World, & Country","Canzone Napoletana, Romantic",Napoletani,https://www.discogs.com/release/13204028-Various-Addio-Mia-Bella-Napoli-Carosello-di-canzoni-napoletane,,,
Various,Pusilleco Addiruso,D5,,Addio Mia Bella Napoli Carosello di canzoni napoletane,1975,Italy,Selezione Dal Reader's Digest,RDIS23A,Vinyl / LP | Compilation | Stereo || Box Set,"Classical, Folk, World, & Country","Canzone Napoletana, Romantic",Napoletani,https://www.discogs.com/release/13204028-Various-Addio-Mia-Bella-Napoli-Carosello-di-canzoni-napoletane,,,
Various,Disco 3 Serenata A Surriento,,,Addio Mia Bella Napoli Carosello di canzoni napoletane,1975,Italy,Selezione Dal Reader's Digest,RDIS23A,Vinyl / LP | Compilation | Stereo || Box Set,"Classical, Folk, World, & Country","Canzone Napoletana, Romantic",Napoletani,https://www.discogs.com/release/13204028-Various-Addio-Mia-Bella-Napoli-Carosello-di-canzoni-napoletane,,,
Various,Lili Kangy,E1,,Addio Mia Bella Napoli Carosello di canzoni napoletane,1975,Italy,Selezione Dal Reader's Digest,RDIS23A,Vinyl / LP | Compilation | Stereo || Box Set,"Classical, Folk, World, & Country","Canzone Napoletana, Romantic",Napoletani,https://www.discogs.com/release/13204028-Various-Addio-Mia-Bella-Napoli-Carosello-di-canzoni-napoletane,,,
Various,Voce 'E Notte,E2,,Addio Mia Bella Napoli Carosello di canzoni napoletane,1975,Italy,Selezione Dal Reader's Digest,RDIS23A,Vinyl / LP | Compilation | Stereo || Box Set,"Classical, Folk, World, & Country","Canzone Napoletana, Romantic",Napoletani,https://www.discogs.com/release/13204028-Various-Addio-Mia-Bella-Napoli-Carosello-di-canzoni-napoletane,,,
Various,Serenata A Surriento,E3,,Addio Mia Bella Napoli Carosello di canzoni napoletane,1975,Italy,Selezione Dal Reader's Digest,RDIS23A,Vinyl / LP | Compilation | Stereo || Box Set,"Classical, Folk, World, & Country","Canzone Napoletana, Romantic",Napoletani,https://www.discogs.com/release/13204028-Various-Addio-Mia-Bella-Napoli-Carosello-di-canzoni-napoletane,,,
Various,Nuttata 'E Sentimento,E4,,Addio Mia Bella Napoli Carosello di canzoni napoletane,1975,Italy,Selezione Dal Reader's Digest,RDIS23A,Vinyl / LP | Compilation | Stereo || Box Set,"Classical, Folk, World, & Country","Canzone Napoletana, Romantic",Napoletani,https://www.discogs.com/release/13204028-Various-Addio-Mia-Bella-Napoli-Carosello-di-canzoni-napoletane,,,
Various,Canta Pe' Mme,E5,,Addio Mia Bella Napoli Carosello di canzoni napoletane,1975,Italy,Selezione Dal Reader's Digest,RDIS23A,Vinyl / LP | Compilation | Stereo || Box Set,"Classical, Folk, World, & Country","Canzone Napoletana, Romantic",Napoletani,https://www.discogs.com/release/13204028-Various-Addio-Mia-Bella-Napoli-Carosello-di-canzoni-napoletane,,,
Various,Quanno Tramonta 'O Sole,E6,,Addio Mia Bella Napoli Carosello di canzoni napoletane,1975,Italy,Selezione Dal Reader's Digest,RDIS23A,Vinyl / LP | Compilation | Stereo || Box Set,"Classical, Folk, World, & Country","Canzone Napoletana, Romantic",Napoletani,https://www.discogs.com/release/13204028-Various-Addio-Mia-Bella-Napoli-Carosello-di-canzoni-napoletane,,,
Various,Core 'Ngrato,F1,,Addio Mia Bella Napoli Carosello di canzoni napoletane,1975,Italy,Selezione Dal Reader's Digest,RDIS23A,Vinyl / LP | Compilation | Stereo || Box Set,"Classical, Folk, World, & Country","Canzone Napoletana, Romantic",Napoletani,https://www.discogs.com/release/13204028-Various-Addio-Mia-Bella-Napoli-Carosello-di-canzoni-napoletane,,,
Various,Cumme Se Canta A Napule,F2,,Addio Mia Bella Napoli Carosello di canzoni napoletane,1975,Italy,Selezione Dal Reader's Digest,RDIS23A,Vinyl / LP | Compilation | Stereo || Box Set,"Classical, Folk, World, & Country","Canzone Napoletana, Romantic",Napoletani,https://www.discogs.com/release/13204028-Various-Addio-Mia-Bella-Napoli-Carosello-di-canzoni-napoletane,,,
Various,Nini' Tirabuscio',F3,,Addio Mia Bella Napoli Carosello di canzoni napoletane,1975,Italy,Selezione Dal Reader's Digest,RDIS23A,Vinyl / LP | Compilation | Stereo || Box Set,"Classical, Folk, World, & Country","Canzone Napoletana, Romantic",Napoletani,https://www.discogs.com/release/13204028-Various-Addio-Mia-Bella-Napoli-Carosello-di-canzoni-napoletane,,,
Various,Maggio Si' Tu!,F4,,Addio Mia Bella Napoli Carosello di canzoni napoletane,1975,Italy,Selezione Dal Reader's Digest,RDIS23A,Vinyl / LP | Compilation | Stereo || Box Set,"Classical, Folk, World, & Country","Canzone Napoletana, Romantic",Napoletani,https://www.discogs.com/release/13204028-Various-Addio-Mia-Bella-Napoli-Carosello-di-canzoni-napoletane,,,
Various,Funtana All'Ombra,F5,,Addio Mia Bella Napoli Carosello di canzoni napoletane,1975,Italy,Selezione Dal Reader's Digest,RDIS23A,Vinyl / LP | Compilation | Stereo || Box Set,"Classical, Folk, World, & Country","Canzone Napoletana, Romantic",Napoletani,https://www.discogs.com/release/13204028-Various-Addio-Mia-Bella-Napoli-Carosello-di-canzoni-napoletane,,,
Various,'A Canzone 'E Napule,F6,,Addio Mia Bella Napoli Carosello di canzoni napoletane,1975,Italy,Selezione Dal Reader's Digest,RDIS23A,Vinyl / LP | Compilation | Stereo || Box Set,"Classical, Folk, World, & Country","Canzone Napoletana, Romantic",Napoletani,https://www.discogs.com/release/13204028-Various-Addio-Mia-Bella-Napoli-Carosello-di-canzoni-napoletane,,,
Various,Disco 4 Santa Lucia Luntana,,,Addio Mia Bella Napoli Carosello di canzoni napoletane,1975,Italy,Selezione Dal Reader's Digest,RDIS23A,Vinyl / LP | Compilation | Stereo || Box Set,"Classical, Folk, World, & Country","Canzone Napoletana, Romantic",Napoletani,https://www.discogs.com/release/13204028-Various-Addio-Mia-Bella-Napoli-Carosello-di-canzoni-napoletane,,,
Various,Guapparia,G1,,Addio Mia Bella Napoli Carosello di canzoni napoletane,1975,Italy,Selezione Dal Reader's Digest,RDIS23A,Vinyl / LP | Compilation | Stereo || Box Set,"Classical, Folk, World, & Country","Canzone Napoletana, Romantic",Napoletani,https://www.discogs.com/release/13204028-Various-Addio-Mia-Bella-Napoli-Carosello-di-canzoni-napoletane,,,
Various,'O Surdato 'Nnammurato,G2,,Addio Mia Bella Napoli Carosello di canzoni napoletane,1975,Italy,Selezione Dal Reader's Digest,RDIS23A,Vinyl / LP | Compilation | Stereo || Box Set,"Classical, Folk, World, & Country","Canzone Napoletana, Romantic",Napoletani,https://www.discogs.com/release/13204028-Various-Addio-Mia-Bella-Napoli-Carosello-di-canzoni-napoletane,,,
Various,Io 'Na Chitarra E 'A Luna,G3,,Addio Mia Bella Napoli Carosello di canzoni napoletane,1975,Italy,Selezione Dal Reader's Digest,RDIS23A,Vinyl / LP | Compilation | Stereo || Box Set,"Classical, Folk, World, & Country","Canzone Napoletana, Romantic",Napoletani,https://www.discogs.com/release/13204028-Various-Addio-Mia-Bella-Napoli-Carosello-di-canzoni-napoletane,,,
Various,'O Mare 'E Margellina,G4,,Addio Mia Bella Napoli Carosello di canzoni napoletane,1975,Italy,Selezione Dal Reader's Digest,RDIS23A,Vinyl / LP | Compilation | Stereo || Box Set,"Classical, Folk, World, & Country","Canzone Napoletana, Romantic",Napoletani,https://www.discogs.com/release/13204028-Various-Addio-Mia-Bella-Napoli-Carosello-di-canzoni-napoletane,,,
Various,Tiempe Belle 'E 'Na Vota,G5,,Addio Mia Bella Napoli Carosello di canzoni napoletane,1975,Italy,Selezione Dal Reader's Digest,RDIS23A,Vinyl / LP | Compilation | Stereo || Box Set,"Classical, Folk, World, & Country","Canzone Napoletana, Romantic",Napoletani,https://www.discogs.com/release/13204028-Various-Addio-Mia-Bella-Napoli-Carosello-di-canzoni-napoletane,,,
Various,'Ncopp' All'Onne,H1,,Addio Mia Bella Napoli Carosello di canzoni napoletane,1975,Italy,Selezione Dal Reader's Digest,RDIS23A,Vinyl / LP | Compilation | Stereo || Box Set,"Classical, Folk, World, & Country","Canzone Napoletana, Romantic",Napoletani,https://www.discogs.com/release/13204028-Various-Addio-Mia-Bella-Napoli-Carosello-di-canzoni-napoletane,,,
Various,'A Tazza 'E Cafe',H2,,Addio Mia Bella Napoli Carosello di canzoni napoletane,1975,Italy,Selezione Dal Reader's Digest,RDIS23A,Vinyl / LP | Compilation | Stereo || Box Set,"Classical, Folk, World, & Country","Canzone Napoletana, Romantic",Napoletani,https://www.discogs.com/release/13204028-Various-Addio-Mia-Bella-Napoli-Carosello-di-canzoni-napoletane,,,
Various,Senza Nisciuno,H3,,Addio Mia Bella Napoli Carosello di canzoni napoletane,1975,Italy,Selezione Dal Reader's Digest,RDIS23A,Vinyl / LP | Compilation | Stereo || Box Set,"Classical, Folk, World, & Country","Canzone Napoletana, Romantic",Napoletani,https://www.discogs.com/release/13204028-Various-Addio-Mia-Bella-Napoli-Carosello-di-canzoni-napoletane,,,
Various,Napule Ca Se Ne Va,H4,,Addio Mia Bella Napoli Carosello di canzoni napoletane,1975,Italy,Selezione Dal Reader's Digest,RDIS23A,Vinyl / LP | Compilation | Stereo || Box Set,"Classical, Folk, World, & Country","Canzone Napoletana, Romantic",Napoletani,https://www.discogs.com/release/13204028-Various-Addio-Mia-Bella-Napoli-Carosello-di-canzoni-napoletane,,,
Various,Santa Lucia Luntana,H5,,Addio Mia Bella Napoli Carosello di canzoni napoletane,1975,Italy,Selezione Dal Reader's Digest,RDIS23A,Vinyl / LP | Compilation | Stereo || Box Set,"Classical, Folk, World, & Country","Canzone Napoletana, Romantic",Napoletani,https://www.discogs.com/release/13204028-Various-Addio-Mia-Bella-Napoli-Carosello-di-canzoni-napoletane,,,
Various,Disco 5 'O Paese D' 'O Sole,,,Addio Mia Bella Napoli Carosello di canzoni napoletane,1975,Italy,Selezione Dal Reader's Digest,RDIS23A,Vinyl / LP | Compilation | Stereo || Box Set,"Classical, Folk, World, & Country","Canzone Napoletana, Romantic",Napoletani,https://www.discogs.com/release/13204028-Various-Addio-Mia-Bella-Napoli-Carosello-di-canzoni-napoletane,,,
Various,Mandulinata 'A Napule,I1,,Addio Mia Bella Napoli Carosello di canzoni napoletane,1975,Italy,Selezione Dal Reader's Digest,RDIS23A,Vinyl / LP | Compilation | Stereo || Box Set,"Classical, Folk, World, & Country","Canzone Napoletana, Romantic",Napoletani,https://www.discogs.com/release/13204028-Various-Addio-Mia-Bella-Napoli-Carosello-di-canzoni-napoletane,,,
Various,SIlenzio Cantatore,I2,,Addio Mia Bella Napoli Carosello di canzoni napoletane,1975,Italy,Selezione Dal Reader's Digest,RDIS23A,Vinyl / LP | Compilation | Stereo || Box Set,"Classical, Folk, World, & Country","Canzone Napoletana, Romantic",Napoletani,https://www.discogs.com/release/13204028-Various-Addio-Mia-Bella-Napoli-Carosello-di-canzoni-napoletane,,,
Various,Canzone Appassiunata,I3,,Addio Mia Bella Napoli Carosello di canzoni napoletane,1975,Italy,Selezione Dal Reader's Digest,RDIS23A,Vinyl / LP | Compilation | Stereo || Box Set,"Classical, Folk, World, & Country","Canzone Napoletana, Romantic",Napoletani,https://www.discogs.com/release/13204028-Various-Addio-Mia-Bella-Napoli-Carosello-di-canzoni-napoletane,,,
Various,L'Addio,I4,,Addio Mia Bella Napoli Carosello di canzoni napoletane,1975,Italy,Selezione Dal Reader's Digest,RDIS23A,Vinyl / LP | Compilation | Stereo || Box Set,"Classical, Folk, World, & Country","Canzone Napoletana, Romantic",Napoletani,https://www.discogs.com/release/13204028-Various-Addio-Mia-Bella-Napoli-Carosello-di-canzoni-napoletane,,,
Various,Brinneso,I5,,Addio Mia Bella Napoli Carosello di canzoni napoletane,1975,Italy,Selezione Dal Reader's Digest,RDIS23A,Vinyl / LP | Compilation | Stereo || Box Set,"Classical, Folk, World, & Country","Canzone Napoletana, Romantic",Napoletani,https://www.discogs.com/release/13204028-Various-Addio-Mia-Bella-Napoli-Carosello-di-canzoni-napoletane,,,
Various,Chiove,I6,,Addio Mia Bella Napoli Carosello di canzoni napoletane,1975,Italy,Selezione Dal Reader's Digest,RDIS23A,Vinyl / LP | Compilation | Stereo || Box Set,"Classical, Folk, World, & Country","Canzone Napoletana, Romantic",Napoletani,https://www.discogs.com/release/13204028-Various-Addio-Mia-Bella-Napoli-Carosello-di-canzoni-napoletane,,,
Various,'O Paese D' 'O Sole,L1,,Addio Mia Bella Napoli Carosello di canzoni napoletane,1975,Italy,Selezione Dal Reader's Digest,RDIS23A,Vinyl / LP | Compilation | Stereo || Box Set,"Classical, Folk, World, & Country","Canzone Napoletana, Romantic",Napoletani,https://www.discogs.com/release/13204028-Various-Addio-Mia-Bella-Napoli-Carosello-di-canzoni-napoletane,,,
Various,Zampugnaro 'Nnammurato,L2,,Addio Mia Bella Napoli Carosello di canzoni napoletane,1975,Italy,Selezione Dal Reader's Digest,RDIS23A,Vinyl / LP | Compilation | Stereo || Box Set,"Classical, Folk, World, & Country","Canzone Napoletana, Romantic",Napoletani,https://www.discogs.com/release/13204028-Various-Addio-Mia-Bella-Napoli-Carosello-di-canzoni-napoletane,,,
Various,Qui Fu Napoli,L3,,Addio Mia Bella Napoli Carosello di canzoni napoletane,1975,Italy,Selezione Dal Reader's Digest,RDIS23A,Vinyl / LP | Compilation | Stereo || Box Set,"Classical, Folk, World, & Country","Canzone Napoletana, Romantic",Napoletani,https://www.discogs.com/release/13204028-Various-Addio-Mia-Bella-Napoli-Carosello-di-canzoni-napoletane,,,
Various,Lacreme Napulitane,L4,,Addio Mia Bella Napoli Carosello di canzoni napoletane,1975,Italy,Selezione Dal Reader's Digest,RDIS23A,Vinyl / LP | Compilation | Stereo || Box Set,"Classical, Folk, World, & Country","Canzone Napoletana, Romantic",Napoletani,https://www.discogs.com/release/13204028-Various-Addio-Mia-Bella-Napoli-Carosello-di-canzoni-napoletane,,,
Various,Piscatore 'E Pusilleco,L5,,Addio Mia Bella Napoli Carosello di canzoni napoletane,1975,Italy,Selezione Dal Reader's Digest,RDIS23A,Vinyl / LP | Compilation | Stereo || Box Set,"Classical, Folk, World, & Country","Canzone Napoletana, Romantic",Napoletani,https://www.discogs.com/release/13204028-Various-Addio-Mia-Bella-Napoli-Carosello-di-canzoni-napoletane,,,
Various,Disco 6 Napule Ca Nun More,,,Addio Mia Bella Napoli Carosello di canzoni napoletane,1975,Italy,Selezione Dal Reader's Digest,RDIS23A,Vinyl / LP | Compilation | Stereo || Box Set,"Classical, Folk, World, & Country","Canzone Napoletana, Romantic",Napoletani,https://www.discogs.com/release/13204028-Various-Addio-Mia-Bella-Napoli-Carosello-di-canzoni-napoletane,,,
Various,Tarantella Internazionale,M1,,Addio Mia Bella Napoli Carosello di canzoni napoletane,1975,Italy,Selezione Dal Reader's Digest,RDIS23A,Vinyl / LP | Compilation | Stereo || Box Set,"Classical, Folk, World, & Country","Canzone Napoletana, Romantic",Napoletani,https://www.discogs.com/release/13204028-Various-Addio-Mia-Bella-Napoli-Carosello-di-canzoni-napoletane,,,
Various,Dduie Paravise,M2,,Addio Mia Bella Napoli Carosello di canzoni napoletane,1975,Italy,Selezione Dal Reader's Digest,RDIS23A,Vinyl / LP | Compilation | Stereo || Box Set,"Classical, Folk, World, & Country","Canzone Napoletana, Romantic",Napoletani,https://www.discogs.com/release/13204028-Various-Addio-Mia-Bella-Napoli-Carosello-di-canzoni-napoletane,,,
Various,Core Furastiero,M3,,Addio Mia Bella Napoli Carosello di canzoni napoletane,1975,Italy,Selezione Dal Reader's Digest,RDIS23A,Vinyl / LP | Compilation | Stereo || Box Set,"Classical, Folk, World, & Country","Canzone Napoletana, Romantic",Napoletani,https://www.discogs.com/release/13204028-Various-Addio-Mia-Bella-Napoli-Carosello-di-canzoni-napoletane,,,
Various,Dicitencello Vuje,M4,,Addio Mia Bella Napoli Carosello di canzoni napoletane,1975,Italy,Selezione Dal Reader's Digest,RDIS23A,Vinyl / LP | Compilation | Stereo || Box Set,"Classical, Folk, World, & Country","Canzone Napoletana, Romantic",Napoletani,https://www.discogs.com/release/13204028-Various-Addio-Mia-Bella-Napoli-Carosello-di-canzoni-napoletane,,,
Various,Torna,M5,,Addio Mia Bella Napoli Carosello di canzoni napoletane,1975,Italy,Selezione Dal Reader's Digest,RDIS23A,Vinyl / LP | Compilation | Stereo || Box Set,"Classical, Folk, World, & Country","Canzone Napoletana, Romantic",Napoletani,https://www.discogs.com/release/13204028-Various-Addio-Mia-Bella-Napoli-Carosello-di-canzoni-napoletane,,,
Various,Passione,N1,,Addio Mia Bella Napoli Carosello di canzoni napoletane,1975,Italy,Selezione Dal Reader's Digest,RDIS23A,Vinyl / LP | Compilation | Stereo || Box Set,"Classical, Folk, World, & Country","Canzone Napoletana, Romantic",Napoletani,https://www.discogs.com/release/13204028-Various-Addio-Mia-Bella-Napoli-Carosello-di-canzoni-napoletane,,,
Various,Tarantella Luciana,N2,,Addio Mia Bella Napoli Carosello di canzoni napoletane,1975,Italy,Selezione Dal Reader's Digest,RDIS23A,Vinyl / LP | Compilation | Stereo || Box Set,"Classical, Folk, World, & Country","Canzone Napoletana, Romantic",Napoletani,https://www.discogs.com/release/13204028-Various-Addio-Mia-Bella-Napoli-Carosello-di-canzoni-napoletane,,,
Various,Nun Me Sceta',N3,,Addio Mia Bella Napoli Carosello di canzoni napoletane,1975,Italy,Selezione Dal Reader's Digest,RDIS23A,Vinyl / LP | Compilation | Stereo || Box Set,"Classical, Folk, World, & Country","Canzone Napoletana, Romantic",Napoletani,https://www.discogs.com/release/13204028-Various-Addio-Mia-Bella-Napoli-Carosello-di-canzoni-napoletane,,,
Various,'Na Sera 'E Maggio,N4,,Addio Mia Bella Napoli Carosello di canzoni napoletane,1975,Italy,Selezione Dal Reader's Digest,RDIS23A,Vinyl / LP | Compilation | Stereo || Box Set,"Classical, Folk, World, & Country","Canzone Napoletana, Romantic",Napoletani,https://www.discogs.com/release/13204028-Various-Addio-Mia-Bella-Napoli-Carosello-di-canzoni-napoletane,,,
Various,Napule Ca Nun More,N5,,Addio Mia Bella Napoli Carosello di canzoni napoletane,1975,Italy,Selezione Dal Reader's Digest,RDIS23A,Vinyl / LP | Compilation | Stereo || Box Set,"Classical, Folk, World, & Country","Canzone Napoletana, Romantic",Napoletani,https://www.discogs.com/release/13204028-Various-Addio-Mia-Bella-Napoli-Carosello-di-canzoni-napoletane,,,
Various,Disco 7 Anema E Core,,,Addio Mia Bella Napoli Carosello di canzoni napoletane,1975,Italy,Selezione Dal Reader's Digest,RDIS23A,Vinyl / LP | Compilation | Stereo || Box Set,"Classical, Folk, World, & Country","Canzone Napoletana, Romantic",Napoletani,https://www.discogs.com/release/13204028-Various-Addio-Mia-Bella-Napoli-Carosello-di-canzoni-napoletane,,,
Various,Simmo 'E Napule Paisa',O1,,Addio Mia Bella Napoli Carosello di canzoni napoletane,1975,Italy,Selezione Dal Reader's Digest,RDIS23A,Vinyl / LP | Compilation | Stereo || Box Set,"Classical, Folk, World, & Country","Canzone Napoletana, Romantic",Napoletani,https://www.discogs.com/release/13204028-Various-Addio-Mia-Bella-Napoli-Carosello-di-canzoni-napoletane,,,
Various,Uocchie C'Arraggiunate,O2,,Addio Mia Bella Napoli Carosello di canzoni napoletane,1975,Italy,Selezione Dal Reader's Digest,RDIS23A,Vinyl / LP | Compilation | Stereo || Box Set,"Classical, Folk, World, & Country","Canzone Napoletana, Romantic",Napoletani,https://www.discogs.com/release/13204028-Various-Addio-Mia-Bella-Napoli-Carosello-di-canzoni-napoletane,,,
Various,Munasterio 'E Santa Chiara,O3,,Addio Mia Bella Napoli Carosello di canzoni napoletane,1975,Italy,Selezione Dal Reader's Digest,RDIS23A,Vinyl / LP | Compilation | Stereo || Box Set,"Classical, Folk, World, & Country","Canzone Napoletana, Romantic",Napoletani,https://www.discogs.com/release/13204028-Various-Addio-Mia-Bella-Napoli-Carosello-di-canzoni-napoletane,,,
Various,Vierno,O4,,Addio Mia Bella Napoli Carosello di canzoni napoletane,1975,Italy,Selezione Dal Reader's Digest,RDIS23A,Vinyl / LP | Compilation | Stereo || Box Set,"Classical, Folk, World, & Country","Canzone Napoletana, Romantic",Napoletani,https://www.discogs.com/release/13204028-Various-Addio-Mia-Bella-Napoli-Carosello-di-canzoni-napoletane,,,
Various,Scalinatella,O5,,Addio Mia Bella Napoli Carosello di canzoni napoletane,1975,Italy,Selezione Dal Reader's Digest,RDIS23A,Vinyl / LP | Compilation | Stereo || Box Set,"Classical, Folk, World, & Country","Canzone Napoletana, Romantic",Napoletani,https://www.discogs.com/release/13204028-Various-Addio-Mia-Bella-Napoli-Carosello-di-canzoni-napoletane,,,
Various,Me 'So 'Mbriacato 'E Sole,O6,,Addio Mia Bella Napoli Carosello di canzoni napoletane,1975,Italy,Selezione Dal Reader's Digest,RDIS23A,Vinyl / LP | Compilation | Stereo || Box Set,"Classical, Folk, World, & Country","Canzone Napoletana, Romantic",Napoletani,https://www.discogs.com/release/13204028-Various-Addio-Mia-Bella-Napoli-Carosello-di-canzoni-napoletane,,,
Various,Luna Rossa,P1,,Addio Mia Bella Napoli Carosello di canzoni napoletane,1975,Italy,Selezione Dal Reader's Digest,RDIS23A,Vinyl / LP | Compilation | Stereo || Box Set,"Classical, Folk, World, & Country","Canzone Napoletana, Romantic",Napoletani,https://www.discogs.com/release/13204028-Various-Addio-Mia-Bella-Napoli-Carosello-di-canzoni-napoletane,,,
Various,Anema E Core,P2,,Addio Mia Bella Napoli Carosello di canzoni napoletane,1975,Italy,Selezione Dal Reader's Digest,RDIS23A,Vinyl / LP | Compilation | Stereo || Box Set,"Classical, Folk, World, & Country","Canzone Napoletana, Romantic",Napoletani,https://www.discogs.com/release/13204028-Various-Addio-Mia-Bella-Napoli-Carosello-di-canzoni-napoletane,,,
Various,Malafemmena,P3,,Addio Mia Bella Napoli Carosello di canzoni napoletane,1975,Italy,Selezione Dal Reader's Digest,RDIS23A,Vinyl / LP | Compilation | Stereo || Box Set,"Classical, Folk, World, & Country","Canzone Napoletana, Romantic",Napoletani,https://www.discogs.com/release/13204028-Various-Addio-Mia-Bella-Napoli-Carosello-di-canzoni-napoletane,,,
Various,'Nu Quarto 'E Luna,P4,,Addio Mia Bella Napoli Carosello di canzoni napoletane,1975,Italy,Selezione Dal Reader's Digest,RDIS23A,Vinyl / LP | Compilation | Stereo || Box Set,"Classical, Folk, World, & Country","Canzone Napoletana, Romantic",Napoletani,https://www.discogs.com/release/13204028-Various-Addio-Mia-Bella-Napoli-Carosello-di-canzoni-napoletane,,,
Various,Desiderio 'E Sole,P5,,Addio Mia Bella Napoli Carosello di canzoni napoletane,1975,Italy,Selezione Dal Reader's Digest,RDIS23A,Vinyl / LP | Compilation | Stereo || Box Set,"Classical, Folk, World, & Country","Canzone Napoletana, Romantic",Napoletani,https://www.discogs.com/release/13204028-Various-Addio-Mia-Bella-Napoli-Carosello-di-canzoni-napoletane,,,
Various,Sciummo,P6,,Addio Mia Bella Napoli Carosello di canzoni napoletane,1975,Italy,Selezione Dal Reader's Digest,RDIS23A,Vinyl / LP | Compilation | Stereo || Box Set,"Classical, Folk, World, & Country","Canzone Napoletana, Romantic",Napoletani,https://www.discogs.com/release/13204028-Various-Addio-Mia-Bella-Napoli-Carosello-di-canzoni-napoletane,,,
Various,Accarezzame,P7,,Addio Mia Bella Napoli Carosello di canzoni napoletane,1975,Italy,Selezione Dal Reader's Digest,RDIS23A,Vinyl / LP | Compilation | Stereo || Box Set,"Classical, Folk, World, & Country","Canzone Napoletana, Romantic",Napoletani,https://www.discogs.com/release/13204028-Various-Addio-Mia-Bella-Napoli-Carosello-di-canzoni-napoletane,,,
Various,"Disco 8 Napoli Ieri E Oggi ""l'ultima stagione""",,,Addio Mia Bella Napoli Carosello di canzoni napoletane,1975,Italy,Selezione Dal Reader's Digest,RDIS23A,Vinyl / LP | Compilation | Stereo || Box Set,"Classical, Folk, World, & Country","Canzone Napoletana, Romantic",Napoletani,https://www.discogs.com/release/13204028-Various-Addio-Mia-Bella-Napoli-Carosello-di-canzoni-napoletane,,,
Various,Scapricciatiello,Q1,,Addio Mia Bella Napoli Carosello di canzoni napoletane,1975,Italy,Selezione Dal Reader's Digest,RDIS23A,Vinyl / LP | Compilation | Stereo || Box Set,"Classical, Folk, World, & Country","Canzone Napoletana, Romantic",Napoletani,https://www.discogs.com/release/13204028-Various-Addio-Mia-Bella-Napoli-Carosello-di-canzoni-napoletane,,,
Various,Maruzzella,Q2,,Addio Mia Bella Napoli Carosello di canzoni napoletane,1975,Italy,Selezione Dal Reader's Digest,RDIS23A,Vinyl / LP | Compilation | Stereo || Box Set,"Classical, Folk, World, & Country","Canzone Napoletana, Romantic",Napoletani,https://www.discogs.com/release/13204028-Various-Addio-Mia-Bella-Napoli-Carosello-di-canzoni-napoletane,,,
Various,"'Na Voce, 'Na Chitarra E 'O Poco 'E Luna",Q3,,Addio Mia Bella Napoli Carosello di canzoni napoletane,1975,Italy,Selezione Dal Reader's Digest,RDIS23A,Vinyl / LP | Compilation | Stereo || Box Set,"Classical, Folk, World, & Country","Canzone Napoletana, Romantic",Napoletani,https://www.discogs.com/release/13204028-Various-Addio-Mia-Bella-Napoli-Carosello-di-canzoni-napoletane,,,
Various,Che Me 'Mparato A Fa,Q4,,Addio Mia Bella Napoli Carosello di canzoni napoletane,1975,Italy,Selezione Dal Reader's Digest,RDIS23A,Vinyl / LP | Compilation | Stereo || Box Set,"Classical, Folk, World, & Country","Canzone Napoletana, Romantic",Napoletani,https://www.discogs.com/release/13204028-Various-Addio-Mia-Bella-Napoli-Carosello-di-canzoni-napoletane,,,
Various,Strada 'Nfosa,Q5,,Addio Mia Bella Napoli Carosello di canzoni napoletane,1975,Italy,Selezione Dal Reader's Digest,RDIS23A,Vinyl / LP | Compilation | Stereo || Box Set,"Classical, Folk, World, & Country","Canzone Napoletana, Romantic",Napoletani,https://www.discogs.com/release/13204028-Various-Addio-Mia-Bella-Napoli-Carosello-di-canzoni-napoletane,,,
Various,Guaglione,Q6,,Addio Mia Bella Napoli Carosello di canzoni napoletane,1975,Italy,Selezione Dal Reader's Digest,RDIS23A,Vinyl / LP | Compilation | Stereo || Box Set,"Classical, Folk, World, & Country","Canzone Napoletana, Romantic",Napoletani,https://www.discogs.com/release/13204028-Various-Addio-Mia-Bella-Napoli-Carosello-di-canzoni-napoletane,,,
Various,Malatia,Q7,,Addio Mia Bella Napoli Carosello di canzoni napoletane,1975,Italy,Selezione Dal Reader's Digest,RDIS23A,Vinyl / LP | Compilation | Stereo || Box Set,"Classical, Folk, World, & Country","Canzone Napoletana, Romantic",Napoletani,https://www.discogs.com/release/13204028-Various-Addio-Mia-Bella-Napoli-Carosello-di-canzoni-napoletane,,,
Various,Resta Cu Mme,R1,,Addio Mia Bella Napoli Carosello di canzoni napoletane,1975,Italy,Selezione Dal Reader's Digest,RDIS23A,Vinyl / LP | Compilation | Stereo || Box Set,"Classical, Folk, World, & Country","Canzone Napoletana, Romantic",Napoletani,https://www.discogs.com/release/13204028-Various-Addio-Mia-Bella-Napoli-Carosello-di-canzoni-napoletane,,,
Various,Tuppetuppe 'Mariscia',R2,,Addio Mia Bella Napoli Carosello di canzoni napoletane,1975,Italy,Selezione Dal Reader's Digest,RDIS23A,Vinyl / LP | Compilation | Stereo || Box Set,"Classical, Folk, World, & Country","Canzone Napoletana, Romantic",Napoletani,https://www.discogs.com/release/13204028-Various-Addio-Mia-Bella-Napoli-Carosello-di-canzoni-napoletane,,,
Various,Vurria,R3,,Addio Mia Bella Napoli Carosello di canzoni napoletane,1975,Italy,Selezione Dal Reader's Digest,RDIS23A,Vinyl / LP | Compilation | Stereo || Box Set,"Classical, Folk, World, & Country","Canzone Napoletana, Romantic",Napoletani,https://www.discogs.com/release/13204028-Various-Addio-Mia-Bella-Napoli-Carosello-di-canzoni-napoletane,,,
Various,Suonno A Marechiare,R4,,Addio Mia Bella Napoli Carosello di canzoni napoletane,1975,Italy,Selezione Dal Reader's Digest,RDIS23A,Vinyl / LP | Compilation | Stereo || Box Set,"Classical, Folk, World, & Country","Canzone Napoletana, Romantic",Napoletani,https://www.discogs.com/release/13204028-Various-Addio-Mia-Bella-Napoli-Carosello-di-canzoni-napoletane,,,
Various,Lazzarella,R5,,Addio Mia Bella Napoli Carosello di canzoni napoletane,1975,Italy,Selezione Dal Reader's Digest,RDIS23A,Vinyl / LP | Compilation | Stereo || Box Set,"Classical, Folk, World, & Country","Canzone Napoletana, Romantic",Napoletani,https://www.discogs.com/release/13204028-Various-Addio-Mia-Bella-Napoli-Carosello-di-canzoni-napoletane,,,
Various,Vieneme 'Nzuonno,R6,,Addio Mia Bella Napoli Carosello di canzoni napoletane,1975,Italy,Selezione Dal Reader's Digest,RDIS23A,Vinyl / LP | Compilation | Stereo || Box Set,"Classical, Folk, World, & Country","Canzone Napoletana, Romantic",Napoletani,https://www.discogs.com/release/13204028-Various-Addio-Mia-Bella-Napoli-Carosello-di-canzoni-napoletane,,,
Various,Tu Si' 'Na Cosa Grande,R7,,Addio Mia Bella Napoli Carosello di canzoni napoletane,1975,Italy,Selezione Dal Reader's Digest,RDIS23A,Vinyl / LP | Compilation | Stereo || Box Set,"Classical, Folk, World, & Country","Canzone Napoletana, Romantic",Napoletani,https://www.discogs.com/release/13204028-Various-Addio-Mia-Bella-Napoli-Carosello-di-canzoni-napoletane,,,
Various,"Disco 9 Napoli Ieri E Oggi ""le ugole d'oro""",,,Addio Mia Bella Napoli Carosello di canzoni napoletane,1975,Italy,Selezione Dal Reader's Digest,RDIS23A,Vinyl / LP | Compilation | Stereo || Box Set,"Classical, Folk, World, & Country","Canzone Napoletana, Romantic",Napoletani,https://www.discogs.com/release/13204028-Various-Addio-Mia-Bella-Napoli-Carosello-di-canzoni-napoletane,,,
Various,Addio A Napoli,S1,,Addio Mia Bella Napoli Carosello di canzoni napoletane,1975,Italy,Selezione Dal Reader's Digest,RDIS23A,Vinyl / LP | Compilation | Stereo || Box Set,"Classical, Folk, World, & Country","Canzone Napoletana, Romantic",Napoletani,https://www.discogs.com/release/13204028-Various-Addio-Mia-Bella-Napoli-Carosello-di-canzoni-napoletane,,,
Various,'A Vucchella,S2,,Addio Mia Bella Napoli Carosello di canzoni napoletane,1975,Italy,Selezione Dal Reader's Digest,RDIS23A,Vinyl / LP | Compilation | Stereo || Box Set,"Classical, Folk, World, & Country","Canzone Napoletana, Romantic",Napoletani,https://www.discogs.com/release/13204028-Various-Addio-Mia-Bella-Napoli-Carosello-di-canzoni-napoletane,,,
Various,Quanno 'A Femmena Vo,S3,,Addio Mia Bella Napoli Carosello di canzoni napoletane,1975,Italy,Selezione Dal Reader's Digest,RDIS23A,Vinyl / LP | Compilation | Stereo || Box Set,"Classical, Folk, World, & Country","Canzone Napoletana, Romantic",Napoletani,https://www.discogs.com/release/13204028-Various-Addio-Mia-Bella-Napoli-Carosello-di-canzoni-napoletane,,,
Various,Tu Ca Nun Chiagne,S4,,Addio Mia Bella Napoli Carosello di canzoni napoletane,1975,Italy,Selezione Dal Reader's Digest,RDIS23A,Vinyl / LP | Compilation | Stereo || Box Set,"Classical, Folk, World, & Country","Canzone Napoletana, Romantic",Napoletani,https://www.discogs.com/release/13204028-Various-Addio-Mia-Bella-Napoli-Carosello-di-canzoni-napoletane,,,
Various,Napulitanata,S5,,Addio Mia Bella Napoli Carosello di canzoni napoletane,1975,Italy,Selezione Dal Reader's Digest,RDIS23A,Vinyl / LP | Compilation | Stereo || Box Set,"Classical, Folk, World, & Country","Canzone Napoletana, Romantic",Napoletani,https://www.discogs.com/release/13204028-Various-Addio-Mia-Bella-Napoli-Carosello-di-canzoni-napoletane,,,
Various,'O Sole Mio,T1,,Addio Mia Bella Napoli Carosello di canzoni napoletane,1975,Italy,Selezione Dal Reader's Digest,RDIS23A,Vinyl / LP | Compilation | Stereo || Box Set,"Classical, Folk, World, & Country","Canzone Napoletana, Romantic",Napoletani,https://www.discogs.com/release/13204028-Various-Addio-Mia-Bella-Napoli-Carosello-di-canzoni-napoletane,,,
Various,Mamma Mia Che Vo' Sape',T2,,Addio Mia Bella Napoli Carosello di canzoni napoletane,1975,Italy,Selezione Dal Reader's Digest,RDIS23A,Vinyl / LP | Compilation | Stereo || Box Set,"Classical, Folk, World, & Country","Canzone Napoletana, Romantic",Napoletani,https://www.discogs.com/release/13204028-Various-Addio-Mia-Bella-Napoli-Carosello-di-canzoni-napoletane,,,
Various,Comme Facette Mammeta,T3,,Addio Mia Bella Napoli Carosello di canzoni napoletane,1975,Italy,Selezione Dal Reader's Digest,RDIS23A,Vinyl / LP | Compilation | Stereo || Box Set,"Classical, Folk, World, & Country","Canzone Napoletana, Romantic",Napoletani,https://www.discogs.com/release/13204028-Various-Addio-Mia-Bella-Napoli-Carosello-di-canzoni-napoletane,,,
Various,Pecche',T4,,Addio Mia Bella Napoli Carosello di canzoni napoletane,1975,Italy,Selezione Dal Reader's Digest,RDIS23A,Vinyl / LP | Compilation | Stereo || Box Set,"Classical, Folk, World, & Country","Canzone Napoletana, Romantic",Napoletani,https://www.discogs.com/release/13204028-Various-Addio-Mia-Bella-Napoli-Carosello-di-canzoni-napoletane,,,
Various,Carmela,T5,,Addio Mia Bella Napoli Carosello di canzoni napoletane,1975,Italy,Selezione Dal Reader's Digest,RDIS23A,Vinyl / LP | Compilation | Stereo || Box Set,"Classical, Folk, World, & Country","Canzone Napoletana, Romantic",Napoletani,https://www.discogs.com/release/13204028-Various-Addio-Mia-Bella-Napoli-Carosello-di-canzoni-napoletane,,,
Various,Disco 1 Napoli Canta!,,,Addio Mia Bella Napoli Carosello di canzoni napoletane,1975,Italy,Selezione Dal Reader's Digest,RDIS23A,Vinyl / LP | Compilation | Stereo || Box Set,"Classical, Folk, World, & Country","Canzone Napoletana, Romantic",Napoletani,https://www.discogs.com/release/13204028-Various-Addio-Mia-Bella-Napoli-Carosello-di-canzoni-napoletane,,,
Various,Michelemma',A1,,Addio Mia Bella Napoli Carosello di canzoni napoletane,1975,Italy,Selezione Dal Reader's Digest,RDIS23A,Vinyl / LP | Compilation | Stereo || Box Set,"Classical, Folk, World, & Country","Canzone Napoletana, Romantic",Napoletani,https://www.discogs.com/release/13204028-Various-Addio-Mia-Bella-Napoli-Carosello-di-canzoni-napoletane,,,
Various,Fenesta Ca Lucive,A2 ,,Addio Mia Bella Napoli Carosello di canzoni napoletane,1975,Italy,Selezione Dal Reader's Digest,RDIS23A,Vinyl / LP | Compilation | Stereo || Box Set,"Classical, Folk, World, & Country","Canzone Napoletana, Romantic",Napoletani,https://www.discogs.com/release/13204028-Various-Addio-Mia-Bella-Napoli-Carosello-di-canzoni-napoletane,,,
Various,' Cammesella,A3,,Addio Mia Bella Napoli Carosello di canzoni napoletane,1975,Italy,Selezione Dal Reader's Digest,RDIS23A,Vinyl / LP | Compilation | Stereo || Box Set,"Classical, Folk, World, & Country","Canzone Napoletana, Romantic",Napoletani,https://www.discogs.com/release/13204028-Various-Addio-Mia-Bella-Napoli-Carosello-di-canzoni-napoletane,,,
Various,Lo Guarracino,A4,,Addio Mia Bella Napoli Carosello di canzoni napoletane,1975,Italy,Selezione Dal Reader's Digest,RDIS23A,Vinyl / LP | Compilation | Stereo || Box Set,"Classical, Folk, World, & Country","Canzone Napoletana, Romantic",Napoletani,https://www.discogs.com/release/13204028-Various-Addio-Mia-Bella-Napoli-Carosello-di-canzoni-napoletane,,,
Various,Santa Lucia,A5,,Addio Mia Bella Napoli Carosello di canzoni napoletane,1975,Italy,Selezione Dal Reader's Digest,RDIS23A,Vinyl / LP | Compilation | Stereo || Box Set,"Classical, Folk, World, & Country","Canzone Napoletana, Romantic",Napoletani,https://www.discogs.com/release/13204028-Various-Addio-Mia-Bella-Napoli-Carosello-di-canzoni-napoletane,,,
Various,Te Voglio Bene Assaje,A6,,Addio Mia Bella Napoli Carosello di canzoni napoletane,1975,Italy,Selezione Dal Reader's Digest,RDIS23A,Vinyl / LP | Compilation | Stereo || Box Set,"Classical, Folk, World, & Country","Canzone Napoletana, Romantic",Napoletani,https://www.discogs.com/release/13204028-Various-Addio-Mia-Bella-Napoli-Carosello-di-canzoni-napoletane,,,
Various,Marechiare,B1,,Addio Mia Bella Napoli Carosello di canzoni napoletane,1975,Italy,Selezione Dal Reader's Digest,RDIS23A,Vinyl / LP | Compilation | Stereo || Box Set,"Classical, Folk, World, & Country","Canzone Napoletana, Romantic",Napoletani,https://www.discogs.com/release/13204028-Various-Addio-Mia-Bella-Napoli-Carosello-di-canzoni-napoletane,,,
Various,Oili' Oila',B2,,Addio Mia Bella Napoli Carosello di canzoni napoletane,1975,Italy,Selezione Dal Reader's Digest,RDIS23A,Vinyl / LP | Compilation | Stereo || Box Set,"Classical, Folk, World, & Country","Canzone Napoletana, Romantic",Napoletani,https://www.discogs.com/release/13204028-Various-Addio-Mia-Bella-Napoli-Carosello-di-canzoni-napoletane,,,
Various,Luna Nova,B3,,Addio Mia Bella Napoli Carosello di canzoni napoletane,1975,Italy,Selezione Dal Reader's Digest,RDIS23A,Vinyl / LP | Compilation | Stereo || Box Set,"Classical, Folk, World, & Country","Canzone Napoletana, Romantic",Napoletani,https://www.discogs.com/release/13204028-Various-Addio-Mia-Bella-Napoli-Carosello-di-canzoni-napoletane,,,
Various,Spingole Frangese,B4,,Addio Mia Bella Napoli Carosello di canzoni napoletane,1975,Italy,Selezione Dal Reader's Digest,RDIS23A,Vinyl / LP | Compilation | Stereo || Box Set,"Classical, Folk, World, & Country","Canzone Napoletana, Romantic",Napoletani,https://www.discogs.com/release/13204028-Various-Addio-Mia-Bella-Napoli-Carosello-di-canzoni-napoletane,,,
Various,Lariula',B5,,Addio Mia Bella Napoli Carosello di canzoni napoletane,1975,Italy,Selezione Dal Reader's Digest,RDIS23A,Vinyl / LP | Compilation | Stereo || Box Set,"Classical, Folk, World, & Country","Canzone Napoletana, Romantic",Napoletani,https://www.discogs.com/release/13204028-Various-Addio-Mia-Bella-Napoli-Carosello-di-canzoni-napoletane,,,
Various,Disco 2 'O Sole Mio,,,Addio Mia Bella Napoli Carosello di canzoni napoletane,1975,Italy,Selezione Dal Reader's Digest,RDIS23A,Vinyl / LP | Compilation | Stereo || Box Set,"Classical, Folk, World, & Country","Canzone Napoletana, Romantic",Napoletani,https://www.discogs.com/release/13204028-Various-Addio-Mia-Bella-Napoli-Carosello-di-canzoni-napoletane,,,
Various,Funiculi' Funicula',C1,,Addio Mia Bella Napoli Carosello di canzoni napoletane,1975,Italy,Selezione Dal Reader's Digest,RDIS23A,Vinyl / LP | Compilation | Stereo || Box Set,"Classical, Folk, World, & Country","Canzone Napoletana, Romantic",Napoletani,https://www.discogs.com/release/13204028-Various-Addio-Mia-Bella-Napoli-Carosello-di-canzoni-napoletane,,,
Various,Scetate,C2,,Addio Mia Bella Napoli Carosello di canzoni napoletane,1975,Italy,Selezione Dal Reader's Digest,RDIS23A,Vinyl / LP | Compilation | Stereo || Box Set,"Classical, Folk, World, & Country","Canzone Napoletana, Romantic",Napoletani,https://www.discogs.com/release/13204028-Various-Addio-Mia-Bella-Napoli-Carosello-di-canzoni-napoletane,,,
Various,'A Frangesa,C3,,Addio Mia Bella Napoli Carosello di canzoni napoletane,1975,Italy,Selezione Dal Reader's Digest,RDIS23A,Vinyl / LP | Compilation | Stereo || Box Set,"Classical, Folk, World, & Country","Canzone Napoletana, Romantic",Napoletani,https://www.discogs.com/release/13204028-Various-Addio-Mia-Bella-Napoli-Carosello-di-canzoni-napoletane,,,
Various,'O Marenariello,C4,,Addio Mia Bella Napoli Carosello di canzoni napoletane,1975,Italy,Selezione Dal Reader's Digest,RDIS23A,Vinyl / LP | Compilation | Stereo || Box Set,"Classical, Folk, World, & Country","Canzone Napoletana, Romantic",Napoletani,https://www.discogs.com/release/13204028-Various-Addio-Mia-Bella-Napoli-Carosello-di-canzoni-napoletane,,,
Various,Era Di Maggio,C5,,Addio Mia Bella Napoli Carosello di canzoni napoletane,1975,Italy,Selezione Dal Reader's Digest,RDIS23A,Vinyl / LP | Compilation | Stereo || Box Set,"Classical, Folk, World, & Country","Canzone Napoletana, Romantic",Napoletani,https://www.discogs.com/release/13204028-Various-Addio-Mia-Bella-Napoli-Carosello-di-canzoni-napoletane,,,
Various,'Ndringhetendra',C6,,Addio Mia Bella Napoli Carosello di canzoni napoletane,1975,Italy,Selezione Dal Reader's Digest,RDIS23A,Vinyl / LP | Compilation | Stereo || Box Set,"Classical, Folk, World, & Country","Canzone Napoletana, Romantic",Napoletani,https://www.discogs.com/release/13204028-Various-Addio-Mia-Bella-Napoli-Carosello-di-canzoni-napoletane,,,
Various,'O Sole Mio,D1,,Addio Mia Bella Napoli Carosello di canzoni napoletane,1975,Italy,Selezione Dal Reader's Digest,RDIS23A,Vinyl / LP | Compilation | Stereo || Box Set,"Classical, Folk, World, & Country","Canzone Napoletana, Romantic",Napoletani,https://www.discogs.com/release/13204028-Various-Addio-Mia-Bella-Napoli-Carosello-di-canzoni-napoletane,,,
Various,Maria Mari',D2,,Addio Mia Bella Napoli Carosello di canzoni napoletane,1975,Italy,Selezione Dal Reader's Digest,RDIS23A,Vinyl / LP | Compilation | Stereo || Box Set,"Classical, Folk, World, & Country","Canzone Napoletana, Romantic",Napoletani,https://www.discogs.com/release/13204028-Various-Addio-Mia-Bella-Napoli-Carosello-di-canzoni-napoletane,,,
Various,I' Te Vurria Vasa',D3,,Addio Mia Bella Napoli Carosello di canzoni napoletane,1975,Italy,Selezione Dal Reader's Digest,RDIS23A,Vinyl / LP | Compilation | Stereo || Box Set,"Classical, Folk, World, & Country","Canzone Napoletana, Romantic",Napoletani,https://www.discogs.com/release/13204028-Various-Addio-Mia-Bella-Napoli-Carosello-di-canzoni-napoletane,,,
Various,Torna A Surriento,D4,,Addio Mia Bella Napoli Carosello di canzoni napoletane,1975,Italy,Selezione Dal Reader's Digest,RDIS23A,Vinyl / LP | Compilation | Stereo || Box Set,"Classical, Folk, World, & Country","Canzone Napoletana, Romantic",Napoletani,https://www.discogs.com/release/13204028-Various-Addio-Mia-Bella-Napoli-Carosello-di-canzoni-napoletane,,,
Various,Pusilleco Addiruso,D5,,Addio Mia Bella Napoli Carosello di canzoni napoletane,1975,Italy,Selezione Dal Reader's Digest,RDIS23A,Vinyl / LP | Compilation | Stereo || Box Set,"Classical, Folk, World, & Country","Canzone Napoletana, Romantic",Napoletani,https://www.discogs.com/release/13204028-Various-Addio-Mia-Bella-Napoli-Carosello-di-canzoni-napoletane,,,
Various,Disco 3 Serenata A Surriento,,,Addio Mia Bella Napoli Carosello di canzoni napoletane,1975,Italy,Selezione Dal Reader's Digest,RDIS23A,Vinyl / LP | Compilation | Stereo || Box Set,"Classical, Folk, World, & Country","Canzone Napoletana, Romantic",Napoletani,https://www.discogs.com/release/13204028-Various-Addio-Mia-Bella-Napoli-Carosello-di-canzoni-napoletane,,,
Various,Lili Kangy,E1,,Addio Mia Bella Napoli Carosello di canzoni napoletane,1975,Italy,Selezione Dal Reader's Digest,RDIS23A,Vinyl / LP | Compilation | Stereo || Box Set,"Classical, Folk, World, & Country","Canzone Napoletana, Romantic",Napoletani,https://www.discogs.com/release/13204028-Various-Addio-Mia-Bella-Napoli-Carosello-di-canzoni-napoletane,,,
Various,Voce 'E Notte,E2,,Addio Mia Bella Napoli Carosello di canzoni napoletane,1975,Italy,Selezione Dal Reader's Digest,RDIS23A,Vinyl / LP | Compilation | Stereo || Box Set,"Classical, Folk, World, & Country","Canzone Napoletana, Romantic",Napoletani,https://www.discogs.com/release/13204028-Various-Addio-Mia-Bella-Napoli-Carosello-di-canzoni-napoletane,,,
Various,Serenata A Surriento,E3,,Addio Mia Bella Napoli Carosello di canzoni napoletane,1975,Italy,Selezione Dal Reader's Digest,RDIS23A,Vinyl / LP | Compilation | Stereo || Box Set,"Classical, Folk, World, & Country","Canzone Napoletana, Romantic",Napoletani,https://www.discogs.com/release/13204028-Various-Addio-Mia-Bella-Napoli-Carosello-di-canzoni-napoletane,,,
Various,Nuttata 'E Sentimento,E4,,Addio Mia Bella Napoli Carosello di canzoni napoletane,1975,Italy,Selezione Dal Reader's Digest,RDIS23A,Vinyl / LP | Compilation | Stereo || Box Set,"Classical, Folk, World, & Country","Canzone Napoletana, Romantic",Napoletani,https://www.discogs.com/release/13204028-Various-Addio-Mia-Bella-Napoli-Carosello-di-canzoni-napoletane,,,
Various,Canta Pe' Mme,E5,,Addio Mia Bella Napoli Carosello di canzoni napoletane,1975,Italy,Selezione Dal Reader's Digest,RDIS23A,Vinyl / LP | Compilation | Stereo || Box Set,"Classical, Folk, World, & Country","Canzone Napoletana, Romantic",Napoletani,https://www.discogs.com/release/13204028-Various-Addio-Mia-Bella-Napoli-Carosello-di-canzoni-napoletane,,,
Various,Quanno Tramonta 'O Sole,E6,,Addio Mia Bella Napoli Carosello di canzoni napoletane,1975,Italy,Selezione Dal Reader's Digest,RDIS23A,Vinyl / LP | Compilation | Stereo || Box Set,"Classical, Folk, World, & Country","Canzone Napoletana, Romantic",Napoletani,https://www.discogs.com/release/13204028-Various-Addio-Mia-Bella-Napoli-Carosello-di-canzoni-napoletane,,,
Various,Core 'Ngrato,F1,,Addio Mia Bella Napoli Carosello di canzoni napoletane,1975,Italy,Selezione Dal Reader's Digest,RDIS23A,Vinyl / LP | Compilation | Stereo || Box Set,"Classical, Folk, World, & Country","Canzone Napoletana, Romantic",Napoletani,https://www.discogs.com/release/13204028-Various-Addio-Mia-Bella-Napoli-Carosello-di-canzoni-napoletane,,,
Various,Cumme Se Canta A Napule,F2,,Addio Mia Bella Napoli Carosello di canzoni napoletane,1975,Italy,Selezione Dal Reader's Digest,RDIS23A,Vinyl / LP | Compilation | Stereo || Box Set,"Classical, Folk, World, & Country","Canzone Napoletana, Romantic",Napoletani,https://www.discogs.com/release/13204028-Various-Addio-Mia-Bella-Napoli-Carosello-di-canzoni-napoletane,,,
Various,Nini' Tirabuscio',F3,,Addio Mia Bella Napoli Carosello di canzoni napoletane,1975,Italy,Selezione Dal Reader's Digest,RDIS23A,Vinyl / LP | Compilation | Stereo || Box Set,"Classical, Folk, World, & Country","Canzone Napoletana, Romantic",Napoletani,https://www.discogs.com/release/13204028-Various-Addio-Mia-Bella-Napoli-Carosello-di-canzoni-napoletane,,,
Various,Maggio Si' Tu!,F4,,Addio Mia Bella Napoli Carosello di canzoni napoletane,1975,Italy,Selezione Dal Reader's Digest,RDIS23A,Vinyl / LP | Compilation | Stereo || Box Set,"Classical, Folk, World, & Country","Canzone Napoletana, Romantic",Napoletani,https://www.discogs.com/release/13204028-Various-Addio-Mia-Bella-Napoli-Carosello-di-canzoni-napoletane,,,
Various,Funtana All'Ombra,F5,,Addio Mia Bella Napoli Carosello di canzoni napoletane,1975,Italy,Selezione Dal Reader's Digest,RDIS23A,Vinyl / LP | Compilation | Stereo || Box Set,"Classical, Folk, World, & Country","Canzone Napoletana, Romantic",Napoletani,https://www.discogs.com/release/13204028-Various-Addio-Mia-Bella-Napoli-Carosello-di-canzoni-napoletane,,,
Various,'A Canzone 'E Napule,F6,,Addio Mia Bella Napoli Carosello di canzoni napoletane,1975,Italy,Selezione Dal Reader's Digest,RDIS23A,Vinyl / LP | Compilation | Stereo || Box Set,"Classical, Folk, World, & Country","Canzone Napoletana, Romantic",Napoletani,https://www.discogs.com/release/13204028-Various-Addio-Mia-Bella-Napoli-Carosello-di-canzoni-napoletane,,,
Various,Disco 4 Santa Lucia Luntana,,,Addio Mia Bella Napoli Carosello di canzoni napoletane,1975,Italy,Selezione Dal Reader's Digest,RDIS23A,Vinyl / LP | Compilation | Stereo || Box Set,"Classical, Folk, World, & Country","Canzone Napoletana, Romantic",Napoletani,https://www.discogs.com/release/13204028-Various-Addio-Mia-Bella-Napoli-Carosello-di-canzoni-napoletane,,,
Various,Guapparia,G1,,Addio Mia Bella Napoli Carosello di canzoni napoletane,1975,Italy,Selezione Dal Reader's Digest,RDIS23A,Vinyl / LP | Compilation | Stereo || Box Set,"Classical, Folk, World, & Country","Canzone Napoletana, Romantic",Napoletani,https://www.discogs.com/release/13204028-Various-Addio-Mia-Bella-Napoli-Carosello-di-canzoni-napoletane,,,
Various,'O Surdato 'Nnammurato,G2,,Addio Mia Bella Napoli Carosello di canzoni napoletane,1975,Italy,Selezione Dal Reader's Digest,RDIS23A,Vinyl / LP | Compilation | Stereo || Box Set,"Classical, Folk, World, & Country","Canzone Napoletana, Romantic",Napoletani,https://www.discogs.com/release/13204028-Various-Addio-Mia-Bella-Napoli-Carosello-di-canzoni-napoletane,,,
Various,Io 'Na Chitarra E 'A Luna,G3,,Addio Mia Bella Napoli Carosello di canzoni napoletane,1975,Italy,Selezione Dal Reader's Digest,RDIS23A,Vinyl / LP | Compilation | Stereo || Box Set,"Classical, Folk, World, & Country","Canzone Napoletana, Romantic",Napoletani,https://www.discogs.com/release/13204028-Various-Addio-Mia-Bella-Napoli-Carosello-di-canzoni-napoletane,,,
Various,'O Mare 'E Margellina,G4,,Addio Mia Bella Napoli Carosello di canzoni napoletane,1975,Italy,Selezione Dal Reader's Digest,RDIS23A,Vinyl / LP | Compilation | Stereo || Box Set,"Classical, Folk, World, & Country","Canzone Napoletana, Romantic",Napoletani,https://www.discogs.com/release/13204028-Various-Addio-Mia-Bella-Napoli-Carosello-di-canzoni-napoletane,,,
Various,Tiempe Belle 'E 'Na Vota,G5,,Addio Mia Bella Napoli Carosello di canzoni napoletane,1975,Italy,Selezione Dal Reader's Digest,RDIS23A,Vinyl / LP | Compilation | Stereo || Box Set,"Classical, Folk, World, & Country","Canzone Napoletana, Romantic",Napoletani,https://www.discogs.com/release/13204028-Various-Addio-Mia-Bella-Napoli-Carosello-di-canzoni-napoletane,,,
Various,'Ncopp' All'Onne,H1,,Addio Mia Bella Napoli Carosello di canzoni napoletane,1975,Italy,Selezione Dal Reader's Digest,RDIS23A,Vinyl / LP | Compilation | Stereo || Box Set,"Classical, Folk, World, & Country","Canzone Napoletana, Romantic",Napoletani,https://www.discogs.com/release/13204028-Various-Addio-Mia-Bella-Napoli-Carosello-di-canzoni-napoletane,,,
Various,'A Tazza 'E Cafe',H2,,Addio Mia Bella Napoli Carosello di canzoni napoletane,1975,Italy,Selezione Dal Reader's Digest,RDIS23A,Vinyl / LP | Compilation | Stereo || Box Set,"Classical, Folk, World, & Country","Canzone Napoletana, Romantic",Napoletani,https://www.discogs.com/release/13204028-Various-Addio-Mia-Bella-Napoli-Carosello-di-canzoni-napoletane,,,
Various,Senza Nisciuno,H3,,Addio Mia Bella Napoli Carosello di canzoni napoletane,1975,Italy,Selezione Dal Reader's Digest,RDIS23A,Vinyl / LP | Compilation | Stereo || Box Set,"Classical, Folk, World, & Country","Canzone Napoletana, Romantic",Napoletani,https://www.discogs.com/release/13204028-Various-Addio-Mia-Bella-Napoli-Carosello-di-canzoni-napoletane,,,
Various,Napule Ca Se Ne Va,H4,,Addio Mia Bella Napoli Carosello di canzoni napoletane,1975,Italy,Selezione Dal Reader's Digest,RDIS23A,Vinyl / LP | Compilation | Stereo || Box Set,"Classical, Folk, World, & Country","Canzone Napoletana, Romantic",Napoletani,https://www.discogs.com/release/13204028-Various-Addio-Mia-Bella-Napoli-Carosello-di-canzoni-napoletane,,,
Various,Santa Lucia Luntana,H5,,Addio Mia Bella Napoli Carosello di canzoni napoletane,1975,Italy,Selezione Dal Reader's Digest,RDIS23A,Vinyl / LP | Compilation | Stereo || Box Set,"Classical, Folk, World, & Country","Canzone Napoletana, Romantic",Napoletani,https://www.discogs.com/release/13204028-Various-Addio-Mia-Bella-Napoli-Carosello-di-canzoni-napoletane,,,
Various,Disco 5 'O Paese D' 'O Sole,,,Addio Mia Bella Napoli Carosello di canzoni napoletane,1975,Italy,Selezione Dal Reader's Digest,RDIS23A,Vinyl / LP | Compilation | Stereo || Box Set,"Classical, Folk, World, & Country","Canzone Napoletana, Romantic",Napoletani,https://www.discogs.com/release/13204028-Various-Addio-Mia-Bella-Napoli-Carosello-di-canzoni-napoletane,,,
Various,Mandulinata 'A Napule,I1,,Addio Mia Bella Napoli Carosello di canzoni napoletane,1975,Italy,Selezione Dal Reader's Digest,RDIS23A,Vinyl / LP | Compilation | Stereo || Box Set,"Classical, Folk, World, & Country","Canzone Napoletana, Romantic",Napoletani,https://www.discogs.com/release/13204028-Various-Addio-Mia-Bella-Napoli-Carosello-di-canzoni-napoletane,,,
Various,SIlenzio Cantatore,I2,,Addio Mia Bella Napoli Carosello di canzoni napoletane,1975,Italy,Selezione Dal Reader's Digest,RDIS23A,Vinyl / LP | Compilation | Stereo || Box Set,"Classical, Folk, World, & Country","Canzone Napoletana, Romantic",Napoletani,https://www.discogs.com/release/13204028-Various-Addio-Mia-Bella-Napoli-Carosello-di-canzoni-napoletane,,,
Various,Canzone Appassiunata,I3,,Addio Mia Bella Napoli Carosello di canzoni napoletane,1975,Italy,Selezione Dal Reader's Digest,RDIS23A,Vinyl / LP | Compilation | Stereo || Box Set,"Classical, Folk, World, & Country","Canzone Napoletana, Romantic",Napoletani,https://www.discogs.com/release/13204028-Various-Addio-Mia-Bella-Napoli-Carosello-di-canzoni-napoletane,,,
Various,L'Addio,I4,,Addio Mia Bella Napoli Carosello di canzoni napoletane,1975,Italy,Selezione Dal Reader's Digest,RDIS23A,Vinyl / LP | Compilation | Stereo || Box Set,"Classical, Folk, World, & Country","Canzone Napoletana, Romantic",Napoletani,https://www.discogs.com/release/13204028-Various-Addio-Mia-Bella-Napoli-Carosello-di-canzoni-napoletane,,,
Various,Brinneso,I5,,Addio Mia Bella Napoli Carosello di canzoni napoletane,1975,Italy,Selezione Dal Reader's Digest,RDIS23A,Vinyl / LP | Compilation | Stereo || Box Set,"Classical, Folk, World, & Country","Canzone Napoletana, Romantic",Napoletani,https://www.discogs.com/release/13204028-Various-Addio-Mia-Bella-Napoli-Carosello-di-canzoni-napoletane,,,
Various,Chiove,I6,,Addio Mia Bella Napoli Carosello di canzoni napoletane,1975,Italy,Selezione Dal Reader's Digest,RDIS23A,Vinyl / LP | Compilation | Stereo || Box Set,"Classical, Folk, World, & Country","Canzone Napoletana, Romantic",Napoletani,https://www.discogs.com/release/13204028-Various-Addio-Mia-Bella-Napoli-Carosello-di-canzoni-napoletane,,,
Various,'O Paese D' 'O Sole,L1,,Addio Mia Bella Napoli Carosello di canzoni napoletane,1975,Italy,Selezione Dal Reader's Digest,RDIS23A,Vinyl / LP | Compilation | Stereo || Box Set,"Classical, Folk, World, & Country","Canzone Napoletana, Romantic",Napoletani,https://www.discogs.com/release/13204028-Various-Addio-Mia-Bella-Napoli-Carosello-di-canzoni-napoletane,,,
Various,Zampugnaro 'Nnammurato,L2,,Addio Mia Bella Napoli Carosello di canzoni napoletane,1975,Italy,Selezione Dal Reader's Digest,RDIS23A,Vinyl / LP | Compilation | Stereo || Box Set,"Classical, Folk, World, & Country","Canzone Napoletana, Romantic",Napoletani,https://www.discogs.com/release/13204028-Various-Addio-Mia-Bella-Napoli-Carosello-di-canzoni-napoletane,,,
Various,Qui Fu Napoli,L3,,Addio Mia Bella Napoli Carosello di canzoni napoletane,1975,Italy,Selezione Dal Reader's Digest,RDIS23A,Vinyl / LP | Compilation | Stereo || Box Set,"Classical, Folk, World, & Country","Canzone Napoletana, Romantic",Napoletani,https://www.discogs.com/release/13204028-Various-Addio-Mia-Bella-Napoli-Carosello-di-canzoni-napoletane,,,
Various,Lacreme Napulitane,L4,,Addio Mia Bella Napoli Carosello di canzoni napoletane,1975,Italy,Selezione Dal Reader's Digest,RDIS23A,Vinyl / LP | Compilation | Stereo || Box Set,"Classical, Folk, World, & Country","Canzone Napoletana, Romantic",Napoletani,https://www.discogs.com/release/13204028-Various-Addio-Mia-Bella-Napoli-Carosello-di-canzoni-napoletane,,,
Various,Piscatore 'E Pusilleco,L5,,Addio Mia Bella Napoli Carosello di canzoni napoletane,1975,Italy,Selezione Dal Reader's Digest,RDIS23A,Vinyl / LP | Compilation | Stereo || Box Set,"Classical, Folk, World, & Country","Canzone Napoletana, Romantic",Napoletani,https://www.discogs.com/release/13204028-Various-Addio-Mia-Bella-Napoli-Carosello-di-canzoni-napoletane,,,
Various,Disco 6 Napule Ca Nun More,,,Addio Mia Bella Napoli Carosello di canzoni napoletane,1975,Italy,Selezione Dal Reader's Digest,RDIS23A,Vinyl / LP | Compilation | Stereo || Box Set,"Classical, Folk, World, & Country","Canzone Napoletana, Romantic",Napoletani,https://www.discogs.com/release/13204028-Various-Addio-Mia-Bella-Napoli-Carosello-di-canzoni-napoletane,,,
Various,Tarantella Internazionale,M1,,Addio Mia Bella Napoli Carosello di canzoni napoletane,1975,Italy,Selezione Dal Reader's Digest,RDIS23A,Vinyl / LP | Compilation | Stereo || Box Set,"Classical, Folk, World, & Country","Canzone Napoletana, Romantic",Napoletani,https://www.discogs.com/release/13204028-Various-Addio-Mia-Bella-Napoli-Carosello-di-canzoni-napoletane,,,
Various,Dduie Paravise,M2,,Addio Mia Bella Napoli Carosello di canzoni napoletane,1975,Italy,Selezione Dal Reader's Digest,RDIS23A,Vinyl / LP | Compilation | Stereo || Box Set,"Classical, Folk, World, & Country","Canzone Napoletana, Romantic",Napoletani,https://www.discogs.com/release/13204028-Various-Addio-Mia-Bella-Napoli-Carosello-di-canzoni-napoletane,,,
Various,Core Furastiero,M3,,Addio Mia Bella Napoli Carosello di canzoni napoletane,1975,Italy,Selezione Dal Reader's Digest,RDIS23A,Vinyl / LP | Compilation | Stereo || Box Set,"Classical, Folk, World, & Country","Canzone Napoletana, Romantic",Napoletani,https://www.discogs.com/release/13204028-Various-Addio-Mia-Bella-Napoli-Carosello-di-canzoni-napoletane,,,
Various,Dicitencello Vuje,M4,,Addio Mia Bella Napoli Carosello di canzoni napoletane,1975,Italy,Selezione Dal Reader's Digest,RDIS23A,Vinyl / LP | Compilation | Stereo || Box Set,"Classical, Folk, World, & Country","Canzone Napoletana, Romantic",Napoletani,https://www.discogs.com/release/13204028-Various-Addio-Mia-Bella-Napoli-Carosello-di-canzoni-napoletane,,,
Various,Torna,M5,,Addio Mia Bella Napoli Carosello di canzoni napoletane,1975,Italy,Selezione Dal Reader's Digest,RDIS23A,Vinyl / LP | Compilation | Stereo || Box Set,"Classical, Folk, World, & Country","Canzone Napoletana, Romantic",Napoletani,https://www.discogs.com/release/13204028-Various-Addio-Mia-Bella-Napoli-Carosello-di-canzoni-napoletane,,,
Various,Passione,N1,,Addio Mia Bella Napoli Carosello di canzoni napoletane,1975,Italy,Selezione Dal Reader's Digest,RDIS23A,Vinyl / LP | Compilation | Stereo || Box Set,"Classical, Folk, World, & Country","Canzone Napoletana, Romantic",Napoletani,https://www.discogs.com/release/13204028-Various-Addio-Mia-Bella-Napoli-Carosello-di-canzoni-napoletane,,,
Various,Tarantella Luciana,N2,,Addio Mia Bella Napoli Carosello di canzoni napoletane,1975,Italy,Selezione Dal Reader's Digest,RDIS23A,Vinyl / LP | Compilation | Stereo || Box Set,"Classical, Folk, World, & Country","Canzone Napoletana, Romantic",Napoletani,https://www.discogs.com/release/13204028-Various-Addio-Mia-Bella-Napoli-Carosello-di-canzoni-napoletane,,,
Various,Nun Me Sceta',N3,,Addio Mia Bella Napoli Carosello di canzoni napoletane,1975,Italy,Selezione Dal Reader's Digest,RDIS23A,Vinyl / LP | Compilation | Stereo || Box Set,"Classical, Folk, World, & Country","Canzone Napoletana, Romantic",Napoletani,https://www.discogs.com/release/13204028-Various-Addio-Mia-Bella-Napoli-Carosello-di-canzoni-napoletane,,,
Various,'Na Sera 'E Maggio,N4,,Addio Mia Bella Napoli Carosello di canzoni napoletane,1975,Italy,Selezione Dal Reader's Digest,RDIS23A,Vinyl / LP | Compilation | Stereo || Box Set,"Classical, Folk, World, & Country","Canzone Napoletana, Romantic",Napoletani,https://www.discogs.com/release/13204028-Various-Addio-Mia-Bella-Napoli-Carosello-di-canzoni-napoletane,,,
Various,Napule Ca Nun More,N5,,Addio Mia Bella Napoli Carosello di canzoni napoletane,1975,Italy,Selezione Dal Reader's Digest,RDIS23A,Vinyl / LP | Compilation | Stereo || Box Set,"Classical, Folk, World, & Country","Canzone Napoletana, Romantic",Napoletani,https://www.discogs.com/release/13204028-Various-Addio-Mia-Bella-Napoli-Carosello-di-canzoni-napoletane,,,
Various,Disco 7 Anema E Core,,,Addio Mia Bella Napoli Carosello di canzoni napoletane,1975,Italy,Selezione Dal Reader's Digest,RDIS23A,Vinyl / LP | Compilation | Stereo || Box Set,"Classical, Folk, World, & Country","Canzone Napoletana, Romantic",Napoletani,https://www.discogs.com/release/13204028-Various-Addio-Mia-Bella-Napoli-Carosello-di-canzoni-napoletane,,,
Various,Simmo 'E Napule Paisa',O1,,Addio Mia Bella Napoli Carosello di canzoni napoletane,1975,Italy,Selezione Dal Reader's Digest,RDIS23A,Vinyl / LP | Compilation | Stereo || Box Set,"Classical, Folk, World, & Country","Canzone Napoletana, Romantic",Napoletani,https://www.discogs.com/release/13204028-Various-Addio-Mia-Bella-Napoli-Carosello-di-canzoni-napoletane,,,
Various,Uocchie C'Arraggiunate,O2,,Addio Mia Bella Napoli Carosello di canzoni napoletane,1975,Italy,Selezione Dal Reader's Digest,RDIS23A,Vinyl / LP | Compilation | Stereo || Box Set,"Classical, Folk, World, & Country","Canzone Napoletana, Romantic",Napoletani,https://www.discogs.com/release/13204028-Various-Addio-Mia-Bella-Napoli-Carosello-di-canzoni-napoletane,,,
Various,Munasterio 'E Santa Chiara,O3,,Addio Mia Bella Napoli Carosello di canzoni napoletane,1975,Italy,Selezione Dal Reader's Digest,RDIS23A,Vinyl / LP | Compilation | Stereo || Box Set,"Classical, Folk, World, & Country","Canzone Napoletana, Romantic",Napoletani,https://www.discogs.com/release/13204028-Various-Addio-Mia-Bella-Napoli-Carosello-di-canzoni-napoletane,,,
Various,Vierno,O4,,Addio Mia Bella Napoli Carosello di canzoni napoletane,1975,Italy,Selezione Dal Reader's Digest,RDIS23A,Vinyl / LP | Compilation | Stereo || Box Set,"Classical, Folk, World, & Country","Canzone Napoletana, Romantic",Napoletani,https://www.discogs.com/release/13204028-Various-Addio-Mia-Bella-Napoli-Carosello-di-canzoni-napoletane,,,
Various,Scalinatella,O5,,Addio Mia Bella Napoli Carosello di canzoni napoletane,1975,Italy,Selezione Dal Reader's Digest,RDIS23A,Vinyl / LP | Compilation | Stereo || Box Set,"Classical, Folk, World, & Country","Canzone Napoletana, Romantic",Napoletani,https://www.discogs.com/release/13204028-Various-Addio-Mia-Bella-Napoli-Carosello-di-canzoni-napoletane,,,
Various,Me 'So 'Mbriacato 'E Sole,O6,,Addio Mia Bella Napoli Carosello di canzoni napoletane,1975,Italy,Selezione Dal Reader's Digest,RDIS23A,Vinyl / LP | Compilation | Stereo || Box Set,"Classical, Folk, World, & Country","Canzone Napoletana, Romantic",Napoletani,https://www.discogs.com/release/13204028-Various-Addio-Mia-Bella-Napoli-Carosello-di-canzoni-napoletane,,,
Various,Luna Rossa,P1,,Addio Mia Bella Napoli Carosello di canzoni napoletane,1975,Italy,Selezione Dal Reader's Digest,RDIS23A,Vinyl / LP | Compilation | Stereo || Box Set,"Classical, Folk, World, & Country","Canzone Napoletana, Romantic",Napoletani,https://www.discogs.com/release/13204028-Various-Addio-Mia-Bella-Napoli-Carosello-di-canzoni-napoletane,,,
Various,Anema E Core,P2,,Addio Mia Bella Napoli Carosello di canzoni napoletane,1975,Italy,Selezione Dal Reader's Digest,RDIS23A,Vinyl / LP | Compilation | Stereo || Box Set,"Classical, Folk, World, & Country","Canzone Napoletana, Romantic",Napoletani,https://www.discogs.com/release/13204028-Various-Addio-Mia-Bella-Napoli-Carosello-di-canzoni-napoletane,,,
Various,Malafemmena,P3,,Addio Mia Bella Napoli Carosello di canzoni napoletane,1975,Italy,Selezione Dal Reader's Digest,RDIS23A,Vinyl / LP | Compilation | Stereo || Box Set,"Classical, Folk, World, & Country","Canzone Napoletana, Romantic",Napoletani,https://www.discogs.com/release/13204028-Various-Addio-Mia-Bella-Napoli-Carosello-di-canzoni-napoletane,,,
Various,'Nu Quarto 'E Luna,P4,,Addio Mia Bella Napoli Carosello di canzoni napoletane,1975,Italy,Selezione Dal Reader's Digest,RDIS23A,Vinyl / LP | Compilation | Stereo || Box Set,"Classical, Folk, World, & Country","Canzone Napoletana, Romantic",Napoletani,https://www.discogs.com/release/13204028-Various-Addio-Mia-Bella-Napoli-Carosello-di-canzoni-napoletane,,,
Various,Desiderio 'E Sole,P5,,Addio Mia Bella Napoli Carosello di canzoni napoletane,1975,Italy,Selezione Dal Reader's Digest,RDIS23A,Vinyl / LP | Compilation | Stereo || Box Set,"Classical, Folk, World, & Country","Canzone Napoletana, Romantic",Napoletani,https://www.discogs.com/release/13204028-Various-Addio-Mia-Bella-Napoli-Carosello-di-canzoni-napoletane,,,
Various,Sciummo,P6,,Addio Mia Bella Napoli Carosello di canzoni napoletane,1975,Italy,Selezione Dal Reader's Digest,RDIS23A,Vinyl / LP | Compilation | Stereo || Box Set,"Classical, Folk, World, & Country","Canzone Napoletana, Romantic",Napoletani,https://www.discogs.com/release/13204028-Various-Addio-Mia-Bella-Napoli-Carosello-di-canzoni-napoletane,,,
Various,Accarezzame,P7,,Addio Mia Bella Napoli Carosello di canzoni napoletane,1975,Italy,Selezione Dal Reader's Digest,RDIS23A,Vinyl / LP | Compilation | Stereo || Box Set,"Classical, Folk, World, & Country","Canzone Napoletana, Romantic",Napoletani,https://www.discogs.com/release/13204028-Various-Addio-Mia-Bella-Napoli-Carosello-di-canzoni-napoletane,,,
Various,"Disco 8 Napoli Ieri E Oggi ""l'ultima stagione""",,,Addio Mia Bella Napoli Carosello di canzoni napoletane,1975,Italy,Selezione Dal Reader's Digest,RDIS23A,Vinyl / LP | Compilation | Stereo || Box Set,"Classical, Folk, World, & Country","Canzone Napoletana, Romantic",Napoletani,https://www.discogs.com/release/13204028-Various-Addio-Mia-Bella-Napoli-Carosello-di-canzoni-napoletane,,,
Various,Scapricciatiello,Q1,,Addio Mia Bella Napoli Carosello di canzoni napoletane,1975,Italy,Selezione Dal Reader's Digest,RDIS23A,Vinyl / LP | Compilation | Stereo || Box Set,"Classical, Folk, World, & Country","Canzone Napoletana, Romantic",Napoletani,https://www.discogs.com/release/13204028-Various-Addio-Mia-Bella-Napoli-Carosello-di-canzoni-napoletane,,,
Various,Maruzzella,Q2,,Addio Mia Bella Napoli Carosello di canzoni napoletane,1975,Italy,Selezione Dal Reader's Digest,RDIS23A,Vinyl / LP | Compilation | Stereo || Box Set,"Classical, Folk, World, & Country","Canzone Napoletana, Romantic",Napoletani,https://www.discogs.com/release/13204028-Various-Addio-Mia-Bella-Napoli-Carosello-di-canzoni-napoletane,,,
Various,"'Na Voce, 'Na Chitarra E 'O Poco 'E Luna",Q3,,Addio Mia Bella Napoli Carosello di canzoni napoletane,1975,Italy,Selezione Dal Reader's Digest,RDIS23A,Vinyl / LP | Compilation | Stereo || Box Set,"Classical, Folk, World, & Country","Canzone Napoletana, Romantic",Napoletani,https://www.discogs.com/release/13204028-Various-Addio-Mia-Bella-Napoli-Carosello-di-canzoni-napoletane,,,
Various,Che Me 'Mparato A Fa,Q4,,Addio Mia Bella Napoli Carosello di canzoni napoletane,1975,Italy,Selezione Dal Reader's Digest,RDIS23A,Vinyl / LP | Compilation | Stereo || Box Set,"Classical, Folk, World, & Country","Canzone Napoletana, Romantic",Napoletani,https://www.discogs.com/release/13204028-Various-Addio-Mia-Bella-Napoli-Carosello-di-canzoni-napoletane,,,
Various,Strada 'Nfosa,Q5,,Addio Mia Bella Napoli Carosello di canzoni napoletane,1975,Italy,Selezione Dal Reader's Digest,RDIS23A,Vinyl / LP | Compilation | Stereo || Box Set,"Classical, Folk, World, & Country","Canzone Napoletana, Romantic",Napoletani,https://www.discogs.com/release/13204028-Various-Addio-Mia-Bella-Napoli-Carosello-di-canzoni-napoletane,,,
Various,Guaglione,Q6,,Addio Mia Bella Napoli Carosello di canzoni napoletane,1975,Italy,Selezione Dal Reader's Digest,RDIS23A,Vinyl / LP | Compilation | Stereo || Box Set,"Classical, Folk, World, & Country","Canzone Napoletana, Romantic",Napoletani,https://www.discogs.com/release/13204028-Various-Addio-Mia-Bella-Napoli-Carosello-di-canzoni-napoletane,,,
Various,Malatia,Q7,,Addio Mia Bella Napoli Carosello di canzoni napoletane,1975,Italy,Selezione Dal Reader's Digest,RDIS23A,Vinyl / LP | Compilation | Stereo || Box Set,"Classical, Folk, World, & Country","Canzone Napoletana, Romantic",Napoletani,https://www.discogs.com/release/13204028-Various-Addio-Mia-Bella-Napoli-Carosello-di-canzoni-napoletane,,,
Various,Resta Cu Mme,R1,,Addio Mia Bella Napoli Carosello di canzoni napoletane,1975,Italy,Selezione Dal Reader's Digest,RDIS23A,Vinyl / LP | Compilation | Stereo || Box Set,"Classical, Folk, World, & Country","Canzone Napoletana, Romantic",Napoletani,https://www.discogs.com/release/13204028-Various-Addio-Mia-Bella-Napoli-Carosello-di-canzoni-napoletane,,,
Various,Tuppetuppe 'Mariscia',R2,,Addio Mia Bella Napoli Carosello di canzoni napoletane,1975,Italy,Selezione Dal Reader's Digest,RDIS23A,Vinyl / LP | Compilation | Stereo || Box Set,"Classical, Folk, World, & Country","Canzone Napoletana, Romantic",Napoletani,https://www.discogs.com/release/13204028-Various-Addio-Mia-Bella-Napoli-Carosello-di-canzoni-napoletane,,,
Various,Vurria,R3,,Addio Mia Bella Napoli Carosello di canzoni napoletane,1975,Italy,Selezione Dal Reader's Digest,RDIS23A,Vinyl / LP | Compilation | Stereo || Box Set,"Classical, Folk, World, & Country","Canzone Napoletana, Romantic",Napoletani,https://www.discogs.com/release/13204028-Various-Addio-Mia-Bella-Napoli-Carosello-di-canzoni-napoletane,,,
Various,Suonno A Marechiare,R4,,Addio Mia Bella Napoli Carosello di canzoni napoletane,1975,Italy,Selezione Dal Reader's Digest,RDIS23A,Vinyl / LP | Compilation | Stereo || Box Set,"Classical, Folk, World, & Country","Canzone Napoletana, Romantic",Napoletani,https://www.discogs.com/release/13204028-Various-Addio-Mia-Bella-Napoli-Carosello-di-canzoni-napoletane,,,
Various,Lazzarella,R5,,Addio Mia Bella Napoli Carosello di canzoni napoletane,1975,Italy,Selezione Dal Reader's Digest,RDIS23A,Vinyl / LP | Compilation | Stereo || Box Set,"Classical, Folk, World, & Country","Canzone Napoletana, Romantic",Napoletani,https://www.discogs.com/release/13204028-Various-Addio-Mia-Bella-Napoli-Carosello-di-canzoni-napoletane,,,
Various,Vieneme 'Nzuonno,R6,,Addio Mia Bella Napoli Carosello di canzoni napoletane,1975,Italy,Selezione Dal Reader's Digest,RDIS23A,Vinyl / LP | Compilation | Stereo || Box Set,"Classical, Folk, World, & Country","Canzone Napoletana, Romantic",Napoletani,https://www.discogs.com/release/13204028-Various-Addio-Mia-Bella-Napoli-Carosello-di-canzoni-napoletane,,,
Various,Tu Si' 'Na Cosa Grande,R7,,Addio Mia Bella Napoli Carosello di canzoni napoletane,1975,Italy,Selezione Dal Reader's Digest,RDIS23A,Vinyl / LP | Compilation | Stereo || Box Set,"Classical, Folk, World, & Country","Canzone Napoletana, Romantic",Napoletani,https://www.discogs.com/release/13204028-Various-Addio-Mia-Bella-Napoli-Carosello-di-canzoni-napoletane,,,
Various,"Disco 9 Napoli Ieri E Oggi ""le ugole d'oro""",,,Addio Mia Bella Napoli Carosello di canzoni napoletane,1975,Italy,Selezione Dal Reader's Digest,RDIS23A,Vinyl / LP | Compilation | Stereo || Box Set,"Classical, Folk, World, & Country","Canzone Napoletana, Romantic",Napoletani,https://www.discogs.com/release/13204028-Various-Addio-Mia-Bella-Napoli-Carosello-di-canzoni-napoletane,,,
Various,Addio A Napoli,S1,,Addio Mia Bella Napoli Carosello di canzoni napoletane,1975,Italy,Selezione Dal Reader's Digest,RDIS23A,Vinyl / LP | Compilation | Stereo || Box Set,"Classical, Folk, World, & Country","Canzone Napoletana, Romantic",Napoletani,https://www.discogs.com/release/13204028-Various-Addio-Mia-Bella-Napoli-Carosello-di-canzoni-napoletane,,,
Various,'A Vucchella,S2,,Addio Mia Bella Napoli Carosello di canzoni napoletane,1975,Italy,Selezione Dal Reader's Digest,RDIS23A,Vinyl / LP | Compilation | Stereo || Box Set,"Classical, Folk, World, & Country","Canzone Napoletana, Romantic",Napoletani,https://www.discogs.com/release/13204028-Various-Addio-Mia-Bella-Napoli-Carosello-di-canzoni-napoletane,,,
Various,Quanno 'A Femmena Vo,S3,,Addio Mia Bella Napoli Carosello di canzoni napoletane,1975,Italy,Selezione Dal Reader's Digest,RDIS23A,Vinyl / LP | Compilation | Stereo || Box Set,"Classical, Folk, World, & Country","Canzone Napoletana, Romantic",Napoletani,https://www.discogs.com/release/13204028-Various-Addio-Mia-Bella-Napoli-Carosello-di-canzoni-napoletane,,,
Various,Tu Ca Nun Chiagne,S4,,Addio Mia Bella Napoli Carosello di canzoni napoletane,1975,Italy,Selezione Dal Reader's Digest,RDIS23A,Vinyl / LP | Compilation | Stereo || Box Set,"Classical, Folk, World, & Country","Canzone Napoletana, Romantic",Napoletani,https://www.discogs.com/release/13204028-Various-Addio-Mia-Bella-Napoli-Carosello-di-canzoni-napoletane,,,
Various,Napulitanata,S5,,Addio Mia Bella Napoli Carosello di canzoni napoletane,1975,Italy,Selezione Dal Reader's Digest,RDIS23A,Vinyl / LP | Compilation | Stereo || Box Set,"Classical, Folk, World, & Country","Canzone Napoletana, Romantic",Napoletani,https://www.discogs.com/release/13204028-Various-Addio-Mia-Bella-Napoli-Carosello-di-canzoni-napoletane,,,
Various,'O Sole Mio,T1,,Addio Mia Bella Napoli Carosello di canzoni napoletane,1975,Italy,Selezione Dal Reader's Digest,RDIS23A,Vinyl / LP | Compilation | Stereo || Box Set,"Classical, Folk, World, & Country","Canzone Napoletana, Romantic",Napoletani,https://www.discogs.com/release/13204028-Various-Addio-Mia-Bella-Napoli-Carosello-di-canzoni-napoletane,,,
Various,Mamma Mia Che Vo' Sape',T2,,Addio Mia Bella Napoli Carosello di canzoni napoletane,1975,Italy,Selezione Dal Reader's Digest,RDIS23A,Vinyl / LP | Compilation | Stereo || Box Set,"Classical, Folk, World, & Country","Canzone Napoletana, Romantic",Napoletani,https://www.discogs.com/release/13204028-Various-Addio-Mia-Bella-Napoli-Carosello-di-canzoni-napoletane,,,
Various,Comme Facette Mammeta,T3,,Addio Mia Bella Napoli Carosello di canzoni napoletane,1975,Italy,Selezione Dal Reader's Digest,RDIS23A,Vinyl / LP | Compilation | Stereo || Box Set,"Classical, Folk, World, & Country","Canzone Napoletana, Romantic",Napoletani,https://www.discogs.com/release/13204028-Various-Addio-Mia-Bella-Napoli-Carosello-di-canzoni-napoletane,,,
Various,Pecche',T4,,Addio Mia Bella Napoli Carosello di canzoni napoletane,1975,Italy,Selezione Dal Reader's Digest,RDIS23A,Vinyl / LP | Compilation | Stereo || Box Set,"Classical, Folk, World, & Country","Canzone Napoletana, Romantic",Napoletani,https://www.discogs.com/release/13204028-Various-Addio-Mia-Bella-Napoli-Carosello-di-canzoni-napoletane,,,
Various,Carmela,T5,,Addio Mia Bella Napoli Carosello di canzoni napoletane,1975,Italy,Selezione Dal Reader's Digest,RDIS23A,Vinyl / LP | Compilation | Stereo || Box Set,"Classical, Folk, World, & Country","Canzone Napoletana, Romantic",Napoletani,https://www.discogs.com/release/13204028-Various-Addio-Mia-Bella-Napoli-Carosello-di-canzoni-napoletane,,,
Ciro Gioia,Faccio 'O Pazzo Pe' Te,A1,,Prima Esperienza,0,Italy,Sound Quick,LP 5027,Vinyl / LP | Stereo,"Pop, Folk, World, & Country",Canzone Napoletana,Napoletani,https://www.discogs.com/release/14391563-Ciro-Gioia-Prima-Esperienza,Carmine Lafortezza | Leopoldo Esposito,Carmine Lafortezza [Written-By] | Leopoldo Esposito [Written-By],
Ciro Gioia,Gelusia,A2,,Prima Esperienza,0,Italy,Sound Quick,LP 5027,Vinyl / LP | Stereo,"Pop, Folk, World, & Country",Canzone Napoletana,Napoletani,https://www.discogs.com/release/14391563-Ciro-Gioia-Prima-Esperienza,Carmine Lafortezza | Pasquale Imparato,Carmine Lafortezza [Written-By] | Pasquale Imparato [Written-By],
Ciro Gioia,Che Bidone,A3,,Prima Esperienza,0,Italy,Sound Quick,LP 5027,Vinyl / LP | Stereo,"Pop, Folk, World, & Country",Canzone Napoletana,Napoletani,https://www.discogs.com/release/14391563-Ciro-Gioia-Prima-Esperienza,Carmine Lafortezza | Pasquale Imparato,Carmine Lafortezza [Written-By] | Pasquale Imparato [Written-By],
Ciro Gioia,Che Festa,A4,,Prima Esperienza,0,Italy,Sound Quick,LP 5027,Vinyl / LP | Stereo,"Pop, Folk, World, & Country",Canzone Napoletana,Napoletani,https://www.discogs.com/release/14391563-Ciro-Gioia-Prima-Esperienza,Carmine Lafortezza | Pasquale Imparato,Carmine Lafortezza [Written-By] | Pasquale Imparato [Written-By],
Ciro Gioia,Cu' Te Vicino,A5,,Prima Esperienza,0,Italy,Sound Quick,LP 5027,Vinyl / LP | Stereo,"Pop, Folk, World, & Country",Canzone Napoletana,Napoletani,https://www.discogs.com/release/14391563-Ciro-Gioia-Prima-Esperienza,Leopoldo Esposito,Leopoldo Esposito [Written-By],
Ciro Gioia,'O Capo 'E Casa,B1,,Prima Esperienza,0,Italy,Sound Quick,LP 5027,Vinyl / LP | Stereo,"Pop, Folk, World, & Country",Canzone Napoletana,Napoletani,https://www.discogs.com/release/14391563-Ciro-Gioia-Prima-Esperienza,Carmine Lafortezza | Gennaro Arrichiello,Carmine Lafortezza [Written-By] | Gennaro Arrichiello [Written-By],
Ciro Gioia,Un'Amore Distratto,B2,,Prima Esperienza,0,Italy,Sound Quick,LP 5027,Vinyl / LP | Stereo,"Pop, Folk, World, & Country",Canzone Napoletana,Napoletani,https://www.discogs.com/release/14391563-Ciro-Gioia-Prima-Esperienza,Carmine Lafortezza | Pasquale Imparato,Carmine Lafortezza [Written-By] | Pasquale Imparato [Written-By],
Ciro Gioia,Pe' Te Mamma',B3,,Prima Esperienza,0,Italy,Sound Quick,LP 5027,Vinyl / LP | Stereo,"Pop, Folk, World, & Country",Canzone Napoletana,Napoletani,https://www.discogs.com/release/14391563-Ciro-Gioia-Prima-Esperienza,Carmine Lafortezza | Pasquale Imparato,Carmine Lafortezza [Written-By] | Pasquale Imparato [Written-By],
Ciro Gioia,Pe' Na Sera Che Fa',B4,,Prima Esperienza,0,Italy,Sound Quick,LP 5027,Vinyl / LP | Stereo,"Pop, Folk, World, & Country",Canzone Napoletana,Napoletani,https://www.discogs.com/release/14391563-Ciro-Gioia-Prima-Esperienza,Carmine Lafortezza | Pasquale Imparato,Carmine Lafortezza [Written-By] | Pasquale Imparato [Written-By],
Ciro Gioia,Comme Si' 'O Massimo,B5,,Prima Esperienza,0,Italy,Sound Quick,LP 5027,Vinyl / LP | Stereo,"Pop, Folk, World, & Country",Canzone Napoletana,Napoletani,https://www.discogs.com/release/14391563-Ciro-Gioia-Prima-Esperienza,Carmine Lafortezza | Pasquale Imparato,Carmine Lafortezza [Written-By] | Pasquale Imparato [Written-By],
Lina Fiore,Senza Mamma E Nnammurato,A1,,Napoli: Ritmi E Melodie Con Lina Fiore,0,Italy,Stevis Record,LP 00108,Vinyl / LP | Stereo,"Pop, Folk, World, & Country",,Napoletani,https://www.discogs.com/release/15631548-Lina-Fiore-Napoli-Ritmi-E-Melodie-Con-Lina-Fiore,,,
Lina Fiore,'A Cemmenera,A2,,Napoli: Ritmi E Melodie Con Lina Fiore,0,Italy,Stevis Record,LP 00108,Vinyl / LP | Stereo,"Pop, Folk, World, & Country",,Napoletani,https://www.discogs.com/release/15631548-Lina-Fiore-Napoli-Ritmi-E-Melodie-Con-Lina-Fiore,,,
Lina Fiore,Io 'Na Chitarra 'E 'A Luna,A3,,Napoli: Ritmi E Melodie Con Lina Fiore,0,Italy,Stevis Record,LP 00108,Vinyl / LP | Stereo,"Pop, Folk, World, & Country",,Napoletani,https://www.discogs.com/release/15631548-Lina-Fiore-Napoli-Ritmi-E-Melodie-Con-Lina-Fiore,,,
Lina Fiore,St'Ammore 'E Na Buscia,A4,,Napoli: Ritmi E Melodie Con Lina Fiore,0,Italy,Stevis Record,LP 00108,Vinyl / LP | Stereo,"Pop, Folk, World, & Country",,Napoletani,https://www.discogs.com/release/15631548-Lina-Fiore-Napoli-Ritmi-E-Melodie-Con-Lina-Fiore,,,
Lina Fiore,Sott'E Culone,A5,,Napoli: Ritmi E Melodie Con Lina Fiore,0,Italy,Stevis Record,LP 00108,Vinyl / LP | Stereo,"Pop, Folk, World, & Country",,Napoletani,https://www.discogs.com/release/15631548-Lina-Fiore-Napoli-Ritmi-E-Melodie-Con-Lina-Fiore,,,
Lina Fiore,Napule E Surriento,A6,,Napoli: Ritmi E Melodie Con Lina Fiore,0,Italy,Stevis Record,LP 00108,Vinyl / LP | Stereo,"Pop, Folk, World, & Country",,Napoletani,https://www.discogs.com/release/15631548-Lina-Fiore-Napoli-Ritmi-E-Melodie-Con-Lina-Fiore,,,
Lina Fiore,Bellavista,B1,,Napoli: Ritmi E Melodie Con Lina Fiore,0,Italy,Stevis Record,LP 00108,Vinyl / LP | Stereo,"Pop, Folk, World, & Country",,Napoletani,https://www.discogs.com/release/15631548-Lina-Fiore-Napoli-Ritmi-E-Melodie-Con-Lina-Fiore,,,
Lina Fiore,Indifferentemente,B2,,Napoli: Ritmi E Melodie Con Lina Fiore,0,Italy,Stevis Record,LP 00108,Vinyl / LP | Stereo,"Pop, Folk, World, & Country",,Napoletani,https://www.discogs.com/release/15631548-Lina-Fiore-Napoli-Ritmi-E-Melodie-Con-Lina-Fiore,,,
Lina Fiore,Tre Cose,B3,,Napoli: Ritmi E Melodie Con Lina Fiore,0,Italy,Stevis Record,LP 00108,Vinyl / LP | Stereo,"Pop, Folk, World, & Country",,Napoletani,https://www.discogs.com/release/15631548-Lina-Fiore-Napoli-Ritmi-E-Melodie-Con-Lina-Fiore,,,
Lina Fiore,Bionda Nun Chiagnere,B4,,Napoli: Ritmi E Melodie Con Lina Fiore,0,Italy,Stevis Record,LP 00108,Vinyl / LP | Stereo,"Pop, Folk, World, & Country",,Napoletani,https://www.discogs.com/release/15631548-Lina-Fiore-Napoli-Ritmi-E-Melodie-Con-Lina-Fiore,,,
Lina Fiore,'O Bibberò,B5,,Napoli: Ritmi E Melodie Con Lina Fiore,0,Italy,Stevis Record,LP 00108,Vinyl / LP | Stereo,"Pop, Folk, World, & Country",,Napoletani,https://www.discogs.com/release/15631548-Lina-Fiore-Napoli-Ritmi-E-Melodie-Con-Lina-Fiore,,,
Lina Fiore,Mamma Sfurtunata,B6,,Napoli: Ritmi E Melodie Con Lina Fiore,0,Italy,Stevis Record,LP 00108,Vinyl / LP | Stereo,"Pop, Folk, World, & Country",,Napoletani,https://www.discogs.com/release/15631548-Lina-Fiore-Napoli-Ritmi-E-Melodie-Con-Lina-Fiore,,,
I Sadici Piangenti,...'Ncoppa A N'Albero 'E Patane Sta Cantanno Nu Merluzzo...,A1,4:26,...'Ncoppa A N'Albero 'E Patane Sta Cantanno Nu Merluzzo...,1979,Italy,Studio 7 (15),L.P.N. 1143,Vinyl / LP | Album,"Non-Music, Pop, Folk, World, & Country, Stage & Screen","Spoken Word, Parody, Canzone Napoletana",Napoletani,https://www.discogs.com/release/9004547-I-Sadici-Piangenti-Ncoppa-A-NAlbero-E-Patane-Sta-Cantanno-Nu-Merluzzo,,,
I Sadici Piangenti,Il Cicerone (Il Turista E La Guida),A2,8:45,...'Ncoppa A N'Albero 'E Patane Sta Cantanno Nu Merluzzo...,1979,Italy,Studio 7 (15),L.P.N. 1143,Vinyl / LP | Album,"Non-Music, Pop, Folk, World, & Country, Stage & Screen","Spoken Word, Parody, Canzone Napoletana",Napoletani,https://www.discogs.com/release/9004547-I-Sadici-Piangenti-Ncoppa-A-NAlbero-E-Patane-Sta-Cantanno-Nu-Merluzzo,,,
I Sadici Piangenti,Il Documento ('A Fede 'E Nascita),A3,8:45,...'Ncoppa A N'Albero 'E Patane Sta Cantanno Nu Merluzzo...,1979,Italy,Studio 7 (15),L.P.N. 1143,Vinyl / LP | Album,"Non-Music, Pop, Folk, World, & Country, Stage & Screen","Spoken Word, Parody, Canzone Napoletana",Napoletani,https://www.discogs.com/release/9004547-I-Sadici-Piangenti-Ncoppa-A-NAlbero-E-Patane-Sta-Cantanno-Nu-Merluzzo,,,
I Sadici Piangenti,Aummo Aummo,B1,4:56,...'Ncoppa A N'Albero 'E Patane Sta Cantanno Nu Merluzzo...,1979,Italy,Studio 7 (15),L.P.N. 1143,Vinyl / LP | Album,"Non-Music, Pop, Folk, World, & Country, Stage & Screen","Spoken Word, Parody, Canzone Napoletana",Napoletani,https://www.discogs.com/release/9004547-I-Sadici-Piangenti-Ncoppa-A-NAlbero-E-Patane-Sta-Cantanno-Nu-Merluzzo,,,
I Sadici Piangenti,S. Ciro E 'O Pataterno,B2,11:00,...'Ncoppa A N'Albero 'E Patane Sta Cantanno Nu Merluzzo...,1979,Italy,Studio 7 (15),L.P.N. 1143,Vinyl / LP | Album,"Non-Music, Pop, Folk, World, & Country, Stage & Screen","Spoken Word, Parody, Canzone Napoletana",Napoletani,https://www.discogs.com/release/9004547-I-Sadici-Piangenti-Ncoppa-A-NAlbero-E-Patane-Sta-Cantanno-Nu-Merluzzo,,,
I Sadici Piangenti,Viccì,B3,4:47,...'Ncoppa A N'Albero 'E Patane Sta Cantanno Nu Merluzzo...,1979,Italy,Studio 7 (15),L.P.N. 1143,Vinyl / LP | Album,"Non-Music, Pop, Folk, World, & Country, Stage & Screen","Spoken Word, Parody, Canzone Napoletana",Napoletani,https://www.discogs.com/release/9004547-I-Sadici-Piangenti-Ncoppa-A-NAlbero-E-Patane-Sta-Cantanno-Nu-Merluzzo,,,
I Sadici Piangenti,Sigla Finale,B4,1:13,...'Ncoppa A N'Albero 'E Patane Sta Cantanno Nu Merluzzo...,1979,Italy,Studio 7 (15),L.P.N. 1143,Vinyl / LP | Album,"Non-Music, Pop, Folk, World, & Country, Stage & Screen","Spoken Word, Parody, Canzone Napoletana",Napoletani,https://www.discogs.com/release/9004547-I-Sadici-Piangenti-Ncoppa-A-NAlbero-E-Patane-Sta-Cantanno-Nu-Merluzzo,,,
Gianna Grimaldi,Pe Na Mamma,A1,,Insieme,0,Italy,Studiombra Records,S.O.R. 0011,Vinyl / LP | Stereo,"Electronic, Pop, Folk, World, & Country",Italo-Disco,Napoletani,https://www.discogs.com/release/14281589-Gianna-Grimaldi-Insieme,,,
Gianna Grimaldi,Sigarette,A2,,Insieme,0,Italy,Studiombra Records,S.O.R. 0011,Vinyl / LP | Stereo,"Electronic, Pop, Folk, World, & Country",Italo-Disco,Napoletani,https://www.discogs.com/release/14281589-Gianna-Grimaldi-Insieme,,,
Gianna Grimaldi,Buffone,A3,,Insieme,0,Italy,Studiombra Records,S.O.R. 0011,Vinyl / LP | Stereo,"Electronic, Pop, Folk, World, & Country",Italo-Disco,Napoletani,https://www.discogs.com/release/14281589-Gianna-Grimaldi-Insieme,,,
Gianna Grimaldi,Mannaggia La Naia,A4,,Insieme,0,Italy,Studiombra Records,S.O.R. 0011,Vinyl / LP | Stereo,"Electronic, Pop, Folk, World, & Country",Italo-Disco,Napoletani,https://www.discogs.com/release/14281589-Gianna-Grimaldi-Insieme,,,
Gianna Grimaldi,L'Individuo,A5,,Insieme,0,Italy,Studiombra Records,S.O.R. 0011,Vinyl / LP | Stereo,"Electronic, Pop, Folk, World, & Country",Italo-Disco,Napoletani,https://www.discogs.com/release/14281589-Gianna-Grimaldi-Insieme,,,
Gianna Grimaldi,Insieme,B1,,Insieme,0,Italy,Studiombra Records,S.O.R. 0011,Vinyl / LP | Stereo,"Electronic, Pop, Folk, World, & Country",Italo-Disco,Napoletani,https://www.discogs.com/release/14281589-Gianna-Grimaldi-Insieme,,,
Gianna Grimaldi,'O Figlio D'O' Becchino,B2,,Insieme,0,Italy,Studiombra Records,S.O.R. 0011,Vinyl / LP | Stereo,"Electronic, Pop, Folk, World, & Country",Italo-Disco,Napoletani,https://www.discogs.com/release/14281589-Gianna-Grimaldi-Insieme,,,
Gianna Grimaldi,Destino,B3,,Insieme,0,Italy,Studiombra Records,S.O.R. 0011,Vinyl / LP | Stereo,"Electronic, Pop, Folk, World, & Country",Italo-Disco,Napoletani,https://www.discogs.com/release/14281589-Gianna-Grimaldi-Insieme,,,
Gianna Grimaldi,So' Giannina,B4,,Insieme,0,Italy,Studiombra Records,S.O.R. 0011,Vinyl / LP | Stereo,"Electronic, Pop, Folk, World, & Country",Italo-Disco,Napoletani,https://www.discogs.com/release/14281589-Gianna-Grimaldi-Insieme,,,
Gianna Grimaldi,Natale,B5,,Insieme,0,Italy,Studiombra Records,S.O.R. 0011,Vinyl / LP | Stereo,"Electronic, Pop, Folk, World, & Country",Italo-Disco,Napoletani,https://www.discogs.com/release/14281589-Gianna-Grimaldi-Insieme,,,
Franco Rosati,'O SOLE MIO,1A,3:49,souvenir di napoli,0,Italy,Suony Records,LP 032,Vinyl / LP,"Folk, World, & Country",Canzone Napoletana,Napoletani,https://www.discogs.com/release/37290798-Franco-Rosati-souvenir-di-napoli,,,
Franco Rosati,VIERNO,2A,3:46,souvenir di napoli,0,Italy,Suony Records,LP 032,Vinyl / LP,"Folk, World, & Country",Canzone Napoletana,Napoletani,https://www.discogs.com/release/37290798-Franco-Rosati-souvenir-di-napoli,,,
Franco Rosati,E QUI FU NAPOLI,3A,3:20,souvenir di napoli,0,Italy,Suony Records,LP 032,Vinyl / LP,"Folk, World, & Country",Canzone Napoletana,Napoletani,https://www.discogs.com/release/37290798-Franco-Rosati-souvenir-di-napoli,,,
Franco Rosati,TUTTA PE MME,4A,4:17,souvenir di napoli,0,Italy,Suony Records,LP 032,Vinyl / LP,"Folk, World, & Country",Canzone Napoletana,Napoletani,https://www.discogs.com/release/37290798-Franco-Rosati-souvenir-di-napoli,,,
Franco Rosati,TU CA NUN CHIAGNE,5A,3:32,souvenir di napoli,0,Italy,Suony Records,LP 032,Vinyl / LP,"Folk, World, & Country",Canzone Napoletana,Napoletani,https://www.discogs.com/release/37290798-Franco-Rosati-souvenir-di-napoli,,,
Franco Rosati,DICITINCELLO VUJE,1B,4:40,souvenir di napoli,0,Italy,Suony Records,LP 032,Vinyl / LP,"Folk, World, & Country",Canzone Napoletana,Napoletani,https://www.discogs.com/release/37290798-Franco-Rosati-souvenir-di-napoli,,,
Franco Rosati,'O SURDATO 'NNAMMURATO,2B,3:00,souvenir di napoli,0,Italy,Suony Records,LP 032,Vinyl / LP,"Folk, World, & Country",Canzone Napoletana,Napoletani,https://www.discogs.com/release/37290798-Franco-Rosati-souvenir-di-napoli,,,
Franco Rosati,'O PAESE DO' SOLE,3B,3:06,souvenir di napoli,0,Italy,Suony Records,LP 032,Vinyl / LP,"Folk, World, & Country",Canzone Napoletana,Napoletani,https://www.discogs.com/release/37290798-Franco-Rosati-souvenir-di-napoli,,,
Franco Rosati,SILENZIO CANTATORE,4B,4:42,souvenir di napoli,0,Italy,Suony Records,LP 032,Vinyl / LP,"Folk, World, & Country",Canzone Napoletana,Napoletani,https://www.discogs.com/release/37290798-Franco-Rosati-souvenir-di-napoli,,,
Franco Rosati,TORNA A SURRIENTO,5B,3:07,souvenir di napoli,0,Italy,Suony Records,LP 032,Vinyl / LP,"Folk, World, & Country",Canzone Napoletana,Napoletani,https://www.discogs.com/release/37290798-Franco-Rosati-souvenir-di-napoli,,,
Concita,Che T'Aggia Di',A1,,Concita,0,Italy,Vagabondo Hi-Fi Record,PR 1006,Vinyl / LP | Stereo,"Pop, Folk, World, & Country",Canzone Napoletana,Napoletani,https://www.discogs.com/release/14808985-Concita-Concita,,,
Concita,Maggio Si' Tu,A2,,Concita,0,Italy,Vagabondo Hi-Fi Record,PR 1006,Vinyl / LP | Stereo,"Pop, Folk, World, & Country",Canzone Napoletana,Napoletani,https://www.discogs.com/release/14808985-Concita-Concita,,,
Concita,L'Addio,A3,,Concita,0,Italy,Vagabondo Hi-Fi Record,PR 1006,Vinyl / LP | Stereo,"Pop, Folk, World, & Country",Canzone Napoletana,Napoletani,https://www.discogs.com/release/14808985-Concita-Concita,,,
Concita,Ah! Ll'Ammore Che Fa Fa,A4,,Concita,0,Italy,Vagabondo Hi-Fi Record,PR 1006,Vinyl / LP | Stereo,"Pop, Folk, World, & Country",Canzone Napoletana,Napoletani,https://www.discogs.com/release/14808985-Concita-Concita,,,
Concita,Canzone Appassiunata,A5,,Concita,0,Italy,Vagabondo Hi-Fi Record,PR 1006,Vinyl / LP | Stereo,"Pop, Folk, World, & Country",Canzone Napoletana,Napoletani,https://www.discogs.com/release/14808985-Concita-Concita,,,
Concita,'O Mese D''Rose,B1,,Concita,0,Italy,Vagabondo Hi-Fi Record,PR 1006,Vinyl / LP | Stereo,"Pop, Folk, World, & Country",Canzone Napoletana,Napoletani,https://www.discogs.com/release/14808985-Concita-Concita,,,
Concita,Dimme Addo' Staie,B2,,Concita,0,Italy,Vagabondo Hi-Fi Record,PR 1006,Vinyl / LP | Stereo,"Pop, Folk, World, & Country",Canzone Napoletana,Napoletani,https://www.discogs.com/release/14808985-Concita-Concita,,,
Concita,Nu Poco 'E Sentimento,B3,,Concita,0,Italy,Vagabondo Hi-Fi Record,PR 1006,Vinyl / LP | Stereo,"Pop, Folk, World, & Country",Canzone Napoletana,Napoletani,https://www.discogs.com/release/14808985-Concita-Concita,,,
Concita,Presentimento,B4,,Concita,0,Italy,Vagabondo Hi-Fi Record,PR 1006,Vinyl / LP | Stereo,"Pop, Folk, World, & Country",Canzone Napoletana,Napoletani,https://www.discogs.com/release/14808985-Concita-Concita,,,
Concita,Tammurriata Palazzola,B5,,Concita,0,Italy,Vagabondo Hi-Fi Record,PR 1006,Vinyl / LP | Stereo,"Pop, Folk, World, & Country",Canzone Napoletana,Napoletani,https://www.discogs.com/release/14808985-Concita-Concita,,,
Concita,Passione,B6,,Concita,0,Italy,Vagabondo Hi-Fi Record,PR 1006,Vinyl / LP | Stereo,"Pop, Folk, World, & Country",Canzone Napoletana,Napoletani,https://www.discogs.com/release/14808985-Concita-Concita,,,
Fred Bongusto,Una Rotonda Sul Mare,A1,2:47,Amore Fermati,1973,Italy,"Variety (2), Variety (2)","REL-ST 19106, REL ST 19106",Vinyl / LP | Compilation,Pop,"Romantic, Vocal",Napoletani,https://www.discogs.com/release/1824214-Fred-Bongusto-Amore-Fermati,Franco Migliacci | Piero Faleni,Franco Migliacci [Written-By] | Piero Faleni [Written-By],
Fred Bongusto,Chi Ci Sarà Dopo Di Te,A2,2:52,Amore Fermati,1973,Italy,"Variety (2), Variety (2)","REL-ST 19106, REL ST 19106",Vinyl / LP | Compilation,Pop,"Romantic, Vocal",Napoletani,https://www.discogs.com/release/1824214-Fred-Bongusto-Amore-Fermati,Marco Scotti (2) | Mogol,Marco Scotti (2) [Written-By] | Mogol [Written-By],
Fred Bongusto,Amore Fermati,A3,2:32,Amore Fermati,1973,Italy,"Variety (2), Variety (2)","REL-ST 19106, REL ST 19106",Vinyl / LP | Compilation,Pop,"Romantic, Vocal",Napoletani,https://www.discogs.com/release/1824214-Fred-Bongusto-Amore-Fermati,Bernardino Zapponi | Gorni Kramer | Italo Terzoli,Bernardino Zapponi [Written-By] | Gorni Kramer [Written-By] | Italo Terzoli [Written-By],
Fred Bongusto,Mare Non Cantare,A4,2:58,Amore Fermati,1973,Italy,"Variety (2), Variety (2)","REL-ST 19106, REL ST 19106",Vinyl / LP | Compilation,Pop,"Romantic, Vocal",Napoletani,https://www.discogs.com/release/1824214-Fred-Bongusto-Amore-Fermati,Gorni Kramer | Vito Pallavicini,Gorni Kramer [Written-By] | Vito Pallavicini [Written-By],
Fred Bongusto,Frida,A5,2:54,Amore Fermati,1973,Italy,"Variety (2), Variety (2)","REL-ST 19106, REL ST 19106",Vinyl / LP | Compilation,Pop,"Romantic, Vocal",Napoletani,https://www.discogs.com/release/1824214-Fred-Bongusto-Amore-Fermati,Fred Bongusto,Fred Bongusto [Written-By],
Fred Bongusto,"Buona Notte, Angelo Mio",A6,2:12,Amore Fermati,1973,Italy,"Variety (2), Variety (2)","REL-ST 19106, REL ST 19106",Vinyl / LP | Compilation,Pop,"Romantic, Vocal",Napoletani,https://www.discogs.com/release/1824214-Fred-Bongusto-Amore-Fermati,Bruno Pallesi | Danpa | Mac Gillar,Bruno Pallesi [Written-By] | Danpa [Written-By] | Mac Gillar [Written-By],
Fred Bongusto,Doce Doce,B1,3:45,Amore Fermati,1973,Italy,"Variety (2), Variety (2)","REL-ST 19106, REL ST 19106",Vinyl / LP | Compilation,Pop,"Romantic, Vocal",Napoletani,https://www.discogs.com/release/1824214-Fred-Bongusto-Amore-Fermati,Fred Bongusto,Fred Bongusto [Written-By],
Fred Bongusto,Vierno,B2,3:05,Amore Fermati,1973,Italy,"Variety (2), Variety (2)","REL-ST 19106, REL ST 19106",Vinyl / LP | Compilation,Pop,"Romantic, Vocal",Napoletani,https://www.discogs.com/release/1824214-Fred-Bongusto-Amore-Fermati,Armando De Gregorio | Vincenzo Acampora,Armando De Gregorio [Written-By] | Vincenzo Acampora [Written-By],
Fred Bongusto,Malaga,B3,2:00,Amore Fermati,1973,Italy,"Variety (2), Variety (2)","REL-ST 19106, REL ST 19106",Vinyl / LP | Compilation,Pop,"Romantic, Vocal",Napoletani,https://www.discogs.com/release/1824214-Fred-Bongusto-Amore-Fermati,Fred Bongusto | Giuliano Mancini,Fred Bongusto [Written-By] | Giuliano Mancini [Written-By],
Fred Bongusto,O Cielo Ce Manna Sti 'Ccose,B4,3:15,Amore Fermati,1973,Italy,"Variety (2), Variety (2)","REL-ST 19106, REL ST 19106",Vinyl / LP | Compilation,Pop,"Romantic, Vocal",Napoletani,https://www.discogs.com/release/1824214-Fred-Bongusto-Amore-Fermati,Armando Trovaioli | Fred Bongusto,Armando Trovaioli [Written-By] | Fred Bongusto [Written-By],
Fred Bongusto,Tutti Mi Dicono,B5,3:13,Amore Fermati,1973,Italy,"Variety (2), Variety (2)","REL-ST 19106, REL ST 19106",Vinyl / LP | Compilation,Pop,"Romantic, Vocal",Napoletani,https://www.discogs.com/release/1824214-Fred-Bongusto-Amore-Fermati,Franco Migliacci | Fred Bongusto,Franco Migliacci [Written-By] | Fred Bongusto [Written-By],
Fred Bongusto,Tu Nun 'E A Chiagnere,B6,2:25,Amore Fermati,1973,Italy,"Variety (2), Variety (2)","REL-ST 19106, REL ST 19106",Vinyl / LP | Compilation,Pop,"Romantic, Vocal",Napoletani,https://www.discogs.com/release/1824214-Fred-Bongusto-Amore-Fermati,Fred Bongusto,Fred Bongusto [Written-By],
Nino D'Angelo,Nun Tengo O Curaggio,A1,3:39,Eccomi Qua,1985,Italy,Vis Radio,LP IM 796,Vinyl / LP,"Pop, Folk, World, & Country","Vocal, Canzone Napoletana",Napoletani,https://www.discogs.com/release/1634149-Nino-DAngelo-Eccomi-Qua,,,
Nino D'Angelo,Voglia E Fa  Pace Cu Te,A2,4:00,Eccomi Qua,1985,Italy,Vis Radio,LP IM 796,Vinyl / LP,"Pop, Folk, World, & Country","Vocal, Canzone Napoletana",Napoletani,https://www.discogs.com/release/1634149-Nino-DAngelo-Eccomi-Qua,,,
Nino D'Angelo,Luna Spiona,A3,3:25,Eccomi Qua,1985,Italy,Vis Radio,LP IM 796,Vinyl / LP,"Pop, Folk, World, & Country","Vocal, Canzone Napoletana",Napoletani,https://www.discogs.com/release/1634149-Nino-DAngelo-Eccomi-Qua,,,
Nino D'Angelo,A Mare...OO,A4,3:32,Eccomi Qua,1985,Italy,Vis Radio,LP IM 796,Vinyl / LP,"Pop, Folk, World, & Country","Vocal, Canzone Napoletana",Napoletani,https://www.discogs.com/release/1634149-Nino-DAngelo-Eccomi-Qua,,,
Nino D'Angelo,Vecchio Comò,A5,2:51,Eccomi Qua,1985,Italy,Vis Radio,LP IM 796,Vinyl / LP,"Pop, Folk, World, & Country","Vocal, Canzone Napoletana",Napoletani,https://www.discogs.com/release/1634149-Nino-DAngelo-Eccomi-Qua,,,
Nino D'Angelo,Dialogo,B1,3:36,Eccomi Qua,1985,Italy,Vis Radio,LP IM 796,Vinyl / LP,"Pop, Folk, World, & Country","Vocal, Canzone Napoletana",Napoletani,https://www.discogs.com/release/1634149-Nino-DAngelo-Eccomi-Qua,,,
Nino D'Angelo,Ragazzina Rock,B2,3:20,Eccomi Qua,1985,Italy,Vis Radio,LP IM 796,Vinyl / LP,"Pop, Folk, World, & Country","Vocal, Canzone Napoletana",Napoletani,https://www.discogs.com/release/1634149-Nino-DAngelo-Eccomi-Qua,,,
Nino D'Angelo,Io E Te Pe Tutta A Vita,B3,3:53,Eccomi Qua,1985,Italy,Vis Radio,LP IM 796,Vinyl / LP,"Pop, Folk, World, & Country","Vocal, Canzone Napoletana",Napoletani,https://www.discogs.com/release/1634149-Nino-DAngelo-Eccomi-Qua,,,
Nino D'Angelo,Un Ragazzo Una Ragazza,B4,2:38,Eccomi Qua,1985,Italy,Vis Radio,LP IM 796,Vinyl / LP,"Pop, Folk, World, & Country","Vocal, Canzone Napoletana",Napoletani,https://www.discogs.com/release/1634149-Nino-DAngelo-Eccomi-Qua,,,
Nino D'Angelo,Ciao Amore,B5,3:57,Eccomi Qua,1985,Italy,Vis Radio,LP IM 796,Vinyl / LP,"Pop, Folk, World, & Country","Vocal, Canzone Napoletana",Napoletani,https://www.discogs.com/release/1634149-Nino-DAngelo-Eccomi-Qua,,,
Claudio Villa,Martellacore,A1,,Pusilleco 'Nsentimento,1969,Italy,Vis Radio,ViMT 08462,Vinyl / LP,"Folk, World, & Country",Canzone Napoletana,Napoletani,https://www.discogs.com/release/31952144-Claudio-Villa-Pusilleco-Nsentimento,,,
Claudio Villa,Statte vicino a me,A2,,Pusilleco 'Nsentimento,1969,Italy,Vis Radio,ViMT 08462,Vinyl / LP,"Folk, World, & Country",Canzone Napoletana,Napoletani,https://www.discogs.com/release/31952144-Claudio-Villa-Pusilleco-Nsentimento,,,
Claudio Villa,Pezzullo 'e paraviso,A3,,Pusilleco 'Nsentimento,1969,Italy,Vis Radio,ViMT 08462,Vinyl / LP,"Folk, World, & Country",Canzone Napoletana,Napoletani,https://www.discogs.com/release/31952144-Claudio-Villa-Pusilleco-Nsentimento,,,
Claudio Villa,Napule e' 'nu cafè,A4,,Pusilleco 'Nsentimento,1969,Italy,Vis Radio,ViMT 08462,Vinyl / LP,"Folk, World, & Country",Canzone Napoletana,Napoletani,https://www.discogs.com/release/31952144-Claudio-Villa-Pusilleco-Nsentimento,,,
Claudio Villa,Pusilleco 'nsentimento,A5,,Pusilleco 'Nsentimento,1969,Italy,Vis Radio,ViMT 08462,Vinyl / LP,"Folk, World, & Country",Canzone Napoletana,Napoletani,https://www.discogs.com/release/31952144-Claudio-Villa-Pusilleco-Nsentimento,,,
Claudio Villa,Te sto aspettando,A6,,Pusilleco 'Nsentimento,1969,Italy,Vis Radio,ViMT 08462,Vinyl / LP,"Folk, World, & Country",Canzone Napoletana,Napoletani,https://www.discogs.com/release/31952144-Claudio-Villa-Pusilleco-Nsentimento,,,
Claudio Villa,Che tuorne a ffa',B1,,Pusilleco 'Nsentimento,1969,Italy,Vis Radio,ViMT 08462,Vinyl / LP,"Folk, World, & Country",Canzone Napoletana,Napoletani,https://www.discogs.com/release/31952144-Claudio-Villa-Pusilleco-Nsentimento,,,
Claudio Villa,'O segreto 'e Napule,B2,,Pusilleco 'Nsentimento,1969,Italy,Vis Radio,ViMT 08462,Vinyl / LP,"Folk, World, & Country",Canzone Napoletana,Napoletani,https://www.discogs.com/release/31952144-Claudio-Villa-Pusilleco-Nsentimento,,,
Claudio Villa,Angelarò,B3,,Pusilleco 'Nsentimento,1969,Italy,Vis Radio,ViMT 08462,Vinyl / LP,"Folk, World, & Country",Canzone Napoletana,Napoletani,https://www.discogs.com/release/31952144-Claudio-Villa-Pusilleco-Nsentimento,,,
Claudio Villa,Catena,B4,,Pusilleco 'Nsentimento,1969,Italy,Vis Radio,ViMT 08462,Vinyl / LP,"Folk, World, & Country",Canzone Napoletana,Napoletani,https://www.discogs.com/release/31952144-Claudio-Villa-Pusilleco-Nsentimento,,,
Claudio Villa,Suonno d'ammore,B5,,Pusilleco 'Nsentimento,1969,Italy,Vis Radio,ViMT 08462,Vinyl / LP,"Folk, World, & Country",Canzone Napoletana,Napoletani,https://www.discogs.com/release/31952144-Claudio-Villa-Pusilleco-Nsentimento,,,
Claudio Villa,Giuramento,B6,,Pusilleco 'Nsentimento,1969,Italy,Vis Radio,ViMT 08462,Vinyl / LP,"Folk, World, & Country",Canzone Napoletana,Napoletani,https://www.discogs.com/release/31952144-Claudio-Villa-Pusilleco-Nsentimento,,,
Maria Paris,"Tuppe-Tuppe, Mariscià",A1,,"Tuppe Tuppe, Mariscià",0,Italy,Vis Radio,VIS LP 2014,Vinyl / LP,"Pop, Folk, World, & Country",Canzone Napoletana,Napoletani,https://www.discogs.com/release/7266400-Maria-Paris-Tuppe-Tuppe-Mariscià,,,
Maria Paris,Freva E Gelusia,A2,,"Tuppe Tuppe, Mariscià",0,Italy,Vis Radio,VIS LP 2014,Vinyl / LP,"Pop, Folk, World, & Country",Canzone Napoletana,Napoletani,https://www.discogs.com/release/7266400-Maria-Paris-Tuppe-Tuppe-Mariscià,,,
Maria Paris,"Pulecenella, 'O Core 'E Napule",A3,,"Tuppe Tuppe, Mariscià",0,Italy,Vis Radio,VIS LP 2014,Vinyl / LP,"Pop, Folk, World, & Country",Canzone Napoletana,Napoletani,https://www.discogs.com/release/7266400-Maria-Paris-Tuppe-Tuppe-Mariscià,,,
Maria Paris,E' Frennesia !,A4,,"Tuppe Tuppe, Mariscià",0,Italy,Vis Radio,VIS LP 2014,Vinyl / LP,"Pop, Folk, World, & Country",Canzone Napoletana,Napoletani,https://www.discogs.com/release/7266400-Maria-Paris-Tuppe-Tuppe-Mariscià,,,
Maria Paris,Maruzzella,A5,,"Tuppe Tuppe, Mariscià",0,Italy,Vis Radio,VIS LP 2014,Vinyl / LP,"Pop, Folk, World, & Country",Canzone Napoletana,Napoletani,https://www.discogs.com/release/7266400-Maria-Paris-Tuppe-Tuppe-Mariscià,,,
Maria Paris,E Stelle 'E Napule,A6,,"Tuppe Tuppe, Mariscià",0,Italy,Vis Radio,VIS LP 2014,Vinyl / LP,"Pop, Folk, World, & Country",Canzone Napoletana,Napoletani,https://www.discogs.com/release/7266400-Maria-Paris-Tuppe-Tuppe-Mariscià,,,
Maria Paris,Ciento Catene,B1,,"Tuppe Tuppe, Mariscià",0,Italy,Vis Radio,VIS LP 2014,Vinyl / LP,"Pop, Folk, World, & Country",Canzone Napoletana,Napoletani,https://www.discogs.com/release/7266400-Maria-Paris-Tuppe-Tuppe-Mariscià,,,
Maria Paris,'O Ritratto 'E Nanninella,B2,,"Tuppe Tuppe, Mariscià",0,Italy,Vis Radio,VIS LP 2014,Vinyl / LP,"Pop, Folk, World, & Country",Canzone Napoletana,Napoletani,https://www.discogs.com/release/7266400-Maria-Paris-Tuppe-Tuppe-Mariscià,,,
Maria Paris,Masto Andrea,B3,,"Tuppe Tuppe, Mariscià",0,Italy,Vis Radio,VIS LP 2014,Vinyl / LP,"Pop, Folk, World, & Country",Canzone Napoletana,Napoletani,https://www.discogs.com/release/7266400-Maria-Paris-Tuppe-Tuppe-Mariscià,,,
Maria Paris,E' Desiderio,B4,,"Tuppe Tuppe, Mariscià",0,Italy,Vis Radio,VIS LP 2014,Vinyl / LP,"Pop, Folk, World, & Country",Canzone Napoletana,Napoletani,https://www.discogs.com/release/7266400-Maria-Paris-Tuppe-Tuppe-Mariscià,,,
Maria Paris,'A Lattara,B5,,"Tuppe Tuppe, Mariscià",0,Italy,Vis Radio,VIS LP 2014,Vinyl / LP,"Pop, Folk, World, & Country",Canzone Napoletana,Napoletani,https://www.discogs.com/release/7266400-Maria-Paris-Tuppe-Tuppe-Mariscià,,,
Maria Paris,E Tre Figliole,B6,,"Tuppe Tuppe, Mariscià",0,Italy,Vis Radio,VIS LP 2014,Vinyl / LP,"Pop, Folk, World, & Country",Canzone Napoletana,Napoletani,https://www.discogs.com/release/7266400-Maria-Paris-Tuppe-Tuppe-Mariscià,,,
Various,Comme Facette Mammeta?,A1,,Souvenir De Naples,1964,Italy,"Vis Radio, Vis Radio","ViMT 08405, Vi M.T. 08405",Vinyl / LP | Compilation,"Folk, World, & Country",Canzone Napoletana,Napoletani,https://www.discogs.com/release/3213756-Various-Souvenir-De-Naples,Giuseppe Capaldo | Salvatore Gambardella,Giuseppe Capaldo [Written-By] | Salvatore Gambardella [Written-By],
Various,Torna A Surriento,A2,,Souvenir De Naples,1964,Italy,"Vis Radio, Vis Radio","ViMT 08405, Vi M.T. 08405",Vinyl / LP | Compilation,"Folk, World, & Country",Canzone Napoletana,Napoletani,https://www.discogs.com/release/3213756-Various-Souvenir-De-Naples,Ernesto de Curtis,Ernesto de Curtis [Written-By],
Various,Quann'Amore Vo' Filà,A3,,Souvenir De Naples,1964,Italy,"Vis Radio, Vis Radio","ViMT 08405, Vi M.T. 08405",Vinyl / LP | Compilation,"Folk, World, & Country",Canzone Napoletana,Napoletani,https://www.discogs.com/release/3213756-Various-Souvenir-De-Naples,Ernesto Murolo | Ernesto Tagliaferri,Ernesto Murolo [Written-By] | Ernesto Tagliaferri [Written-By],
Various,'A Frangesa,A4,,Souvenir De Naples,1964,Italy,"Vis Radio, Vis Radio","ViMT 08405, Vi M.T. 08405",Vinyl / LP | Compilation,"Folk, World, & Country",Canzone Napoletana,Napoletani,https://www.discogs.com/release/3213756-Various-Souvenir-De-Naples,Mario Pasquale Costa,Mario Pasquale Costa [Written-By],
Various,I'Te Vurria Vasà,A5,,Souvenir De Naples,1964,Italy,"Vis Radio, Vis Radio","ViMT 08405, Vi M.T. 08405",Vinyl / LP | Compilation,"Folk, World, & Country",Canzone Napoletana,Napoletani,https://www.discogs.com/release/3213756-Various-Souvenir-De-Naples,Eduardo di Capua | Vincenzo Russo,Eduardo di Capua [Written-By] | Vincenzo Russo [Written-By],
Various,Tarantelluccia,A6,,Souvenir De Naples,1964,Italy,"Vis Radio, Vis Radio","ViMT 08405, Vi M.T. 08405",Vinyl / LP | Compilation,"Folk, World, & Country",Canzone Napoletana,Napoletani,https://www.discogs.com/release/3213756-Various-Souvenir-De-Naples,Ernesto Murolo | Rodolfo Falvo,Ernesto Murolo [Written-By] | Rodolfo Falvo [Written-By],
Various,Mandulinata A Mare,B1,,Souvenir De Naples,1964,Italy,"Vis Radio, Vis Radio","ViMT 08405, Vi M.T. 08405",Vinyl / LP | Compilation,"Folk, World, & Country",Canzone Napoletana,Napoletani,https://www.discogs.com/release/3213756-Various-Souvenir-De-Naples,Aniello Califano | Francesco Buongiovanni,Aniello Califano [Written-By] | Francesco Buongiovanni [Written-By],
Various,Dduie Paravise,B2,,Souvenir De Naples,1964,Italy,"Vis Radio, Vis Radio","ViMT 08405, Vi M.T. 08405",Vinyl / LP | Compilation,"Folk, World, & Country",Canzone Napoletana,Napoletani,https://www.discogs.com/release/3213756-Various-Souvenir-De-Naples,Ciro Parente | E. A. Mario,Ciro Parente [Written-By] | E. A. Mario [Written-By],
Various,"Sona, Chitarra",B3,,Souvenir De Naples,1964,Italy,"Vis Radio, Vis Radio","ViMT 08405, Vi M.T. 08405",Vinyl / LP | Compilation,"Folk, World, & Country",Canzone Napoletana,Napoletani,https://www.discogs.com/release/3213756-Various-Souvenir-De-Naples,Ernesto de Curtis | Libero Bovio,Ernesto de Curtis [Written-By] | Libero Bovio [Written-By],
Various,'Nu Poco 'E Sentimento,B4,,Souvenir De Naples,1964,Italy,"Vis Radio, Vis Radio","ViMT 08405, Vi M.T. 08405",Vinyl / LP | Compilation,"Folk, World, & Country",Canzone Napoletana,Napoletani,https://www.discogs.com/release/3213756-Various-Souvenir-De-Naples,P. Villani | Gaetano Lama,P. Villani [Written By] | Gaetano Lama [Written-By],
Various,Te Si' Scurdato 'E Napule,B5,,Souvenir De Naples,1964,Italy,"Vis Radio, Vis Radio","ViMT 08405, Vi M.T. 08405",Vinyl / LP | Compilation,"Folk, World, & Country",Canzone Napoletana,Napoletani,https://www.discogs.com/release/3213756-Various-Souvenir-De-Naples,Ernesto Murolo | Evemero Nardella,Ernesto Murolo [Written-By] | Evemero Nardella [Written-By],
Various,Funiculì Funiculà,B6,,Souvenir De Naples,1964,Italy,"Vis Radio, Vis Radio","ViMT 08405, Vi M.T. 08405",Vinyl / LP | Compilation,"Folk, World, & Country",Canzone Napoletana,Napoletani,https://www.discogs.com/release/3213756-Various-Souvenir-De-Naples,Giuseppe Turco | Luigi Denza,Giuseppe Turco [Written-By] | Luigi Denza [Written-By],
Claudio Villa,Bella Affacciati,A1,,Melodie Popolari Italiane Vol. VII,1965,Italy,"Vis Radio, Vis Radio","ViMT 08431, Vi M. T. 08431",Vinyl / LP | Album,"Folk, World, & Country",Canzone Napoletana,Napoletani,https://www.discogs.com/release/12680697-Claudio-Villa-Melodie-Popolari-Italiane-Vol-VII,,,
Claudio Villa,Cancello Chiuso,A2,,Melodie Popolari Italiane Vol. VII,1965,Italy,"Vis Radio, Vis Radio","ViMT 08431, Vi M. T. 08431",Vinyl / LP | Album,"Folk, World, & Country",Canzone Napoletana,Napoletani,https://www.discogs.com/release/12680697-Claudio-Villa-Melodie-Popolari-Italiane-Vol-VII,,,
Claudio Villa,Madonnella Del Torrente,A3,,Melodie Popolari Italiane Vol. VII,1965,Italy,"Vis Radio, Vis Radio","ViMT 08431, Vi M. T. 08431",Vinyl / LP | Album,"Folk, World, & Country",Canzone Napoletana,Napoletani,https://www.discogs.com/release/12680697-Claudio-Villa-Melodie-Popolari-Italiane-Vol-VII,,,
Claudio Villa,Tu M'Hai Tradito,A4,,Melodie Popolari Italiane Vol. VII,1965,Italy,"Vis Radio, Vis Radio","ViMT 08431, Vi M. T. 08431",Vinyl / LP | Album,"Folk, World, & Country",Canzone Napoletana,Napoletani,https://www.discogs.com/release/12680697-Claudio-Villa-Melodie-Popolari-Italiane-Vol-VII,,,
Claudio Villa,Ho Pianto Per Te,A5,,Melodie Popolari Italiane Vol. VII,1965,Italy,"Vis Radio, Vis Radio","ViMT 08431, Vi M. T. 08431",Vinyl / LP | Album,"Folk, World, & Country",Canzone Napoletana,Napoletani,https://www.discogs.com/release/12680697-Claudio-Villa-Melodie-Popolari-Italiane-Vol-VII,,,
Claudio Villa,Arrota Arrota,A6,,Melodie Popolari Italiane Vol. VII,1965,Italy,"Vis Radio, Vis Radio","ViMT 08431, Vi M. T. 08431",Vinyl / LP | Album,"Folk, World, & Country",Canzone Napoletana,Napoletani,https://www.discogs.com/release/12680697-Claudio-Villa-Melodie-Popolari-Italiane-Vol-VII,,,
Claudio Villa,Primo Appuntamento,B1,,Melodie Popolari Italiane Vol. VII,1965,Italy,"Vis Radio, Vis Radio","ViMT 08431, Vi M. T. 08431",Vinyl / LP | Album,"Folk, World, & Country",Canzone Napoletana,Napoletani,https://www.discogs.com/release/12680697-Claudio-Villa-Melodie-Popolari-Italiane-Vol-VII,,,
Claudio Villa,Buongiorno Giuliana,B2,,Melodie Popolari Italiane Vol. VII,1965,Italy,"Vis Radio, Vis Radio","ViMT 08431, Vi M. T. 08431",Vinyl / LP | Album,"Folk, World, & Country",Canzone Napoletana,Napoletani,https://www.discogs.com/release/12680697-Claudio-Villa-Melodie-Popolari-Italiane-Vol-VII,,,
Claudio Villa,E 'Na Regazza Trasteverina,B3,,Melodie Popolari Italiane Vol. VII,1965,Italy,"Vis Radio, Vis Radio","ViMT 08431, Vi M. T. 08431",Vinyl / LP | Album,"Folk, World, & Country",Canzone Napoletana,Napoletani,https://www.discogs.com/release/12680697-Claudio-Villa-Melodie-Popolari-Italiane-Vol-VII,,,
Claudio Villa,Canzone Stradaiola,B4,,Melodie Popolari Italiane Vol. VII,1965,Italy,"Vis Radio, Vis Radio","ViMT 08431, Vi M. T. 08431",Vinyl / LP | Album,"Folk, World, & Country",Canzone Napoletana,Napoletani,https://www.discogs.com/release/12680697-Claudio-Villa-Melodie-Popolari-Italiane-Vol-VII,,,
Claudio Villa,La Bionda Per La Bruna,B5,,Melodie Popolari Italiane Vol. VII,1965,Italy,"Vis Radio, Vis Radio","ViMT 08431, Vi M. T. 08431",Vinyl / LP | Album,"Folk, World, & Country",Canzone Napoletana,Napoletani,https://www.discogs.com/release/12680697-Claudio-Villa-Melodie-Popolari-Italiane-Vol-VII,,,
Claudio Villa,Ho fatto Tante Serenate,B6,,Melodie Popolari Italiane Vol. VII,1965,Italy,"Vis Radio, Vis Radio","ViMT 08431, Vi M. T. 08431",Vinyl / LP | Album,"Folk, World, & Country",Canzone Napoletana,Napoletani,https://www.discogs.com/release/12680697-Claudio-Villa-Melodie-Popolari-Italiane-Vol-VII,,,
Cinzia Paglini,Facimme Pace,A1,3:29,Non Mi Voglio Innamorare Più,1989,Italy,Visco Disc,LP 70131,Vinyl / LP | Stereo,"Electronic, Folk, World, & Country","Canzone Napoletana, Italo-Disco",Napoletani,https://www.discogs.com/release/15712317-Cinzia-Paglini-Non-Mi-Voglio-Innamorare-Più,Cinzia Paglini,Cinzia Paglini [Written-By],
Cinzia Paglini,Gelosia D'Estate,A2,2:49,Non Mi Voglio Innamorare Più,1989,Italy,Visco Disc,LP 70131,Vinyl / LP | Stereo,"Electronic, Folk, World, & Country","Canzone Napoletana, Italo-Disco",Napoletani,https://www.discogs.com/release/15712317-Cinzia-Paglini-Non-Mi-Voglio-Innamorare-Più,Vincenzo Messina (5),Vincenzo Messina (5) [Written-By],
Cinzia Paglini,Non Mi Voglio Innamorare Più,A3,3:53,Non Mi Voglio Innamorare Più,1989,Italy,Visco Disc,LP 70131,Vinyl / LP | Stereo,"Electronic, Folk, World, & Country","Canzone Napoletana, Italo-Disco",Napoletani,https://www.discogs.com/release/15712317-Cinzia-Paglini-Non-Mi-Voglio-Innamorare-Più,Franco Percopo,Franco Percopo [Written-By],
Cinzia Paglini,Ti Amo Ancora,A4,3:17,Non Mi Voglio Innamorare Più,1989,Italy,Visco Disc,LP 70131,Vinyl / LP | Stereo,"Electronic, Folk, World, & Country","Canzone Napoletana, Italo-Disco",Napoletani,https://www.discogs.com/release/15712317-Cinzia-Paglini-Non-Mi-Voglio-Innamorare-Più,Franco Percopo | Giuseppe Faraco (2),Franco Percopo [Written-By] | Giuseppe Faraco (2) [Written-By],
Cinzia Paglini,Un Amore Sbagliato,A5,3:27,Non Mi Voglio Innamorare Più,1989,Italy,Visco Disc,LP 70131,Vinyl / LP | Stereo,"Electronic, Folk, World, & Country","Canzone Napoletana, Italo-Disco",Napoletani,https://www.discogs.com/release/15712317-Cinzia-Paglini-Non-Mi-Voglio-Innamorare-Più,Franco Percopo,Franco Percopo [Written-By],
Cinzia Paglini,Pierde 'O Tiempo,B1,2:56,Non Mi Voglio Innamorare Più,1989,Italy,Visco Disc,LP 70131,Vinyl / LP | Stereo,"Electronic, Folk, World, & Country","Canzone Napoletana, Italo-Disco",Napoletani,https://www.discogs.com/release/15712317-Cinzia-Paglini-Non-Mi-Voglio-Innamorare-Più,Franco Percopo,Franco Percopo [Written-By],
Cinzia Paglini,Dimme,B2,3:30,Non Mi Voglio Innamorare Più,1989,Italy,Visco Disc,LP 70131,Vinyl / LP | Stereo,"Electronic, Folk, World, & Country","Canzone Napoletana, Italo-Disco",Napoletani,https://www.discogs.com/release/15712317-Cinzia-Paglini-Non-Mi-Voglio-Innamorare-Più,Vincenzo Messina (5),Vincenzo Messina (5) [Written-By],
Cinzia Paglini,Me Gusta El Muchacho,B3,3:39,Non Mi Voglio Innamorare Più,1989,Italy,Visco Disc,LP 70131,Vinyl / LP | Stereo,"Electronic, Folk, World, & Country","Canzone Napoletana, Italo-Disco",Napoletani,https://www.discogs.com/release/15712317-Cinzia-Paglini-Non-Mi-Voglio-Innamorare-Più,Franco Percopo,Franco Percopo [Written-By],
Cinzia Paglini,Lassame,B4,3:43,Non Mi Voglio Innamorare Più,1989,Italy,Visco Disc,LP 70131,Vinyl / LP | Stereo,"Electronic, Folk, World, & Country","Canzone Napoletana, Italo-Disco",Napoletani,https://www.discogs.com/release/15712317-Cinzia-Paglini-Non-Mi-Voglio-Innamorare-Più,Franco Percopo,Franco Percopo [Written-By],
Cinzia Paglini,Il Ballo Del Chio' Chio',B5,3:05,Non Mi Voglio Innamorare Più,1989,Italy,Visco Disc,LP 70131,Vinyl / LP | Stereo,"Electronic, Folk, World, & Country","Canzone Napoletana, Italo-Disco",Napoletani,https://www.discogs.com/release/15712317-Cinzia-Paglini-Non-Mi-Voglio-Innamorare-Più,Franco Percopo,Franco Percopo [Written-By],
Gloriana (2),Marechiare,A1,3:21,Quanno Sponta La Luna A Marechiare,1990,Italy,Visco Disc,LP 70158,Vinyl / LP | Album | Stereo,"Folk, World, & Country",Canzone Napoletana,Napoletani,https://www.discogs.com/release/27679602-Gloriana-2-Quanno-Sponta-La-Luna-A-Marechiare,,,
Gloriana (2),Come Pioveva,A2,4:30,Quanno Sponta La Luna A Marechiare,1990,Italy,Visco Disc,LP 70158,Vinyl / LP | Album | Stereo,"Folk, World, & Country",Canzone Napoletana,Napoletani,https://www.discogs.com/release/27679602-Gloriana-2-Quanno-Sponta-La-Luna-A-Marechiare,,,
Gloriana (2),'O Guappo 'Nnammurato,A3,2:52,Quanno Sponta La Luna A Marechiare,1990,Italy,Visco Disc,LP 70158,Vinyl / LP | Album | Stereo,"Folk, World, & Country",Canzone Napoletana,Napoletani,https://www.discogs.com/release/27679602-Gloriana-2-Quanno-Sponta-La-Luna-A-Marechiare,,,
Gloriana (2),Torna A Surriento,A4,4:05,Quanno Sponta La Luna A Marechiare,1990,Italy,Visco Disc,LP 70158,Vinyl / LP | Album | Stereo,"Folk, World, & Country",Canzone Napoletana,Napoletani,https://www.discogs.com/release/27679602-Gloriana-2-Quanno-Sponta-La-Luna-A-Marechiare,,,
Gloriana (2),"Oili', Oila'!",A5,3:18,Quanno Sponta La Luna A Marechiare,1990,Italy,Visco Disc,LP 70158,Vinyl / LP | Album | Stereo,"Folk, World, & Country",Canzone Napoletana,Napoletani,https://www.discogs.com/release/27679602-Gloriana-2-Quanno-Sponta-La-Luna-A-Marechiare,,,
Gloriana (2),'O Paese D' 'O Sole!,B1,3:24,Quanno Sponta La Luna A Marechiare,1990,Italy,Visco Disc,LP 70158,Vinyl / LP | Album | Stereo,"Folk, World, & Country",Canzone Napoletana,Napoletani,https://www.discogs.com/release/27679602-Gloriana-2-Quanno-Sponta-La-Luna-A-Marechiare,,,
Gloriana (2),Signorinella,B2,3:53,Quanno Sponta La Luna A Marechiare,1990,Italy,Visco Disc,LP 70158,Vinyl / LP | Album | Stereo,"Folk, World, & Country",Canzone Napoletana,Napoletani,https://www.discogs.com/release/27679602-Gloriana-2-Quanno-Sponta-La-Luna-A-Marechiare,,,
Gloriana (2),Maria. Mari'!,B3,4:01,Quanno Sponta La Luna A Marechiare,1990,Italy,Visco Disc,LP 70158,Vinyl / LP | Album | Stereo,"Folk, World, & Country",Canzone Napoletana,Napoletani,https://www.discogs.com/release/27679602-Gloriana-2-Quanno-Sponta-La-Luna-A-Marechiare,,,
Gloriana (2),Michelemma,B4,2:31,Quanno Sponta La Luna A Marechiare,1990,Italy,Visco Disc,LP 70158,Vinyl / LP | Album | Stereo,"Folk, World, & Country",Canzone Napoletana,Napoletani,https://www.discogs.com/release/27679602-Gloriana-2-Quanno-Sponta-La-Luna-A-Marechiare,,,
Gloriana (2),Torna,B5,4:11,Quanno Sponta La Luna A Marechiare,1990,Italy,Visco Disc,LP 70158,Vinyl / LP | Album | Stereo,"Folk, World, & Country",Canzone Napoletana,Napoletani,https://www.discogs.com/release/27679602-Gloriana-2-Quanno-Sponta-La-Luna-A-Marechiare,,,
Gianni Sacco,Zitto...Zito...Chianu...Chianu..,A1,,Zitto...Zitto...Chianu...Chianu... Vol. 10°,1993,Italy,Visco Disc,LP 70197,Vinyl / LP | Stereo / Gatefold,"Pop, Folk, World, & Country",Canzone Napoletana,Napoletani,https://www.discogs.com/release/14281540-Gianni-Sacco-ZittoZittoChianuChianu-Vol-10,Augusto Visco | Pasquale Imparato,Augusto Visco [Written-By] | Pasquale Imparato [Written-By],
Gianni Sacco,Possessività,A2,,Zitto...Zitto...Chianu...Chianu... Vol. 10°,1993,Italy,Visco Disc,LP 70197,Vinyl / LP | Stereo / Gatefold,"Pop, Folk, World, & Country",Canzone Napoletana,Napoletani,https://www.discogs.com/release/14281540-Gianni-Sacco-ZittoZittoChianuChianu-Vol-10,V. Guida | Pasquale Imparato,V. Guida [Written By] | Pasquale Imparato [Written-By],
Gianni Sacco,Cazuncella Pe' Carmela,A3,,Zitto...Zitto...Chianu...Chianu... Vol. 10°,1993,Italy,Visco Disc,LP 70197,Vinyl / LP | Stereo / Gatefold,"Pop, Folk, World, & Country",Canzone Napoletana,Napoletani,https://www.discogs.com/release/14281540-Gianni-Sacco-ZittoZittoChianuChianu-Vol-10,Enzo Di Domenico,Enzo Di Domenico [Written-By],
Gianni Sacco,Io Te Voglio Bene,A4,,Zitto...Zitto...Chianu...Chianu... Vol. 10°,1993,Italy,Visco Disc,LP 70197,Vinyl / LP | Stereo / Gatefold,"Pop, Folk, World, & Country",Canzone Napoletana,Napoletani,https://www.discogs.com/release/14281540-Gianni-Sacco-ZittoZittoChianuChianu-Vol-10,Augusto Visco | Pasquale Imparato,Augusto Visco [Written-By] | Pasquale Imparato [Written-By],
Gianni Sacco,Ancora Noi,A5,,Zitto...Zitto...Chianu...Chianu... Vol. 10°,1993,Italy,Visco Disc,LP 70197,Vinyl / LP | Stereo / Gatefold,"Pop, Folk, World, & Country",Canzone Napoletana,Napoletani,https://www.discogs.com/release/14281540-Gianni-Sacco-ZittoZittoChianuChianu-Vol-10,Bruno Lanza | Enzo Di Domenico,Bruno Lanza [Written-By] | Enzo Di Domenico [Written-By],
Gianni Sacco,"Io, Luntano A Te",B1,,Zitto...Zitto...Chianu...Chianu... Vol. 10°,1993,Italy,Visco Disc,LP 70197,Vinyl / LP | Stereo / Gatefold,"Pop, Folk, World, & Country",Canzone Napoletana,Napoletani,https://www.discogs.com/release/14281540-Gianni-Sacco-ZittoZittoChianuChianu-Vol-10,Carmine Lafortezza | Pasquale Imparato,Carmine Lafortezza [Written-By] | Pasquale Imparato [Written-By],
Gianni Sacco,Ma Si Fernesse,B2,,Zitto...Zitto...Chianu...Chianu... Vol. 10°,1993,Italy,Visco Disc,LP 70197,Vinyl / LP | Stereo / Gatefold,"Pop, Folk, World, & Country",Canzone Napoletana,Napoletani,https://www.discogs.com/release/14281540-Gianni-Sacco-ZittoZittoChianuChianu-Vol-10,R. Chianciano | Carmine Lafortezza,R. Chianciano [Written By] | Carmine Lafortezza [Written-By],
Gianni Sacco,"Bene, Core...E Vita Mia",B3,,Zitto...Zitto...Chianu...Chianu... Vol. 10°,1993,Italy,Visco Disc,LP 70197,Vinyl / LP | Stereo / Gatefold,"Pop, Folk, World, & Country",Canzone Napoletana,Napoletani,https://www.discogs.com/release/14281540-Gianni-Sacco-ZittoZittoChianuChianu-Vol-10,Antonio Casaburi | Remigio Esposito,Antonio Casaburi [Written-By] | Remigio Esposito [Written-By],
Gianni Sacco,Come Le Rondini,B4,,Zitto...Zitto...Chianu...Chianu... Vol. 10°,1993,Italy,Visco Disc,LP 70197,Vinyl / LP | Stereo / Gatefold,"Pop, Folk, World, & Country",Canzone Napoletana,Napoletani,https://www.discogs.com/release/14281540-Gianni-Sacco-ZittoZittoChianuChianu-Vol-10,Enzo Di Domenico,Enzo Di Domenico [Written-By],
Gianni Sacco,Si T'Annammure A Chest'Età,B5,,Zitto...Zitto...Chianu...Chianu... Vol. 10°,1993,Italy,Visco Disc,LP 70197,Vinyl / LP | Stereo / Gatefold,"Pop, Folk, World, & Country",Canzone Napoletana,Napoletani,https://www.discogs.com/release/14281540-Gianni-Sacco-ZittoZittoChianuChianu-Vol-10,Gigi D'Alessio | Vincenzo d'Agostino,Gigi D'Alessio [Written-By] | Vincenzo d'Agostino [Written-By],
Enzo Pagliari,Chissa Addo Staie,A1,3:38,Chisa' Addo Staie,1982,Italy,Visco Disc,VS 7023,Vinyl / LP,"Latin, Folk, World, & Country",Canzone Napoletana,Napoletani,https://www.discogs.com/release/21376123-Enzo-Pagliari-Chisa-Addo-Staie,,,
Enzo Pagliari,Te Dico Addio,A2,3:14,Chisa' Addo Staie,1982,Italy,Visco Disc,VS 7023,Vinyl / LP,"Latin, Folk, World, & Country",Canzone Napoletana,Napoletani,https://www.discogs.com/release/21376123-Enzo-Pagliari-Chisa-Addo-Staie,,,
Enzo Pagliari,Pe Tutta A Vita,A3,4:09,Chisa' Addo Staie,1982,Italy,Visco Disc,VS 7023,Vinyl / LP,"Latin, Folk, World, & Country",Canzone Napoletana,Napoletani,https://www.discogs.com/release/21376123-Enzo-Pagliari-Chisa-Addo-Staie,,,
Enzo Pagliari,Te Tengo Vicino,A4,2:55,Chisa' Addo Staie,1982,Italy,Visco Disc,VS 7023,Vinyl / LP,"Latin, Folk, World, & Country",Canzone Napoletana,Napoletani,https://www.discogs.com/release/21376123-Enzo-Pagliari-Chisa-Addo-Staie,,,
Enzo Pagliari,Bene E Odio,A6,3:36,Chisa' Addo Staie,1982,Italy,Visco Disc,VS 7023,Vinyl / LP,"Latin, Folk, World, & Country",Canzone Napoletana,Napoletani,https://www.discogs.com/release/21376123-Enzo-Pagliari-Chisa-Addo-Staie,,,
Enzo Pagliari,Felicita',A7,3:30,Chisa' Addo Staie,1982,Italy,Visco Disc,VS 7023,Vinyl / LP,"Latin, Folk, World, & Country",Canzone Napoletana,Napoletani,https://www.discogs.com/release/21376123-Enzo-Pagliari-Chisa-Addo-Staie,,,
Enzo Pagliari,N'Estate Cu Tte,B1,3:29,Chisa' Addo Staie,1982,Italy,Visco Disc,VS 7023,Vinyl / LP,"Latin, Folk, World, & Country",Canzone Napoletana,Napoletani,https://www.discogs.com/release/21376123-Enzo-Pagliari-Chisa-Addo-Staie,,,
Enzo Pagliari,A Chi Aspettammo,B2,3:18,Chisa' Addo Staie,1982,Italy,Visco Disc,VS 7023,Vinyl / LP,"Latin, Folk, World, & Country",Canzone Napoletana,Napoletani,https://www.discogs.com/release/21376123-Enzo-Pagliari-Chisa-Addo-Staie,,,
Enzo Pagliari,Ll'urdemo Desiderio,B3,4:47,Chisa' Addo Staie,1982,Italy,Visco Disc,VS 7023,Vinyl / LP,"Latin, Folk, World, & Country",Canzone Napoletana,Napoletani,https://www.discogs.com/release/21376123-Enzo-Pagliari-Chisa-Addo-Staie,,,
Enzo Pagliari,Chella Santa,B4,3:02,Chisa' Addo Staie,1982,Italy,Visco Disc,VS 7023,Vinyl / LP,"Latin, Folk, World, & Country",Canzone Napoletana,Napoletani,https://www.discogs.com/release/21376123-Enzo-Pagliari-Chisa-Addo-Staie,,,
Enzo Pagliari,C'aggia Fa',B5,3:56,Chisa' Addo Staie,1982,Italy,Visco Disc,VS 7023,Vinyl / LP,"Latin, Folk, World, & Country",Canzone Napoletana,Napoletani,https://www.discogs.com/release/21376123-Enzo-Pagliari-Chisa-Addo-Staie,,,
Enzo Pagliari,'A Festa E S. Rafele,B6,2:28,Chisa' Addo Staie,1982,Italy,Visco Disc,VS 7023,Vinyl / LP,"Latin, Folk, World, & Country",Canzone Napoletana,Napoletani,https://www.discogs.com/release/21376123-Enzo-Pagliari-Chisa-Addo-Staie,,,
Giulietta Sacco,Nostalgia Di Mandolini,A1,3:01,Nostalgia Di Mandolini,1974,Italy,Zeus (2),BE 0061,Vinyl / LP | Album,Pop,,Napoletani,https://www.discogs.com/release/9374649-Giulietta-Sacco-Nostalgia-Di-Mandolini,,,
Giulietta Sacco,Passa La Ronda,A2,3:50,Nostalgia Di Mandolini,1974,Italy,Zeus (2),BE 0061,Vinyl / LP | Album,Pop,,Napoletani,https://www.discogs.com/release/9374649-Giulietta-Sacco-Nostalgia-Di-Mandolini,,,
Giulietta Sacco,Maria Dolores,A3,3:51,Nostalgia Di Mandolini,1974,Italy,Zeus (2),BE 0061,Vinyl / LP | Album,Pop,,Napoletani,https://www.discogs.com/release/9374649-Giulietta-Sacco-Nostalgia-Di-Mandolini,,,
Giulietta Sacco,Reginella Campagnola,A4,3:37,Nostalgia Di Mandolini,1974,Italy,Zeus (2),BE 0061,Vinyl / LP | Album,Pop,,Napoletani,https://www.discogs.com/release/9374649-Giulietta-Sacco-Nostalgia-Di-Mandolini,,,
Giulietta Sacco,Una Chitarra Nella Notte,A5,2:41,Nostalgia Di Mandolini,1974,Italy,Zeus (2),BE 0061,Vinyl / LP | Album,Pop,,Napoletani,https://www.discogs.com/release/9374649-Giulietta-Sacco-Nostalgia-Di-Mandolini,,,
Giulietta Sacco,Ho Detto Al Sole,A6,3:10,Nostalgia Di Mandolini,1974,Italy,Zeus (2),BE 0061,Vinyl / LP | Album,Pop,,Napoletani,https://www.discogs.com/release/9374649-Giulietta-Sacco-Nostalgia-Di-Mandolini,,,
Giulietta Sacco,Villaggio,B1,2:52,Nostalgia Di Mandolini,1974,Italy,Zeus (2),BE 0061,Vinyl / LP | Album,Pop,,Napoletani,https://www.discogs.com/release/9374649-Giulietta-Sacco-Nostalgia-Di-Mandolini,,,
Giulietta Sacco,Serenata Serena,B2,3:25,Nostalgia Di Mandolini,1974,Italy,Zeus (2),BE 0061,Vinyl / LP | Album,Pop,,Napoletani,https://www.discogs.com/release/9374649-Giulietta-Sacco-Nostalgia-Di-Mandolini,,,
Giulietta Sacco,Amapola,B3,3:20,Nostalgia Di Mandolini,1974,Italy,Zeus (2),BE 0061,Vinyl / LP | Album,Pop,,Napoletani,https://www.discogs.com/release/9374649-Giulietta-Sacco-Nostalgia-Di-Mandolini,,,
Giulietta Sacco,Acqua Santa,B4,4:15,Nostalgia Di Mandolini,1974,Italy,Zeus (2),BE 0061,Vinyl / LP | Album,Pop,,Napoletani,https://www.discogs.com/release/9374649-Giulietta-Sacco-Nostalgia-Di-Mandolini,,,
Giulietta Sacco,A Mezzanotte,B5,3:25,Nostalgia Di Mandolini,1974,Italy,Zeus (2),BE 0061,Vinyl / LP | Album,Pop,,Napoletani,https://www.discogs.com/release/9374649-Giulietta-Sacco-Nostalgia-Di-Mandolini,,,
Giulietta Sacco,Addio Juna,B6,2:57,Nostalgia Di Mandolini,1974,Italy,Zeus (2),BE 0061,Vinyl / LP | Album,Pop,,Napoletani,https://www.discogs.com/release/9374649-Giulietta-Sacco-Nostalgia-Di-Mandolini,,,
Giulietta Sacco,Stornellata Napoletana,A1,,Stornellando Con Giuletta,1980,Italy,Zeus Record,BE 0060,Vinyl / LP,"Electronic, Folk, World, & Country",Canzone Napoletana,Napoletani,https://www.discogs.com/release/14729442-Giulietta-Sacco-Stornellando-Con-Giuletta,,,
Giulietta Sacco,Stornelli Dispettosi,A2,,Stornellando Con Giuletta,1980,Italy,Zeus Record,BE 0060,Vinyl / LP,"Electronic, Folk, World, & Country",Canzone Napoletana,Napoletani,https://www.discogs.com/release/14729442-Giulietta-Sacco-Stornellando-Con-Giuletta,,,
Giulietta Sacco,Stornelli Matrimoniali,B1,,Stornellando Con Giuletta,1980,Italy,Zeus Record,BE 0060,Vinyl / LP,"Electronic, Folk, World, & Country",Canzone Napoletana,Napoletani,https://www.discogs.com/release/14729442-Giulietta-Sacco-Stornellando-Con-Giuletta,,,
Giulietta Sacco,Stornellata Alla Sor Capanna,B2,,Stornellando Con Giuletta,1980,Italy,Zeus Record,BE 0060,Vinyl / LP,"Electronic, Folk, World, & Country",Canzone Napoletana,Napoletani,https://www.discogs.com/release/14729442-Giulietta-Sacco-Stornellando-Con-Giuletta,,,
Giulietta Sacco,Stornelli All'Italiana,B3,,Stornellando Con Giuletta,1980,Italy,Zeus Record,BE 0060,Vinyl / LP,"Electronic, Folk, World, & Country",Canzone Napoletana,Napoletani,https://www.discogs.com/release/14729442-Giulietta-Sacco-Stornellando-Con-Giuletta,,,
Giulietta Sacco,Manname 'E Cunfiette,A1,2:50,Manname 'E Cunfiette,0,Italy,Zeus Record,BE 0067,Vinyl / LP,"Folk, World, & Country",Canzone Napoletana,Napoletani,https://www.discogs.com/release/9780099-Giulietta-Sacco-Manname-E-Cunfiette,,,
Giulietta Sacco,'A Bumbuniera Mia,A2,2:40,Manname 'E Cunfiette,0,Italy,Zeus Record,BE 0067,Vinyl / LP,"Folk, World, & Country",Canzone Napoletana,Napoletani,https://www.discogs.com/release/9780099-Giulietta-Sacco-Manname-E-Cunfiette,,,
Giulietta Sacco,Ll'Urdema Canzone Mia,A3,4:27,Manname 'E Cunfiette,0,Italy,Zeus Record,BE 0067,Vinyl / LP,"Folk, World, & Country",Canzone Napoletana,Napoletani,https://www.discogs.com/release/9780099-Giulietta-Sacco-Manname-E-Cunfiette,,,
Giulietta Sacco,'A Lattara,A4,3:47,Manname 'E Cunfiette,0,Italy,Zeus Record,BE 0067,Vinyl / LP,"Folk, World, & Country",Canzone Napoletana,Napoletani,https://www.discogs.com/release/9780099-Giulietta-Sacco-Manname-E-Cunfiette,,,
Giulietta Sacco,Canzone Marinaresca,A5,2:40,Manname 'E Cunfiette,0,Italy,Zeus Record,BE 0067,Vinyl / LP,"Folk, World, & Country",Canzone Napoletana,Napoletani,https://www.discogs.com/release/9780099-Giulietta-Sacco-Manname-E-Cunfiette,,,
Giulietta Sacco,Mio Carissimo Pasquale,A6,2:57,Manname 'E Cunfiette,0,Italy,Zeus Record,BE 0067,Vinyl / LP,"Folk, World, & Country",Canzone Napoletana,Napoletani,https://www.discogs.com/release/9780099-Giulietta-Sacco-Manname-E-Cunfiette,,,
Giulietta Sacco,Maruzzella,B1,2:43,Manname 'E Cunfiette,0,Italy,Zeus Record,BE 0067,Vinyl / LP,"Folk, World, & Country",Canzone Napoletana,Napoletani,https://www.discogs.com/release/9780099-Giulietta-Sacco-Manname-E-Cunfiette,,,
Giulietta Sacco,Campagnola Vesuviana,B2,3:07,Manname 'E Cunfiette,0,Italy,Zeus Record,BE 0067,Vinyl / LP,"Folk, World, & Country",Canzone Napoletana,Napoletani,https://www.discogs.com/release/9780099-Giulietta-Sacco-Manname-E-Cunfiette,,,
Giulietta Sacco,Si Me Scurdassse 'E Te,B3,3:45,Manname 'E Cunfiette,0,Italy,Zeus Record,BE 0067,Vinyl / LP,"Folk, World, & Country",Canzone Napoletana,Napoletani,https://www.discogs.com/release/9780099-Giulietta-Sacco-Manname-E-Cunfiette,,,
Giulietta Sacco,Miss Pummarola,B4,2:24,Manname 'E Cunfiette,0,Italy,Zeus Record,BE 0067,Vinyl / LP,"Folk, World, & Country",Canzone Napoletana,Napoletani,https://www.discogs.com/release/9780099-Giulietta-Sacco-Manname-E-Cunfiette,,,
Giulietta Sacco,Mille Buscie,B5,3:16,Manname 'E Cunfiette,0,Italy,Zeus Record,BE 0067,Vinyl / LP,"Folk, World, & Country",Canzone Napoletana,Napoletani,https://www.discogs.com/release/9780099-Giulietta-Sacco-Manname-E-Cunfiette,,,
Giulietta Sacco,Quanno Ammore Vò Filà,B6,3:50,Manname 'E Cunfiette,0,Italy,Zeus Record,BE 0067,Vinyl / LP,"Folk, World, & Country",Canzone Napoletana,Napoletani,https://www.discogs.com/release/9780099-Giulietta-Sacco-Manname-E-Cunfiette,,,
Giulietta Sacco,Malinconico Autunno,A1,3:49,'Mbraccio A Te!,1976,Italy,Zeus Record,BE 0078,Vinyl / LP | Album,"Folk, World, & Country",Canzone Napoletana,Napoletani,https://www.discogs.com/release/11268801-Giulietta-Sacco-Mbraccio-A-Te,,,
Giulietta Sacco,'A Vita È Bella,A2,2:48,'Mbraccio A Te!,1976,Italy,Zeus Record,BE 0078,Vinyl / LP | Album,"Folk, World, & Country",Canzone Napoletana,Napoletani,https://www.discogs.com/release/11268801-Giulietta-Sacco-Mbraccio-A-Te,,,
Giulietta Sacco,'Mbraccio A Te!,A3,3:31,'Mbraccio A Te!,1976,Italy,Zeus Record,BE 0078,Vinyl / LP | Album,"Folk, World, & Country",Canzone Napoletana,Napoletani,https://www.discogs.com/release/11268801-Giulietta-Sacco-Mbraccio-A-Te,,,
Giulietta Sacco,Connola D'Ammore,A4,3:36,'Mbraccio A Te!,1976,Italy,Zeus Record,BE 0078,Vinyl / LP | Album,"Folk, World, & Country",Canzone Napoletana,Napoletani,https://www.discogs.com/release/11268801-Giulietta-Sacco-Mbraccio-A-Te,,,
Giulietta Sacco,Rosa 'Nmiez''E Rrose,A5,2:44,'Mbraccio A Te!,1976,Italy,Zeus Record,BE 0078,Vinyl / LP | Album,"Folk, World, & Country",Canzone Napoletana,Napoletani,https://www.discogs.com/release/11268801-Giulietta-Sacco-Mbraccio-A-Te,,,
Giulietta Sacco,Voglio A Tte!,A6,3:47,'Mbraccio A Te!,1976,Italy,Zeus Record,BE 0078,Vinyl / LP | Album,"Folk, World, & Country",Canzone Napoletana,Napoletani,https://www.discogs.com/release/11268801-Giulietta-Sacco-Mbraccio-A-Te,,,
Giulietta Sacco,Fantasia,B1,4:12,'Mbraccio A Te!,1976,Italy,Zeus Record,BE 0078,Vinyl / LP | Album,"Folk, World, & Country",Canzone Napoletana,Napoletani,https://www.discogs.com/release/11268801-Giulietta-Sacco-Mbraccio-A-Te,,,
Giulietta Sacco,Tredici Mise,B2,2:55,'Mbraccio A Te!,1976,Italy,Zeus Record,BE 0078,Vinyl / LP | Album,"Folk, World, & Country",Canzone Napoletana,Napoletani,https://www.discogs.com/release/11268801-Giulietta-Sacco-Mbraccio-A-Te,,,
Giulietta Sacco,Addio Mia Bella Napoli,B3,2:49,'Mbraccio A Te!,1976,Italy,Zeus Record,BE 0078,Vinyl / LP | Album,"Folk, World, & Country",Canzone Napoletana,Napoletani,https://www.discogs.com/release/11268801-Giulietta-Sacco-Mbraccio-A-Te,,,
Giulietta Sacco,Dicitencelle,B4,3:59,'Mbraccio A Te!,1976,Italy,Zeus Record,BE 0078,Vinyl / LP | Album,"Folk, World, & Country",Canzone Napoletana,Napoletani,https://www.discogs.com/release/11268801-Giulietta-Sacco-Mbraccio-A-Te,,,
Giulietta Sacco,Bellu Sciore,B5,2:26,'Mbraccio A Te!,1976,Italy,Zeus Record,BE 0078,Vinyl / LP | Album,"Folk, World, & Country",Canzone Napoletana,Napoletani,https://www.discogs.com/release/11268801-Giulietta-Sacco-Mbraccio-A-Te,,,
Giulietta Sacco,Tutta Pe' Mme!,B6,3:46,'Mbraccio A Te!,1976,Italy,Zeus Record,BE 0078,Vinyl / LP | Album,"Folk, World, & Country",Canzone Napoletana,Napoletani,https://www.discogs.com/release/11268801-Giulietta-Sacco-Mbraccio-A-Te,,,
Enzo Stellato,Maggi Si Ttu,A1,,Napoli In Discoteca Con Enzo Stellato E Coro,1980,Italy,Zeus Record,BE 0086,Vinyl / LP | Album,"Electronic, Pop, Folk, World, & Country","Vocal, Canzone Napoletana",Napoletani,https://www.discogs.com/release/9371376-Enzo-Stellato-Napoli-In-Discoteca-Con-Enzo-Stellato-E-Coro,,,
Enzo Stellato,Torna Maggio,A2,,Napoli In Discoteca Con Enzo Stellato E Coro,1980,Italy,Zeus Record,BE 0086,Vinyl / LP | Album,"Electronic, Pop, Folk, World, & Country","Vocal, Canzone Napoletana",Napoletani,https://www.discogs.com/release/9371376-Enzo-Stellato-Napoli-In-Discoteca-Con-Enzo-Stellato-E-Coro,,,
Enzo Stellato,Chiove,A3,,Napoli In Discoteca Con Enzo Stellato E Coro,1980,Italy,Zeus Record,BE 0086,Vinyl / LP | Album,"Electronic, Pop, Folk, World, & Country","Vocal, Canzone Napoletana",Napoletani,https://www.discogs.com/release/9371376-Enzo-Stellato-Napoli-In-Discoteca-Con-Enzo-Stellato-E-Coro,,,
Enzo Stellato,Piscatore E Pusilleco,A4,,Napoli In Discoteca Con Enzo Stellato E Coro,1980,Italy,Zeus Record,BE 0086,Vinyl / LP | Album,"Electronic, Pop, Folk, World, & Country","Vocal, Canzone Napoletana",Napoletani,https://www.discogs.com/release/9371376-Enzo-Stellato-Napoli-In-Discoteca-Con-Enzo-Stellato-E-Coro,,,
Enzo Stellato,Munasterio 'E Santa Chiara,A5,,Napoli In Discoteca Con Enzo Stellato E Coro,1980,Italy,Zeus Record,BE 0086,Vinyl / LP | Album,"Electronic, Pop, Folk, World, & Country","Vocal, Canzone Napoletana",Napoletani,https://www.discogs.com/release/9371376-Enzo-Stellato-Napoli-In-Discoteca-Con-Enzo-Stellato-E-Coro,,,
Enzo Stellato, Sciuldezza Bella,A6,,Napoli In Discoteca Con Enzo Stellato E Coro,1980,Italy,Zeus Record,BE 0086,Vinyl / LP | Album,"Electronic, Pop, Folk, World, & Country","Vocal, Canzone Napoletana",Napoletani,https://www.discogs.com/release/9371376-Enzo-Stellato-Napoli-In-Discoteca-Con-Enzo-Stellato-E-Coro,,,
Enzo Stellato,Reginella,B1,,Napoli In Discoteca Con Enzo Stellato E Coro,1980,Italy,Zeus Record,BE 0086,Vinyl / LP | Album,"Electronic, Pop, Folk, World, & Country","Vocal, Canzone Napoletana",Napoletani,https://www.discogs.com/release/9371376-Enzo-Stellato-Napoli-In-Discoteca-Con-Enzo-Stellato-E-Coro,,,
Enzo Stellato,Comme Facette Mammeta,B2,,Napoli In Discoteca Con Enzo Stellato E Coro,1980,Italy,Zeus Record,BE 0086,Vinyl / LP | Album,"Electronic, Pop, Folk, World, & Country","Vocal, Canzone Napoletana",Napoletani,https://www.discogs.com/release/9371376-Enzo-Stellato-Napoli-In-Discoteca-Con-Enzo-Stellato-E-Coro,,,
Enzo Stellato,Autunno,B3,,Napoli In Discoteca Con Enzo Stellato E Coro,1980,Italy,Zeus Record,BE 0086,Vinyl / LP | Album,"Electronic, Pop, Folk, World, & Country","Vocal, Canzone Napoletana",Napoletani,https://www.discogs.com/release/9371376-Enzo-Stellato-Napoli-In-Discoteca-Con-Enzo-Stellato-E-Coro,,,
Enzo Stellato,Fenesta Vascia,B4,,Napoli In Discoteca Con Enzo Stellato E Coro,1980,Italy,Zeus Record,BE 0086,Vinyl / LP | Album,"Electronic, Pop, Folk, World, & Country","Vocal, Canzone Napoletana",Napoletani,https://www.discogs.com/release/9371376-Enzo-Stellato-Napoli-In-Discoteca-Con-Enzo-Stellato-E-Coro,,,
Enzo Stellato,A Canzone 'E Napule,B5,,Napoli In Discoteca Con Enzo Stellato E Coro,1980,Italy,Zeus Record,BE 0086,Vinyl / LP | Album,"Electronic, Pop, Folk, World, & Country","Vocal, Canzone Napoletana",Napoletani,https://www.discogs.com/release/9371376-Enzo-Stellato-Napoli-In-Discoteca-Con-Enzo-Stellato-E-Coro,,,
Enzo Stellato,Rusella 'E Maggio,B6,,Napoli In Discoteca Con Enzo Stellato E Coro,1980,Italy,Zeus Record,BE 0086,Vinyl / LP | Album,"Electronic, Pop, Folk, World, & Country","Vocal, Canzone Napoletana",Napoletani,https://www.discogs.com/release/9371376-Enzo-Stellato-Napoli-In-Discoteca-Con-Enzo-Stellato-E-Coro,,,
Giulietta Sacco,Fenesta Vascia,A1,,Fenesta Vascia,1980,Italy,Zeus Record,BE 0091,Vinyl / LP | Album,"Folk, World, & Country",Canzone Napoletana,Napoletani,https://www.discogs.com/release/8723981-Giulietta-Sacco-Fenesta-Vascia,,,
Giulietta Sacco,Santa Lucia Luntana,A2,,Fenesta Vascia,1980,Italy,Zeus Record,BE 0091,Vinyl / LP | Album,"Folk, World, & Country",Canzone Napoletana,Napoletani,https://www.discogs.com/release/8723981-Giulietta-Sacco-Fenesta-Vascia,,,
Giulietta Sacco,Maggio Si Tu',A3,,Fenesta Vascia,1980,Italy,Zeus Record,BE 0091,Vinyl / LP | Album,"Folk, World, & Country",Canzone Napoletana,Napoletani,https://www.discogs.com/release/8723981-Giulietta-Sacco-Fenesta-Vascia,,,
Giulietta Sacco,Napule Ca Se Ne Vai,A4,,Fenesta Vascia,1980,Italy,Zeus Record,BE 0091,Vinyl / LP | Album,"Folk, World, & Country",Canzone Napoletana,Napoletani,https://www.discogs.com/release/8723981-Giulietta-Sacco-Fenesta-Vascia,,,
Giulietta Sacco,Serenata Napoletana,A5,,Fenesta Vascia,1980,Italy,Zeus Record,BE 0091,Vinyl / LP | Album,"Folk, World, & Country",Canzone Napoletana,Napoletani,https://www.discogs.com/release/8723981-Giulietta-Sacco-Fenesta-Vascia,,,
Giulietta Sacco,Ninuccia,B1,,Fenesta Vascia,1980,Italy,Zeus Record,BE 0091,Vinyl / LP | Album,"Folk, World, & Country",Canzone Napoletana,Napoletani,https://www.discogs.com/release/8723981-Giulietta-Sacco-Fenesta-Vascia,,,
Giulietta Sacco,Maria.... 'A Rigina 'E Napule,B2,,Fenesta Vascia,1980,Italy,Zeus Record,BE 0091,Vinyl / LP | Album,"Folk, World, & Country",Canzone Napoletana,Napoletani,https://www.discogs.com/release/8723981-Giulietta-Sacco-Fenesta-Vascia,,,
Giulietta Sacco,Bella Ca Bella Si',B3,,Fenesta Vascia,1980,Italy,Zeus Record,BE 0091,Vinyl / LP | Album,"Folk, World, & Country",Canzone Napoletana,Napoletani,https://www.discogs.com/release/8723981-Giulietta-Sacco-Fenesta-Vascia,,,
Giulietta Sacco,'Serenata 'E Pulicinella,B4,,Fenesta Vascia,1980,Italy,Zeus Record,BE 0091,Vinyl / LP | Album,"Folk, World, & Country",Canzone Napoletana,Napoletani,https://www.discogs.com/release/8723981-Giulietta-Sacco-Fenesta-Vascia,,,
Giulietta Sacco,Lacreme Napulitane,B5,,Fenesta Vascia,1980,Italy,Zeus Record,BE 0091,Vinyl / LP | Album,"Folk, World, & Country",Canzone Napoletana,Napoletani,https://www.discogs.com/release/8723981-Giulietta-Sacco-Fenesta-Vascia,,,
Gianni Sacco,Noi Due Innamorati,A1,4:18,Dentro E Fuori,1985,Italy,Zeus Record,BE 0148,Vinyl / LP | Album,"Electronic, Funk / Soul, Pop, Folk, World, & Country","Canzone Napoletana, Italo-Disco",Napoletani,https://www.discogs.com/release/27569025-Gianni-Sacco-Dentro-E-Fuori,,,
Gianni Sacco,Vva',A2,3:19,Dentro E Fuori,1985,Italy,Zeus Record,BE 0148,Vinyl / LP | Album,"Electronic, Funk / Soul, Pop, Folk, World, & Country","Canzone Napoletana, Italo-Disco",Napoletani,https://www.discogs.com/release/27569025-Gianni-Sacco-Dentro-E-Fuori,,,
Gianni Sacco,Preghiera D'Ammore,A3,4:05,Dentro E Fuori,1985,Italy,Zeus Record,BE 0148,Vinyl / LP | Album,"Electronic, Funk / Soul, Pop, Folk, World, & Country","Canzone Napoletana, Italo-Disco",Napoletani,https://www.discogs.com/release/27569025-Gianni-Sacco-Dentro-E-Fuori,,,
Gianni Sacco,Che Sono Brutto,A4,4:05,Dentro E Fuori,1985,Italy,Zeus Record,BE 0148,Vinyl / LP | Album,"Electronic, Funk / Soul, Pop, Folk, World, & Country","Canzone Napoletana, Italo-Disco",Napoletani,https://www.discogs.com/release/27569025-Gianni-Sacco-Dentro-E-Fuori,,,
Gianni Sacco,Testarda,A5,3:47,Dentro E Fuori,1985,Italy,Zeus Record,BE 0148,Vinyl / LP | Album,"Electronic, Funk / Soul, Pop, Folk, World, & Country","Canzone Napoletana, Italo-Disco",Napoletani,https://www.discogs.com/release/27569025-Gianni-Sacco-Dentro-E-Fuori,,Patrizia Del Sole [Featuring],
Gianni Sacco,'E Sbagliato,B1,4:54,Dentro E Fuori,1985,Italy,Zeus Record,BE 0148,Vinyl / LP | Album,"Electronic, Funk / Soul, Pop, Folk, World, & Country","Canzone Napoletana, Italo-Disco",Napoletani,https://www.discogs.com/release/27569025-Gianni-Sacco-Dentro-E-Fuori,,,
Gianni Sacco,La Mia Donna,B2,3:36,Dentro E Fuori,1985,Italy,Zeus Record,BE 0148,Vinyl / LP | Album,"Electronic, Funk / Soul, Pop, Folk, World, & Country","Canzone Napoletana, Italo-Disco",Napoletani,https://www.discogs.com/release/27569025-Gianni-Sacco-Dentro-E-Fuori,,,
Gianni Sacco,'A Telenovela,B3,3:05,Dentro E Fuori,1985,Italy,Zeus Record,BE 0148,Vinyl / LP | Album,"Electronic, Funk / Soul, Pop, Folk, World, & Country","Canzone Napoletana, Italo-Disco",Napoletani,https://www.discogs.com/release/27569025-Gianni-Sacco-Dentro-E-Fuori,,,
Gianni Sacco,Che Pozzo Fa',B4,3:22,Dentro E Fuori,1985,Italy,Zeus Record,BE 0148,Vinyl / LP | Album,"Electronic, Funk / Soul, Pop, Folk, World, & Country","Canzone Napoletana, Italo-Disco",Napoletani,https://www.discogs.com/release/27569025-Gianni-Sacco-Dentro-E-Fuori,,,
Gianni Sacco,Sulo,B5,3:35,Dentro E Fuori,1985,Italy,Zeus Record,BE 0148,Vinyl / LP | Album,"Electronic, Funk / Soul, Pop, Folk, World, & Country","Canzone Napoletana, Italo-Disco",Napoletani,https://www.discogs.com/release/27569025-Gianni-Sacco-Dentro-E-Fuori,,,
Franco Cipriani,Solo Tu (Loving You Is Sweeter Than Ever),A1,,Voglia Di Baci,1987,Italy,Zeus Record,BE 0196,Vinyl / LP | Stereo,"Pop, Folk, World, & Country",Canzone Napoletana,Napoletani,https://www.discogs.com/release/14365362-Franco-Cipriani-Voglia-Di-Baci,Stevie Wonder,Stevie Wonder [Written-By],
Franco Cipriani,Chi Cio' Fa Fa',A2,,Voglia Di Baci,1987,Italy,Zeus Record,BE 0196,Vinyl / LP | Stereo,"Pop, Folk, World, & Country",Canzone Napoletana,Napoletani,https://www.discogs.com/release/14365362-Franco-Cipriani-Voglia-Di-Baci,Gigi D'Alessio | Vincenzo d'Agostino,Gigi D'Alessio [Written-By] | Vincenzo d'Agostino [Written-By],
Franco Cipriani,Notte Di Stelle,A3,,Voglia Di Baci,1987,Italy,Zeus Record,BE 0196,Vinyl / LP | Stereo,"Pop, Folk, World, & Country",Canzone Napoletana,Napoletani,https://www.discogs.com/release/14365362-Franco-Cipriani-Voglia-Di-Baci,Enzo Rossi (2) | Franco Percopo,Enzo Rossi (2) [Written-By] | Franco Percopo [Written-By],
Franco Cipriani,Voglia Di Baci,A4,,Voglia Di Baci,1987,Italy,Zeus Record,BE 0196,Vinyl / LP | Stereo,"Pop, Folk, World, & Country",Canzone Napoletana,Napoletani,https://www.discogs.com/release/14365362-Franco-Cipriani-Voglia-Di-Baci,Franco Percopo | Franco Staco,Franco Percopo [Written-By] | Franco Staco [Written-By],
Franco Cipriani,Brutta,A5,,Voglia Di Baci,1987,Italy,Zeus Record,BE 0196,Vinyl / LP | Stereo,"Pop, Folk, World, & Country",Canzone Napoletana,Napoletani,https://www.discogs.com/release/14365362-Franco-Cipriani-Voglia-Di-Baci,Franco Percopo | Franco Staco,Franco Percopo [Written-By] | Franco Staco [Written-By],
Franco Cipriani,Maledetto Mare,B1,,Voglia Di Baci,1987,Italy,Zeus Record,BE 0196,Vinyl / LP | Stereo,"Pop, Folk, World, & Country",Canzone Napoletana,Napoletani,https://www.discogs.com/release/14365362-Franco-Cipriani-Voglia-Di-Baci,Franco Percopo | Pasquale Carpi,Franco Percopo [Written-By] | Pasquale Carpi [Written-By],
Franco Cipriani,Bella Bellissima,B2,,Voglia Di Baci,1987,Italy,Zeus Record,BE 0196,Vinyl / LP | Stereo,"Pop, Folk, World, & Country",Canzone Napoletana,Napoletani,https://www.discogs.com/release/14365362-Franco-Cipriani-Voglia-Di-Baci,Enzo Rossi (2) | Franco Percopo,Enzo Rossi (2) [Written-By] | Franco Percopo [Written-By],
Franco Cipriani,Come Bambini,B3,,Voglia Di Baci,1987,Italy,Zeus Record,BE 0196,Vinyl / LP | Stereo,"Pop, Folk, World, & Country",Canzone Napoletana,Napoletani,https://www.discogs.com/release/14365362-Franco-Cipriani-Voglia-Di-Baci,Franco Percopo | Pasquale Carpi,Franco Percopo [Written-By] | Pasquale Carpi [Written-By],
Franco Cipriani,Lassame Sta,B4,,Voglia Di Baci,1987,Italy,Zeus Record,BE 0196,Vinyl / LP | Stereo,"Pop, Folk, World, & Country",Canzone Napoletana,Napoletani,https://www.discogs.com/release/14365362-Franco-Cipriani-Voglia-Di-Baci,Franco Staco,Franco Staco [Written-By],
Franco Cipriani,Sempe Cu Tte,B5,,Voglia Di Baci,1987,Italy,Zeus Record,BE 0196,Vinyl / LP | Stereo,"Pop, Folk, World, & Country",Canzone Napoletana,Napoletani,https://www.discogs.com/release/14365362-Franco-Cipriani-Voglia-Di-Baci,Remigio Esposito | Vincenzo d'Agostino,Remigio Esposito [Written-By] | Vincenzo d'Agostino [Written-By],
Franco Cipriani,Torna Cu Mmè,A1,,Semplice,1989,Italy,Zeus Record,BE 0221,Vinyl / LP | Stereo,"Pop, Folk, World, & Country",Canzone Napoletana,Napoletani,https://www.discogs.com/release/14701944-Franco-Cipriani-Semplice,Carmine Tortora | G.E. Donniacuo,Carmine Tortora [Written-By] | G.E. Donniacuo [Written-By],
Franco Cipriani,Fatt'E Fatte Tuoie,A2,,Semplice,1989,Italy,Zeus Record,BE 0221,Vinyl / LP | Stereo,"Pop, Folk, World, & Country",Canzone Napoletana,Napoletani,https://www.discogs.com/release/14701944-Franco-Cipriani-Semplice,Carmine Tortora | Franco Percopo,Carmine Tortora [Written-By] | Franco Percopo [Written-By],
Franco Cipriani,Mannaggia A Me,A3,,Semplice,1989,Italy,Zeus Record,BE 0221,Vinyl / LP | Stereo,"Pop, Folk, World, & Country",Canzone Napoletana,Napoletani,https://www.discogs.com/release/14701944-Franco-Cipriani-Semplice,Alberto Selly | Franco Percopo | Tonino Russo,Alberto Selly [Written-By] | Franco Percopo [Written-By] | Tonino Russo [Written-By],
Franco Cipriani,Un Chicco Di Bambino,A4,,Semplice,1989,Italy,Zeus Record,BE 0221,Vinyl / LP | Stereo,"Pop, Folk, World, & Country",Canzone Napoletana,Napoletani,https://www.discogs.com/release/14701944-Franco-Cipriani-Semplice,Antonio Casaburi | Franco Staco,Antonio Casaburi [Written-By] | Franco Staco [Written-By],
Franco Cipriani,Complici,A5,,Semplice,1989,Italy,Zeus Record,BE 0221,Vinyl / LP | Stereo,"Pop, Folk, World, & Country",Canzone Napoletana,Napoletani,https://www.discogs.com/release/14701944-Franco-Cipriani-Semplice,Carmine Tortora | G.E. Donniacuo,Carmine Tortora [Written-By] | G.E. Donniacuo [Written-By],
Franco Cipriani,Un Giorno Lei,B1,,Semplice,1989,Italy,Zeus Record,BE 0221,Vinyl / LP | Stereo,"Pop, Folk, World, & Country",Canzone Napoletana,Napoletani,https://www.discogs.com/release/14701944-Franco-Cipriani-Semplice,Antonio Casaburi | Remigio Esposito,Antonio Casaburi [Written-By] | Remigio Esposito [Written-By],
Franco Cipriani,Si Spezza Il Cuore,B2,,Semplice,1989,Italy,Zeus Record,BE 0221,Vinyl / LP | Stereo,"Pop, Folk, World, & Country",Canzone Napoletana,Napoletani,https://www.discogs.com/release/14701944-Franco-Cipriani-Semplice,Carmine Tortora | G.E. Donniacuo,Carmine Tortora [Written-By] | G.E. Donniacuo [Written-By],
Franco Cipriani,Ragazza Triste,B3,,Semplice,1989,Italy,Zeus Record,BE 0221,Vinyl / LP | Stereo,"Pop, Folk, World, & Country",Canzone Napoletana,Napoletani,https://www.discogs.com/release/14701944-Franco-Cipriani-Semplice,Adriano Guarino | Antonio Casaburi,Adriano Guarino [Written-By] | Antonio Casaburi [Written-By],
Franco Cipriani,Sott'O Sole,B4,,Semplice,1989,Italy,Zeus Record,BE 0221,Vinyl / LP | Stereo,"Pop, Folk, World, & Country",Canzone Napoletana,Napoletani,https://www.discogs.com/release/14701944-Franco-Cipriani-Semplice,Carmine Tortora | Franco Percopo,Carmine Tortora [Written-By] | Franco Percopo [Written-By],
Franco Cipriani,T'Amerò,B5,,Semplice,1989,Italy,Zeus Record,BE 0221,Vinyl / LP | Stereo,"Pop, Folk, World, & Country",Canzone Napoletana,Napoletani,https://www.discogs.com/release/14701944-Franco-Cipriani-Semplice,Carmine Tortora | Franco Percopo,Carmine Tortora [Written-By] | Franco Percopo [Written-By],
Nunzia Marra,Chisà,A1,,Chisà,1989,Italy,Zeus Record,BE 0229,Vinyl / LP | Stereo,"Pop, Folk, World, & Country",Canzone Napoletana,Napoletani,https://www.discogs.com/release/14691005-Nunzia-Marra-Chisà,,,
Nunzia Marra,Nun Ce Credo,A2,,Chisà,1989,Italy,Zeus Record,BE 0229,Vinyl / LP | Stereo,"Pop, Folk, World, & Country",Canzone Napoletana,Napoletani,https://www.discogs.com/release/14691005-Nunzia-Marra-Chisà,,,
Nunzia Marra,E Gira E Vota,A3,,Chisà,1989,Italy,Zeus Record,BE 0229,Vinyl / LP | Stereo,"Pop, Folk, World, & Country",Canzone Napoletana,Napoletani,https://www.discogs.com/release/14691005-Nunzia-Marra-Chisà,,,
Nunzia Marra,'O Stesso Appuntamento,A4,,Chisà,1989,Italy,Zeus Record,BE 0229,Vinyl / LP | Stereo,"Pop, Folk, World, & Country",Canzone Napoletana,Napoletani,https://www.discogs.com/release/14691005-Nunzia-Marra-Chisà,,,
Nunzia Marra,Mamma 'Nzuonno,A5,,Chisà,1989,Italy,Zeus Record,BE 0229,Vinyl / LP | Stereo,"Pop, Folk, World, & Country",Canzone Napoletana,Napoletani,https://www.discogs.com/release/14691005-Nunzia-Marra-Chisà,,,
Nunzia Marra,E Femmene Belle,A6,,Chisà,1989,Italy,Zeus Record,BE 0229,Vinyl / LP | Stereo,"Pop, Folk, World, & Country",Canzone Napoletana,Napoletani,https://www.discogs.com/release/14691005-Nunzia-Marra-Chisà,,,
Nunzia Marra,Veleno Doce,B1,,Chisà,1989,Italy,Zeus Record,BE 0229,Vinyl / LP | Stereo,"Pop, Folk, World, & Country",Canzone Napoletana,Napoletani,https://www.discogs.com/release/14691005-Nunzia-Marra-Chisà,,,
Nunzia Marra,'A Legge Pe 'Nnammurate,B2,,Chisà,1989,Italy,Zeus Record,BE 0229,Vinyl / LP | Stereo,"Pop, Folk, World, & Country",Canzone Napoletana,Napoletani,https://www.discogs.com/release/14691005-Nunzia-Marra-Chisà,,,
Nunzia Marra,Rose Busciarde,B3,,Chisà,1989,Italy,Zeus Record,BE 0229,Vinyl / LP | Stereo,"Pop, Folk, World, & Country",Canzone Napoletana,Napoletani,https://www.discogs.com/release/14691005-Nunzia-Marra-Chisà,,,
Nunzia Marra,Oi Zingare,B4,,Chisà,1989,Italy,Zeus Record,BE 0229,Vinyl / LP | Stereo,"Pop, Folk, World, & Country",Canzone Napoletana,Napoletani,https://www.discogs.com/release/14691005-Nunzia-Marra-Chisà,,,
Nunzia Marra,Ll'Ammore Nun Se Venne,B5,,Chisà,1989,Italy,Zeus Record,BE 0229,Vinyl / LP | Stereo,"Pop, Folk, World, & Country",Canzone Napoletana,Napoletani,https://www.discogs.com/release/14691005-Nunzia-Marra-Chisà,,,
Nunzia Marra,Vita 'E Campagna,B6,,Chisà,1989,Italy,Zeus Record,BE 0229,Vinyl / LP | Stereo,"Pop, Folk, World, & Country",Canzone Napoletana,Napoletani,https://www.discogs.com/release/14691005-Nunzia-Marra-Chisà,,,
Rhyze,Rhyze To The Top,A1,6:15,Rhyze To The Top,1981,US,20th Century Fox Records,T-639,Vinyl / LP | Album | Stereo,Funk / Soul,"Soul, Funk, Disco",Stranieri,https://www.discogs.com/release/915826-Rhyze-Rhyze-To-The-Top,"""Jojo"" McKnight | Charles Holmes | Ellsworth Anderson | Kenneth Hicks | Kevin Barbee | Richard Menter | Roscoe Taylor | Vince Jackson","""Jojo"" McKnight [Written-By] | Charles Holmes [Written-By] | Ellsworth Anderson [Written-By] | Kenneth Hicks [Written-By] | Kevin Barbee [Written-By] | Richard Menter [Written-By] | Roscoe Taylor [Written-By] | Vince Jackson [Written-By]",
Rhyze,Give It Up (Give Me Your Love),A2,5:50,Rhyze To The Top,1981,US,20th Century Fox Records,T-639,Vinyl / LP | Album | Stereo,Funk / Soul,"Soul, Funk, Disco",Stranieri,https://www.discogs.com/release/915826-Rhyze-Rhyze-To-The-Top,Leon Stuckey | Paul Kyser,Leon Stuckey [Written-By] | Paul Kyser [Written-By],
Rhyze,What Can I Do About This Feeling,A3,4:19,Rhyze To The Top,1981,US,20th Century Fox Records,T-639,Vinyl / LP | Album | Stereo,Funk / Soul,"Soul, Funk, Disco",Stranieri,https://www.discogs.com/release/915826-Rhyze-Rhyze-To-The-Top,Ellsworth Anderson,Ellsworth Anderson [Written-By],
Rhyze,Bizzaar,A4,4:30,Rhyze To The Top,1981,US,20th Century Fox Records,T-639,Vinyl / LP | Album | Stereo,Funk / Soul,"Soul, Funk, Disco",Stranieri,https://www.discogs.com/release/915826-Rhyze-Rhyze-To-The-Top,Leon Stuckey | Paul Kyser,Leon Stuckey [Written-By] | Paul Kyser [Written-By],
Rhyze,Tonight's Gonna Be My Night,B1,5:10,Rhyze To The Top,1981,US,20th Century Fox Records,T-639,Vinyl / LP | Album | Stereo,Funk / Soul,"Soul, Funk, Disco",Stranieri,https://www.discogs.com/release/915826-Rhyze-Rhyze-To-The-Top,Leon Stuckey | Paul Kyser,Leon Stuckey [Written-By] | Paul Kyser [Written-By],
Rhyze,Having Fun,B2,4:28,Rhyze To The Top,1981,US,20th Century Fox Records,T-639,Vinyl / LP | Album | Stereo,Funk / Soul,"Soul, Funk, Disco",Stranieri,https://www.discogs.com/release/915826-Rhyze-Rhyze-To-The-Top,"""Jojo"" McKnight | Charles Holmes | Ellsworth Anderson | Kenneth Hicks | Kevin Barbee | Richard Menter | Roscoe Taylor | Vince Jackson","""Jojo"" McKnight [Written-By] | Charles Holmes [Written-By] | Ellsworth Anderson [Written-By] | Kenneth Hicks [Written-By] | Kevin Barbee [Written-By] | Richard Menter [Written-By] | Roscoe Taylor [Written-By] | Vince Jackson [Written-By]",
Rhyze,Overtime,B3,4:47,Rhyze To The Top,1981,US,20th Century Fox Records,T-639,Vinyl / LP | Album | Stereo,Funk / Soul,"Soul, Funk, Disco",Stranieri,https://www.discogs.com/release/915826-Rhyze-Rhyze-To-The-Top,Leon Stuckey | Paul Kyser,Leon Stuckey [Written-By] | Paul Kyser [Written-By],
Rhyze,Party Of Parties,B4,4:34,Rhyze To The Top,1981,US,20th Century Fox Records,T-639,Vinyl / LP | Album | Stereo,Funk / Soul,"Soul, Funk, Disco",Stranieri,https://www.discogs.com/release/915826-Rhyze-Rhyze-To-The-Top,Leon Stuckey | Paul Kyser,Leon Stuckey [Written-By] | Paul Kyser [Written-By],
Barry White,Don't Make Me Wait Too Long,A1,4:42,Is This Whatcha Wont?,1976,Italy,20th Century Records,6370 247 A,Vinyl / LP | Album | Stereo,Funk / Soul,"Downtempo, Disco",Stranieri,https://www.discogs.com/release/864629-Barry-White-Is-This-Whatcha-Wont,,,
Barry White,Your Love - So Good I Can Taste It,A2,12:33,Is This Whatcha Wont?,1976,Italy,20th Century Records,6370 247 A,Vinyl / LP | Album | Stereo,Funk / Soul,"Downtempo, Disco",Stranieri,https://www.discogs.com/release/864629-Barry-White-Is-This-Whatcha-Wont,,,
Barry White,I'm Qualified To Satisfy You,B1,4:27,Is This Whatcha Wont?,1976,Italy,20th Century Records,6370 247 A,Vinyl / LP | Album | Stereo,Funk / Soul,"Downtempo, Disco",Stranieri,https://www.discogs.com/release/864629-Barry-White-Is-This-Whatcha-Wont,,,
Barry White,I Wanna Lay Down With You Baby,B2,8:55,Is This Whatcha Wont?,1976,Italy,20th Century Records,6370 247 A,Vinyl / LP | Album | Stereo,Funk / Soul,"Downtempo, Disco",Stranieri,https://www.discogs.com/release/864629-Barry-White-Is-This-Whatcha-Wont,,,
Barry White,Now I'm Gonna Make Love To You,B3,4:58,Is This Whatcha Wont?,1976,Italy,20th Century Records,6370 247 A,Vinyl / LP | Album | Stereo,Funk / Soul,"Downtempo, Disco",Stranieri,https://www.discogs.com/release/864629-Barry-White-Is-This-Whatcha-Wont,,,
Peter Frampton,Dig What I Say,A1,4:09,Breaking All The Rules,1981,Italy,A&M Records,AMLK 63722,Vinyl / LP | Album,Rock,"Rock & Roll, Pop Rock",Stranieri,https://www.discogs.com/release/4902507-Frampton-Breaking-All-The-Rules,,,
Peter Frampton,I Don't Wanna Let You Go,A2,4:20,Breaking All The Rules,1981,Italy,A&M Records,AMLK 63722,Vinyl / LP | Album,Rock,"Rock & Roll, Pop Rock",Stranieri,https://www.discogs.com/release/4902507-Frampton-Breaking-All-The-Rules,,,
Peter Frampton,Rise Up,A3,3:46,Breaking All The Rules,1981,Italy,A&M Records,AMLK 63722,Vinyl / LP | Album,Rock,"Rock & Roll, Pop Rock",Stranieri,https://www.discogs.com/release/4902507-Frampton-Breaking-All-The-Rules,,,
Peter Frampton,Wasting The Night Away,A4,4:13,Breaking All The Rules,1981,Italy,A&M Records,AMLK 63722,Vinyl / LP | Album,Rock,"Rock & Roll, Pop Rock",Stranieri,https://www.discogs.com/release/4902507-Frampton-Breaking-All-The-Rules,,,
Peter Frampton,Going To L.A.,A5,5:58,Breaking All The Rules,1981,Italy,A&M Records,AMLK 63722,Vinyl / LP | Album,Rock,"Rock & Roll, Pop Rock",Stranieri,https://www.discogs.com/release/4902507-Frampton-Breaking-All-The-Rules,,,
Peter Frampton,You Kill Me,B1,4:17,Breaking All The Rules,1981,Italy,A&M Records,AMLK 63722,Vinyl / LP | Album,Rock,"Rock & Roll, Pop Rock",Stranieri,https://www.discogs.com/release/4902507-Frampton-Breaking-All-The-Rules,,,
Peter Frampton,Friday On My Mind,B2,4:15,Breaking All The Rules,1981,Italy,A&M Records,AMLK 63722,Vinyl / LP | Album,Rock,"Rock & Roll, Pop Rock",Stranieri,https://www.discogs.com/release/4902507-Frampton-Breaking-All-The-Rules,,,
Peter Frampton,Lost A Part Of You,B3,3:50,Breaking All The Rules,1981,Italy,A&M Records,AMLK 63722,Vinyl / LP | Album,Rock,"Rock & Roll, Pop Rock",Stranieri,https://www.discogs.com/release/4902507-Frampton-Breaking-All-The-Rules,,,
Peter Frampton,Breaking All The Rules,B4,7:15,Breaking All The Rules,1981,Italy,A&M Records,AMLK 63722,Vinyl / LP | Album,Rock,"Rock & Roll, Pop Rock",Stranieri,https://www.discogs.com/release/4902507-Frampton-Breaking-All-The-Rules,,,
Burt Bacharach,Alfie-Do You Know The Way To San Jose,A1,2:04,In Concert,1974,Italy,A&M Records,SLAM 68279,Vinyl / LP | Album,Jazz,Easy Listening,Stranieri,https://www.discogs.com/release/2160460-Burt-Bacharach-In-Concert,,,
Burt Bacharach,Walk On By,A2,2:58,In Concert,1974,Italy,A&M Records,SLAM 68279,Vinyl / LP | Album,Jazz,Easy Listening,Stranieri,https://www.discogs.com/release/2160460-Burt-Bacharach-In-Concert,,,
Burt Bacharach,Come Touch The Sun,A3,2:12,In Concert,1974,Italy,A&M Records,SLAM 68279,Vinyl / LP | Album,Jazz,Easy Listening,Stranieri,https://www.discogs.com/release/2160460-Burt-Bacharach-In-Concert,,,
Burt Bacharach,Raindrops Keep Fallin' On My Head,A4,1:47,In Concert,1974,Italy,A&M Records,SLAM 68279,Vinyl / LP | Album,Jazz,Easy Listening,Stranieri,https://www.discogs.com/release/2160460-Burt-Bacharach-In-Concert,,,
Burt Bacharach,The Look Of Love,A5,3:26,In Concert,1974,Italy,A&M Records,SLAM 68279,Vinyl / LP | Album,Jazz,Easy Listening,Stranieri,https://www.discogs.com/release/2160460-Burt-Bacharach-In-Concert,,,
Burt Bacharach,Medley,A6,6:22,In Concert,1974,Italy,A&M Records,SLAM 68279,Vinyl / LP | Album,Jazz,Easy Listening,Stranieri,https://www.discogs.com/release/2160460-Burt-Bacharach-In-Concert,,,
Burt Bacharach,This Guy's In Love With You,A7,2:56,In Concert,1974,Italy,A&M Records,SLAM 68279,Vinyl / LP | Album,Jazz,Easy Listening,Stranieri,https://www.discogs.com/release/2160460-Burt-Bacharach-In-Concert,,,
Burt Bacharach,I'll Never Fall In Love Again,B1,2:39,In Concert,1974,Italy,A&M Records,SLAM 68279,Vinyl / LP | Album,Jazz,Easy Listening,Stranieri,https://www.discogs.com/release/2160460-Burt-Bacharach-In-Concert,,,
Burt Bacharach,(They Long To Be) Close To You,B2,3:25,In Concert,1974,Italy,A&M Records,SLAM 68279,Vinyl / LP | Album,Jazz,Easy Listening,Stranieri,https://www.discogs.com/release/2160460-Burt-Bacharach-In-Concert,,,
Burt Bacharach,Bond Street,B3,1:57,In Concert,1974,Italy,A&M Records,SLAM 68279,Vinyl / LP | Album,Jazz,Easy Listening,Stranieri,https://www.discogs.com/release/2160460-Burt-Bacharach-In-Concert,,,
Burt Bacharach,A House Is Not A Home,B4,4:13,In Concert,1974,Italy,A&M Records,SLAM 68279,Vinyl / LP | Album,Jazz,Easy Listening,Stranieri,https://www.discogs.com/release/2160460-Burt-Bacharach-In-Concert,,,
Burt Bacharach,Alfie,B5,3:46,In Concert,1974,Italy,A&M Records,SLAM 68279,Vinyl / LP | Album,Jazz,Easy Listening,Stranieri,https://www.discogs.com/release/2160460-Burt-Bacharach-In-Concert,,,
Burt Bacharach,What The World Needs Now Is Love,B6,5:05,In Concert,1974,Italy,A&M Records,SLAM 68279,Vinyl / LP | Album,Jazz,Easy Listening,Stranieri,https://www.discogs.com/release/2160460-Burt-Bacharach-In-Concert,,,
Burt Bacharach,"Promises, Promises",B7,2:26,In Concert,1974,Italy,A&M Records,SLAM 68279,Vinyl / LP | Album,Jazz,Easy Listening,Stranieri,https://www.discogs.com/release/2160460-Burt-Bacharach-In-Concert,,,
Burt Bacharach,What The World Needs Now Is Love-Reprise,B8,1:13,In Concert,1974,Italy,A&M Records,SLAM 68279,Vinyl / LP | Album,Jazz,Easy Listening,Stranieri,https://www.discogs.com/release/2160460-Burt-Bacharach-In-Concert,,,
Whitney Houston,You Give Good Love,A1,4:33,Whitney Houston,1985,Ireland,Arista,206 978,Vinyl / LP | Album,"Electronic, Funk / Soul","Synth-pop, Funk, Soul",Stranieri,https://www.discogs.com/release/5705062-Whitney-Houston-Whitney-Houston,,La La [Backing Vocals] | Kashif [Producer],
Whitney Houston,Thinking About You,A2,5:27,Whitney Houston,1985,Ireland,Arista,206 978,Vinyl / LP | Album,"Electronic, Funk / Soul","Synth-pop, Funk, Soul",Stranieri,https://www.discogs.com/release/5705062-Whitney-Houston-Whitney-Houston,,La La [Backing Vocals] | Kashif [Producer],
Whitney Houston,Someone For Me,A3,4:57,Whitney Houston,1985,Ireland,Arista,206 978,Vinyl / LP | Album,"Electronic, Funk / Soul","Synth-pop, Funk, Soul",Stranieri,https://www.discogs.com/release/5705062-Whitney-Houston-Whitney-Houston,,Jermaine Jackson [Producer],
Whitney Houston,Saving All My Love For You,A4,3:57,Whitney Houston,1985,Ireland,Arista,206 978,Vinyl / LP | Album,"Electronic, Funk / Soul","Synth-pop, Funk, Soul",Stranieri,https://www.discogs.com/release/5705062-Whitney-Houston-Whitney-Houston,,Michael Masser [Producer] | Tom Scott [Saxophone],
Whitney Houston,Nobody Loves Me Like You Do,A5,3:46,Whitney Houston,1985,Ireland,Arista,206 978,Vinyl / LP | Album,"Electronic, Funk / Soul","Synth-pop, Funk, Soul",Stranieri,https://www.discogs.com/release/5705062-Whitney-Houston-Whitney-Houston,,Jermaine Jackson [Producer] | Jermaine Jackson [Vocals],
Whitney Houston,How Will I Know,B1,4:33,Whitney Houston,1985,Ireland,Arista,206 978,Vinyl / LP | Album,"Electronic, Funk / Soul","Synth-pop, Funk, Soul",Stranieri,https://www.discogs.com/release/5705062-Whitney-Houston-Whitney-Houston,,Cissy Houston [Backing Vocals] | Narada Michael Walden [Producer],
Whitney Houston,All At Once,B2,4:26,Whitney Houston,1985,Ireland,Arista,206 978,Vinyl / LP | Album,"Electronic, Funk / Soul","Synth-pop, Funk, Soul",Stranieri,https://www.discogs.com/release/5705062-Whitney-Houston-Whitney-Houston,,Michael Masser [Producer],
Whitney Houston,Take Good Care Of My Heart,B3,4:13,Whitney Houston,1985,Ireland,Arista,206 978,Vinyl / LP | Album,"Electronic, Funk / Soul","Synth-pop, Funk, Soul",Stranieri,https://www.discogs.com/release/5705062-Whitney-Houston-Whitney-Houston,,Jermaine Jackson [Producer] | Jermaine Jackson [Vocals],
Whitney Houston,Greatest Love Of All,B4,4:49,Whitney Houston,1985,Ireland,Arista,206 978,Vinyl / LP | Album,"Electronic, Funk / Soul","Synth-pop, Funk, Soul",Stranieri,https://www.discogs.com/release/5705062-Whitney-Houston-Whitney-Houston,,Michael Masser [Producer],
Whitney Houston,Hold Me,B5,6:00,Whitney Houston,1985,Ireland,Arista,206 978,Vinyl / LP | Album,"Electronic, Funk / Soul","Synth-pop, Funk, Soul",Stranieri,https://www.discogs.com/release/5705062-Whitney-Houston-Whitney-Houston,,Michael Masser [Producer] | Teddy Pendergrass [Vocals],
Jermaine Jackson,Dynamite,A1,,Dynamite,1984,US,Arista,ARS 39203,Vinyl / LP | Album,"Funk / Soul, Pop","Vocal, Soul",Stranieri,https://www.discogs.com/release/12054626-Jermaine-Jackson-Dynamite,,,
Jermaine Jackson,Sweetest Sweetest,A2,,Dynamite,1984,US,Arista,ARS 39203,Vinyl / LP | Album,"Funk / Soul, Pop","Vocal, Soul",Stranieri,https://www.discogs.com/release/12054626-Jermaine-Jackson-Dynamite,,,
Jermaine Jackson,Tell Me I'm Not Dreaming (Too Good To Be True) ,A3,,Dynamite,1984,US,Arista,ARS 39203,Vinyl / LP | Album,"Funk / Soul, Pop","Vocal, Soul",Stranieri,https://www.discogs.com/release/12054626-Jermaine-Jackson-Dynamite,,Michael Jackson [Performer],
Jermaine Jackson,Escape From The Planet Of The Ant Men,A4,,Dynamite,1984,US,Arista,ARS 39203,Vinyl / LP | Album,"Funk / Soul, Pop","Vocal, Soul",Stranieri,https://www.discogs.com/release/12054626-Jermaine-Jackson-Dynamite,,,
Jermaine Jackson,When The Rain Begins To Fall ,A5,,Dynamite,1984,US,Arista,ARS 39203,Vinyl / LP | Album,"Funk / Soul, Pop","Vocal, Soul",Stranieri,https://www.discogs.com/release/12054626-Jermaine-Jackson-Dynamite,,Pia Zadora [Performer],
Jermaine Jackson,Come To Me (One Way Or Another),B1,,Dynamite,1984,US,Arista,ARS 39203,Vinyl / LP | Album,"Funk / Soul, Pop","Vocal, Soul",Stranieri,https://www.discogs.com/release/12054626-Jermaine-Jackson-Dynamite,,,
Jermaine Jackson,Do What You Do,B2,,Dynamite,1984,US,Arista,ARS 39203,Vinyl / LP | Album,"Funk / Soul, Pop","Vocal, Soul",Stranieri,https://www.discogs.com/release/12054626-Jermaine-Jackson-Dynamite,,,
Jermaine Jackson,Take Good Care Of My Heart,B3,,Dynamite,1984,US,Arista,ARS 39203,Vinyl / LP | Album,"Funk / Soul, Pop","Vocal, Soul",Stranieri,https://www.discogs.com/release/12054626-Jermaine-Jackson-Dynamite,,,
Jermaine Jackson,Some Things Are Private,B4,,Dynamite,1984,US,Arista,ARS 39203,Vinyl / LP | Album,"Funk / Soul, Pop","Vocal, Soul",Stranieri,https://www.discogs.com/release/12054626-Jermaine-Jackson-Dynamite,,,
Jermaine Jackson,Oh Mother,B5,,Dynamite,1984,US,Arista,ARS 39203,Vinyl / LP | Album,"Funk / Soul, Pop","Vocal, Soul",Stranieri,https://www.discogs.com/release/12054626-Jermaine-Jackson-Dynamite,,,
Aretha Franklin,Freeway Of Love,A1,6:00,Who's Zoomin' Who?,1985,Italy,Arista,ARS 39209,Vinyl / LP | Album | Stereo,"Electronic, Funk / Soul","Soul, Synth-pop, Disco",Stranieri,https://www.discogs.com/release/4942503-Aretha-Franklin-Whos-Zoomin-Who,Jeffrey Cohen | Narada Michael Walden,Clarence Clemons [Saxophone] | Jeffrey Cohen [Written-By] | Narada Michael Walden [Written-By],
Aretha Franklin,Another Night,A2,4:30,Who's Zoomin' Who?,1985,Italy,Arista,ARS 39209,Vinyl / LP | Album | Stereo,"Electronic, Funk / Soul","Soul, Synth-pop, Disco",Stranieri,https://www.discogs.com/release/4942503-Aretha-Franklin-Whos-Zoomin-Who,,Roy Freeland [Lyrics By] | Beppe Cantarelli [Music By] | Roy Freeland [Vocals],
Aretha Franklin,Sweet Bitter Love,A3,5:11,Who's Zoomin' Who?,1985,Italy,Arista,ARS 39209,Vinyl / LP | Album | Stereo,"Electronic, Funk / Soul","Soul, Synth-pop, Disco",Stranieri,https://www.discogs.com/release/4942503-Aretha-Franklin-Whos-Zoomin-Who,Van McCoy,Aretha Franklin [Co-producer] | Van McCoy [Written-By],
Aretha Franklin,Who's Zoomin' Who?,A4,4:43,Who's Zoomin' Who?,1985,Italy,Arista,ARS 39209,Vinyl / LP | Album | Stereo,"Electronic, Funk / Soul","Soul, Synth-pop, Disco",Stranieri,https://www.discogs.com/release/4942503-Aretha-Franklin-Whos-Zoomin-Who,Aretha Franklin | Narada Michael Walden | Preston Glass,Aretha Franklin [Written-By] | Narada Michael Walden [Written-By] | Preston Glass [Written-By],
Aretha Franklin,Sisters Are Doin' It For Themselves,B1,5:54,Who's Zoomin' Who?,1985,Italy,Arista,ARS 39209,Vinyl / LP | Album | Stereo,"Electronic, Funk / Soul","Soul, Synth-pop, Disco",Stranieri,https://www.discogs.com/release/4942503-Aretha-Franklin-Whos-Zoomin-Who,Annie Lennox | David A. Stewart,David A. Stewart [Co-producer] | Eurythmics [Vocals] | Annie Lennox [Written-By] | David A. Stewart [Written-By],
Aretha Franklin,Until You Say You Love Me,B2,4:23,Who's Zoomin' Who?,1985,Italy,Arista,ARS 39209,Vinyl / LP | Album | Stereo,"Electronic, Funk / Soul","Soul, Synth-pop, Disco",Stranieri,https://www.discogs.com/release/4942503-Aretha-Franklin-Whos-Zoomin-Who,Narada Michael Walden | Preston Glass,Narada Michael Walden [Written-By] | Preston Glass [Written-By],
Aretha Franklin,Ain't Nobody Ever Loved You,B3,4:53,Who's Zoomin' Who?,1985,Italy,Arista,ARS 39209,Vinyl / LP | Album | Stereo,"Electronic, Funk / Soul","Soul, Synth-pop, Disco",Stranieri,https://www.discogs.com/release/4942503-Aretha-Franklin-Whos-Zoomin-Who,Jeffrey Cohen | Narada Michael Walden,Jeffrey Cohen [Written-By] | Narada Michael Walden [Written-By],
Aretha Franklin,Push (Duet With Peter Wolf),B4,4:36,Who's Zoomin' Who?,1985,Italy,Arista,ARS 39209,Vinyl / LP | Album | Stereo,"Electronic, Funk / Soul","Soul, Synth-pop, Disco",Stranieri,https://www.discogs.com/release/4942503-Aretha-Franklin-Whos-Zoomin-Who,Jeffrey Cohen | Narada Michael Walden,Peter Wolf [Vocals] | Jeffrey Cohen [Written-By] | Narada Michael Walden [Written-By],
Aretha Franklin,Integrity,B5,4:25,Who's Zoomin' Who?,1985,Italy,Arista,ARS 39209,Vinyl / LP | Album | Stereo,"Electronic, Funk / Soul","Soul, Synth-pop, Disco",Stranieri,https://www.discogs.com/release/4942503-Aretha-Franklin-Whos-Zoomin-Who,Aretha Franklin,Aretha Franklin [Co-producer] | Aretha Franklin [Written-By],
Patti Smith Group,Frederick,A1,3:01,Wave,1979,Italy,"Arista, Arista","3C 064 - 62516, 3C 064 62516",Vinyl / LP | Album | Stereo,Rock,New Wave,Stranieri,https://www.discogs.com/release/2551556-Patti-Smith-Group-Wave,Patti Smith,Patti Smith [Written-By],
Patti Smith Group,Dancing Barefoot,A2,4:18,Wave,1979,Italy,"Arista, Arista","3C 064 - 62516, 3C 064 62516",Vinyl / LP | Album | Stereo,Rock,New Wave,Stranieri,https://www.discogs.com/release/2551556-Patti-Smith-Group-Wave,Ivan Kral | Patti Smith,Todd Rundgren [Bass] | Ivan Kral [Written-By] | Patti Smith [Written-By],
Patti Smith Group,So You Want To Be (A Rock ’n’ Roll Star),A3,4:18,Wave,1979,Italy,"Arista, Arista","3C 064 - 62516, 3C 064 62516",Vinyl / LP | Album | Stereo,Rock,New Wave,Stranieri,https://www.discogs.com/release/2551556-Patti-Smith-Group-Wave,Chris Hillman | Roger McGuinn,Chris Hillman [Written-By] | Roger McGuinn [Written-By],
Patti Smith Group,Hymn,A4,1:10,Wave,1979,Italy,"Arista, Arista","3C 064 - 62516, 3C 064 62516",Vinyl / LP | Album | Stereo,Rock,New Wave,Stranieri,https://www.discogs.com/release/2551556-Patti-Smith-Group-Wave,Lenny Kaye | Patti Smith,Lenny Kaye [Autoharp] | Lenny Kaye [Written-By] | Patti Smith [Written-By],
Patti Smith Group,Revenge,A5,5:06,Wave,1979,Italy,"Arista, Arista","3C 064 - 62516, 3C 064 62516",Vinyl / LP | Album | Stereo,Rock,New Wave,Stranieri,https://www.discogs.com/release/2551556-Patti-Smith-Group-Wave,Ivan Kral | Patti Smith,Ivan Kral [Written-By] | Patti Smith [Written-By],
Patti Smith Group,Citizen Ship,B1,5:09,Wave,1979,Italy,"Arista, Arista","3C 064 - 62516, 3C 064 62516",Vinyl / LP | Album | Stereo,Rock,New Wave,Stranieri,https://www.discogs.com/release/2551556-Patti-Smith-Group-Wave,Ivan Kral | Patti Smith,Ivan Kral [Written-By] | Patti Smith [Written-By],
Patti Smith Group,Seven Ways Of Going,B2,5:12,Wave,1979,Italy,"Arista, Arista","3C 064 - 62516, 3C 064 62516",Vinyl / LP | Album | Stereo,Rock,New Wave,Stranieri,https://www.discogs.com/release/2551556-Patti-Smith-Group-Wave,Patti Smith Group,Andi Ostrowe [Timpani [Timapani Drums]] | Patti Smith Group [Written-By],
Patti Smith Group,Broken Flag,B3,4:55,Wave,1979,Italy,"Arista, Arista","3C 064 - 62516, 3C 064 62516",Vinyl / LP | Album | Stereo,Rock,New Wave,Stranieri,https://www.discogs.com/release/2551556-Patti-Smith-Group-Wave,Lenny Kaye | Patty Smyth,Lenny Kaye [Written-By] | Patty Smyth [Written-By],
Patti Smith Group,Wave,B4,4:36,Wave,1979,Italy,"Arista, Arista","3C 064 - 62516, 3C 064 62516",Vinyl / LP | Album | Stereo,Rock,New Wave,Stranieri,https://www.discogs.com/release/2551556-Patti-Smith-Group-Wave,Patti Smith,Lenny Kaye [Bass] | Ivan Kral [Cello] | Dnv [Effects [Ocean]] | R.e.f.m. [Piano] | Patti Smith [Written-By],
Led Zeppelin,Immigrant Song,A1,2:26,Led Zeppelin III,1976,Italy,"Atlantic, Atlantic","W 50002, (SD 7201)",Vinyl / LP | Album | Reissue | Stereo / Italian Rim Text + W Logo To The Right,Rock,"Hard Rock, Classic Rock",Stranieri,https://www.discogs.com/release/7202527-Led-Zeppelin-Led-Zeppelin-III,Jimmy Page | Robert Plant,Jimmy Page [Written-By] | Robert Plant [Written-By],
Led Zeppelin,Friends,A2,3:55,Led Zeppelin III,1976,Italy,"Atlantic, Atlantic","W 50002, (SD 7201)",Vinyl / LP | Album | Reissue | Stereo / Italian Rim Text + W Logo To The Right,Rock,"Hard Rock, Classic Rock",Stranieri,https://www.discogs.com/release/7202527-Led-Zeppelin-Led-Zeppelin-III,Jimmy Page | Robert Plant,Jimmy Page [Written-By] | Robert Plant [Written-By],
Led Zeppelin,Celebration Day,A3,3:29,Led Zeppelin III,1976,Italy,"Atlantic, Atlantic","W 50002, (SD 7201)",Vinyl / LP | Album | Reissue | Stereo / Italian Rim Text + W Logo To The Right,Rock,"Hard Rock, Classic Rock",Stranieri,https://www.discogs.com/release/7202527-Led-Zeppelin-Led-Zeppelin-III,Jimmy Page | John Paul Jones | Robert Plant,Jimmy Page [Written-By] | John Paul Jones [Written-By] | Robert Plant [Written-By],
Led Zeppelin,Since I've Been Loving You,A4,7:25,Led Zeppelin III,1976,Italy,"Atlantic, Atlantic","W 50002, (SD 7201)",Vinyl / LP | Album | Reissue | Stereo / Italian Rim Text + W Logo To The Right,Rock,"Hard Rock, Classic Rock",Stranieri,https://www.discogs.com/release/7202527-Led-Zeppelin-Led-Zeppelin-III,Jimmy Page | John Paul Jones | Robert Plant,Jimmy Page [Written-By] | John Paul Jones [Written-By] | Robert Plant [Written-By],
Led Zeppelin,Out On The Tiles,A5,4:04,Led Zeppelin III,1976,Italy,"Atlantic, Atlantic","W 50002, (SD 7201)",Vinyl / LP | Album | Reissue | Stereo / Italian Rim Text + W Logo To The Right,Rock,"Hard Rock, Classic Rock",Stranieri,https://www.discogs.com/release/7202527-Led-Zeppelin-Led-Zeppelin-III,Jimmy Page | John Bonham | Robert Plant,Jimmy Page [Written-By] | John Bonham [Written-By] | Robert Plant [Written-By],
Led Zeppelin,Gallows Pole,B1,4:58,Led Zeppelin III,1976,Italy,"Atlantic, Atlantic","W 50002, (SD 7201)",Vinyl / LP | Album | Reissue | Stereo / Italian Rim Text + W Logo To The Right,Rock,"Hard Rock, Classic Rock",Stranieri,https://www.discogs.com/release/7202527-Led-Zeppelin-Led-Zeppelin-III,Traditional,Jimmy Page [Arranged By] | Robert Plant [Arranged By] | Traditional [Written-By],
Led Zeppelin,Tangerine,B2,3:12,Led Zeppelin III,1976,Italy,"Atlantic, Atlantic","W 50002, (SD 7201)",Vinyl / LP | Album | Reissue | Stereo / Italian Rim Text + W Logo To The Right,Rock,"Hard Rock, Classic Rock",Stranieri,https://www.discogs.com/release/7202527-Led-Zeppelin-Led-Zeppelin-III,Jimmy Page,Jimmy Page [Written-By],
Led Zeppelin,That's The Way,B3,5:38,Led Zeppelin III,1976,Italy,"Atlantic, Atlantic","W 50002, (SD 7201)",Vinyl / LP | Album | Reissue | Stereo / Italian Rim Text + W Logo To The Right,Rock,"Hard Rock, Classic Rock",Stranieri,https://www.discogs.com/release/7202527-Led-Zeppelin-Led-Zeppelin-III,Jimmy Page | Robert Plant,Jimmy Page [Written-By] | Robert Plant [Written-By],
Led Zeppelin,Bron-Y-Aur Stomp,B4,4:20,Led Zeppelin III,1976,Italy,"Atlantic, Atlantic","W 50002, (SD 7201)",Vinyl / LP | Album | Reissue | Stereo / Italian Rim Text + W Logo To The Right,Rock,"Hard Rock, Classic Rock",Stranieri,https://www.discogs.com/release/7202527-Led-Zeppelin-Led-Zeppelin-III,Jimmy Page | John Paul Jones | Robert Plant,Jimmy Page [Written-By] | John Paul Jones [Written-By] | Robert Plant [Written-By],
Led Zeppelin,Hats Off To (Roy) Harper,B5,3:41,Led Zeppelin III,1976,Italy,"Atlantic, Atlantic","W 50002, (SD 7201)",Vinyl / LP | Album | Reissue | Stereo / Italian Rim Text + W Logo To The Right,Rock,"Hard Rock, Classic Rock",Stranieri,https://www.discogs.com/release/7202527-Led-Zeppelin-Led-Zeppelin-III,Traditional,Charles Obscure [Arranged By] | Traditional [Written-By],
Stephen Schlaks,Openings,A1,3:12,Sensitive And Delicate,1979,Italy,Baby Records (2),BR 56000,Vinyl / LP | Album | Stereo,"Electronic, Rock","Pop Rock, Synth-pop",Stranieri,https://www.discogs.com/release/920191-Stephen-Schlaks-Sensitive-And-Delicate,,,
Stephen Schlaks,Moontears,A2,5:43,Sensitive And Delicate,1979,Italy,Baby Records (2),BR 56000,Vinyl / LP | Album | Stereo,"Electronic, Rock","Pop Rock, Synth-pop",Stranieri,https://www.discogs.com/release/920191-Stephen-Schlaks-Sensitive-And-Delicate,,,
Stephen Schlaks,Sensitive And Delicate,A3,4:24,Sensitive And Delicate,1979,Italy,Baby Records (2),BR 56000,Vinyl / LP | Album | Stereo,"Electronic, Rock","Pop Rock, Synth-pop",Stranieri,https://www.discogs.com/release/920191-Stephen-Schlaks-Sensitive-And-Delicate,,,
Stephen Schlaks,Promises Of Moonlove,A4,2:45,Sensitive And Delicate,1979,Italy,Baby Records (2),BR 56000,Vinyl / LP | Album | Stereo,"Electronic, Rock","Pop Rock, Synth-pop",Stranieri,https://www.discogs.com/release/920191-Stephen-Schlaks-Sensitive-And-Delicate,,,
Stephen Schlaks,Sara-Love,A5,3:46,Sensitive And Delicate,1979,Italy,Baby Records (2),BR 56000,Vinyl / LP | Album | Stereo,"Electronic, Rock","Pop Rock, Synth-pop",Stranieri,https://www.discogs.com/release/920191-Stephen-Schlaks-Sensitive-And-Delicate,,,
Stephen Schlaks,Mooncake La La,B1,5:15,Sensitive And Delicate,1979,Italy,Baby Records (2),BR 56000,Vinyl / LP | Album | Stereo,"Electronic, Rock","Pop Rock, Synth-pop",Stranieri,https://www.discogs.com/release/920191-Stephen-Schlaks-Sensitive-And-Delicate,,,
Stephen Schlaks,Lakes,B2,3:30,Sensitive And Delicate,1979,Italy,Baby Records (2),BR 56000,Vinyl / LP | Album | Stereo,"Electronic, Rock","Pop Rock, Synth-pop",Stranieri,https://www.discogs.com/release/920191-Stephen-Schlaks-Sensitive-And-Delicate,,,
Stephen Schlaks,Joseph Is Calling,B3,6:24,Sensitive And Delicate,1979,Italy,Baby Records (2),BR 56000,Vinyl / LP | Album | Stereo,"Electronic, Rock","Pop Rock, Synth-pop",Stranieri,https://www.discogs.com/release/920191-Stephen-Schlaks-Sensitive-And-Delicate,,,
Stephen Schlaks,Closings,B4,3:54,Sensitive And Delicate,1979,Italy,Baby Records (2),BR 56000,Vinyl / LP | Album | Stereo,"Electronic, Rock","Pop Rock, Synth-pop",Stranieri,https://www.discogs.com/release/920191-Stephen-Schlaks-Sensitive-And-Delicate,,,
Richie Havens,Death At An Early Age,A1,,Common Ground,1983,Italy,"Bagaria, Connexion","3C 064-18616, 3C 064-18616",Vinyl / LP | Album | Stereo,"Rock, Blues","Blues Rock, Soft Rock",Stranieri,https://www.discogs.com/release/2180348-Richie-Havens-Common-Ground,,,
Richie Havens,Gay Cavalier,A2,,Common Ground,1983,Italy,"Bagaria, Connexion","3C 064-18616, 3C 064-18616",Vinyl / LP | Album | Stereo,"Rock, Blues","Blues Rock, Soft Rock",Stranieri,https://www.discogs.com/release/2180348-Richie-Havens-Common-Ground,,,
Richie Havens,Lay Ye Down Boys,A3,,Common Ground,1983,Italy,"Bagaria, Connexion","3C 064-18616, 3C 064-18616",Vinyl / LP | Album | Stereo,"Rock, Blues","Blues Rock, Soft Rock",Stranieri,https://www.discogs.com/release/2180348-Richie-Havens-Common-Ground,,,
Richie Havens,This Is The Hour,A4,,Common Ground,1983,Italy,"Bagaria, Connexion","3C 064-18616, 3C 064-18616",Vinyl / LP | Album | Stereo,"Rock, Blues","Blues Rock, Soft Rock",Stranieri,https://www.discogs.com/release/2180348-Richie-Havens-Common-Ground,,,
Richie Havens,Stand Up,A5,,Common Ground,1983,Italy,"Bagaria, Connexion","3C 064-18616, 3C 064-18616",Vinyl / LP | Album | Stereo,"Rock, Blues","Blues Rock, Soft Rock",Stranieri,https://www.discogs.com/release/2180348-Richie-Havens-Common-Ground,,,
Richie Havens,Dear John,B1,,Common Ground,1983,Italy,"Bagaria, Connexion","3C 064-18616, 3C 064-18616",Vinyl / LP | Album | Stereo,"Rock, Blues","Blues Rock, Soft Rock",Stranieri,https://www.discogs.com/release/2180348-Richie-Havens-Common-Ground,,,
Richie Havens,Leave Well Enough Alone,B2,,Common Ground,1983,Italy,"Bagaria, Connexion","3C 064-18616, 3C 064-18616",Vinyl / LP | Album | Stereo,"Rock, Blues","Blues Rock, Soft Rock",Stranieri,https://www.discogs.com/release/2180348-Richie-Havens-Common-Ground,,,
Richie Havens,Moonlight Rain,B3,,Common Ground,1983,Italy,"Bagaria, Connexion","3C 064-18616, 3C 064-18616",Vinyl / LP | Album | Stereo,"Rock, Blues","Blues Rock, Soft Rock",Stranieri,https://www.discogs.com/release/2180348-Richie-Havens-Common-Ground,,,
Richie Havens,Things Must Change,B4,,Common Ground,1983,Italy,"Bagaria, Connexion","3C 064-18616, 3C 064-18616",Vinyl / LP | Album | Stereo,"Rock, Blues","Blues Rock, Soft Rock",Stranieri,https://www.discogs.com/release/2180348-Richie-Havens-Common-Ground,,,
Stephanie Cooke,Excuses (Nel's Bump And Grind Mix),A1,,Excuses,1995,US,BPM King Street Sounds,KSS-1032,"Vinyl / 12"" | 33 ⅓ RPM",Electronic,"House, Garage House",Stranieri,https://www.discogs.com/release/85409-Stephanie-Cooke-Excuses,,"Nelson Rosado [Remix, Producer [Additional Production]]",
Stephanie Cooke,Excuses (Dub-N-Grind Mix),A2,,Excuses,1995,US,BPM King Street Sounds,KSS-1032,"Vinyl / 12"" | 33 ⅓ RPM",Electronic,"House, Garage House",Stranieri,https://www.discogs.com/release/85409-Stephanie-Cooke-Excuses,,"Nelson Rosado [Remix, Producer [Additional Production]]",
Stephanie Cooke,Excuses (Instrumental),B1,,Excuses,1995,US,BPM King Street Sounds,KSS-1032,"Vinyl / 12"" | 33 ⅓ RPM",Electronic,"House, Garage House",Stranieri,https://www.discogs.com/release/85409-Stephanie-Cooke-Excuses,,,
Stephanie Cooke,Excuses (Mose's Original),B2,,Excuses,1995,US,BPM King Street Sounds,KSS-1032,"Vinyl / 12"" | 33 ⅓ RPM",Electronic,"House, Garage House",Stranieri,https://www.discogs.com/release/85409-Stephanie-Cooke-Excuses,,,
Beastie Boys,Ch-Check It Out,A1,,To The 5 Boroughs,2004,Europe,Capitol Records,7243 5 78674 1 3,Vinyl / LP | Album | Stereo,Hip Hop,"Turntablism, Cut-up/DJ",Stranieri,https://www.discogs.com/release/10834036-Beastie-Boys-To-The-5-Boroughs,,,
Beastie Boys,Right Right Now Now,A2,,To The 5 Boroughs,2004,Europe,Capitol Records,7243 5 78674 1 3,Vinyl / LP | Album | Stereo,Hip Hop,"Turntablism, Cut-up/DJ",Stranieri,https://www.discogs.com/release/10834036-Beastie-Boys-To-The-5-Boroughs,,,
Beastie Boys,3 The Hard Way,A3,,To The 5 Boroughs,2004,Europe,Capitol Records,7243 5 78674 1 3,Vinyl / LP | Album | Stereo,Hip Hop,"Turntablism, Cut-up/DJ",Stranieri,https://www.discogs.com/release/10834036-Beastie-Boys-To-The-5-Boroughs,,,
Beastie Boys,It takes Time To Build,A4,,To The 5 Boroughs,2004,Europe,Capitol Records,7243 5 78674 1 3,Vinyl / LP | Album | Stereo,Hip Hop,"Turntablism, Cut-up/DJ",Stranieri,https://www.discogs.com/release/10834036-Beastie-Boys-To-The-5-Boroughs,,,
Beastie Boys,Rhyme The Rhyme Well,B1,,To The 5 Boroughs,2004,Europe,Capitol Records,7243 5 78674 1 3,Vinyl / LP | Album | Stereo,Hip Hop,"Turntablism, Cut-up/DJ",Stranieri,https://www.discogs.com/release/10834036-Beastie-Boys-To-The-5-Boroughs,,,
Beastie Boys,Trippe Trouble,B2,,To The 5 Boroughs,2004,Europe,Capitol Records,7243 5 78674 1 3,Vinyl / LP | Album | Stereo,Hip Hop,"Turntablism, Cut-up/DJ",Stranieri,https://www.discogs.com/release/10834036-Beastie-Boys-To-The-5-Boroughs,,,
Beastie Boys,Hey F*?# You,B3,,To The 5 Boroughs,2004,Europe,Capitol Records,7243 5 78674 1 3,Vinyl / LP | Album | Stereo,Hip Hop,"Turntablism, Cut-up/DJ",Stranieri,https://www.discogs.com/release/10834036-Beastie-Boys-To-The-5-Boroughs,,,
Beastie Boys,Oh Word?,B4,,To The 5 Boroughs,2004,Europe,Capitol Records,7243 5 78674 1 3,Vinyl / LP | Album | Stereo,Hip Hop,"Turntablism, Cut-up/DJ",Stranieri,https://www.discogs.com/release/10834036-Beastie-Boys-To-The-5-Boroughs,,,
Beastie Boys,That's It Thats All,C1,,To The 5 Boroughs,2004,Europe,Capitol Records,7243 5 78674 1 3,Vinyl / LP | Album | Stereo,Hip Hop,"Turntablism, Cut-up/DJ",Stranieri,https://www.discogs.com/release/10834036-Beastie-Boys-To-The-5-Boroughs,,,
Beastie Boys,All Lifestyles,C2,,To The 5 Boroughs,2004,Europe,Capitol Records,7243 5 78674 1 3,Vinyl / LP | Album | Stereo,Hip Hop,"Turntablism, Cut-up/DJ",Stranieri,https://www.discogs.com/release/10834036-Beastie-Boys-To-The-5-Boroughs,,,
Beastie Boys,Shazam!,C3,,To The 5 Boroughs,2004,Europe,Capitol Records,7243 5 78674 1 3,Vinyl / LP | Album | Stereo,Hip Hop,"Turntablism, Cut-up/DJ",Stranieri,https://www.discogs.com/release/10834036-Beastie-Boys-To-The-5-Boroughs,,,
Beastie Boys,An Open Letter To NYC,C4,,To The 5 Boroughs,2004,Europe,Capitol Records,7243 5 78674 1 3,Vinyl / LP | Album | Stereo,Hip Hop,"Turntablism, Cut-up/DJ",Stranieri,https://www.discogs.com/release/10834036-Beastie-Boys-To-The-5-Boroughs,,,
Beastie Boys,Crawlspace,D1,,To The 5 Boroughs,2004,Europe,Capitol Records,7243 5 78674 1 3,Vinyl / LP | Album | Stereo,Hip Hop,"Turntablism, Cut-up/DJ",Stranieri,https://www.discogs.com/release/10834036-Beastie-Boys-To-The-5-Boroughs,,,
Beastie Boys,The Brouhaha,D2,,To The 5 Boroughs,2004,Europe,Capitol Records,7243 5 78674 1 3,Vinyl / LP | Album | Stereo,Hip Hop,"Turntablism, Cut-up/DJ",Stranieri,https://www.discogs.com/release/10834036-Beastie-Boys-To-The-5-Boroughs,,,
Beastie Boys,We Got The,D3,,To The 5 Boroughs,2004,Europe,Capitol Records,7243 5 78674 1 3,Vinyl / LP | Album | Stereo,Hip Hop,"Turntablism, Cut-up/DJ",Stranieri,https://www.discogs.com/release/10834036-Beastie-Boys-To-The-5-Boroughs,,,
Mariah Carey,Vision Of Love,A1,3:28,Mariah Carey,1990,Europe,"CBS, CBS","466815 1, CBS 466815 1",Vinyl / LP | Album,"Funk / Soul, Pop","Contemporary R&B, Soul, Ballad, Vocal",Stranieri,https://www.discogs.com/release/1745520-Mariah-Carey-Mariah-Carey,Ben Margulies | Mariah Carey,"Narada Michael Walden [Arranged By [Additional Rhythm], Co-producer] | Marcus Miller [Bass] | Ben Margulies [Drum Programming] | Ren Klyce [Drum Programming] | Ben Margulies [Drums] | Patrick Dillett [Engineer] | Jimmy Rip [Guitar] | Rhett Lawrence [Keyboards] | David Frazer [Mixed By] | Ben Margulies [Written-By] | Mariah Carey [Written-By]",
Mariah Carey,There's Got To Be A Way,A2,4:53,Mariah Carey,1990,Europe,"CBS, CBS","466815 1, CBS 466815 1",Vinyl / LP | Album,"Funk / Soul, Pop","Contemporary R&B, Soul, Ballad, Vocal",Stranieri,https://www.discogs.com/release/1745520-Mariah-Carey-Mariah-Carey,Mariah Carey | Ric Wake,"Billy T. Scott [Backing Vocals] | Jamiliah Muhammed [Backing Vocals] | Louis Biancaniello [Bass, Keyboards, Programmed By [Rhythm]] | Narada Michael Walden [Co-producer] | Ric Wake [Co-producer] | Dana Jon Chappelle [Engineer [Additional]] | Bob Cadway [Engineer, Recorded By] | Vernon Black [Guitar] | Rich Tancredi [Keyboards] | David Frazer [Mixed By] | Joe Franco [Percussion] | Walter Afanasieff [Synth [Horns]] | Mariah Carey [Written-By] | Ric Wake [Written-By]",
Mariah Carey,I Don't Wanna Cry,A3,4:47,Mariah Carey,1990,Europe,"CBS, CBS","466815 1, CBS 466815 1",Vinyl / LP | Album,"Funk / Soul, Pop","Contemporary R&B, Soul, Ballad, Vocal",Stranieri,https://www.discogs.com/release/1745520-Mariah-Carey-Mariah-Carey,Mariah Carey | Narada Michael Walden,"Chris Camozzi [Acoustic Guitar, Electric Guitar] | Narada Michael Walden [Arranged By, Drums, Producer] | Ren Klyce [Programmed By [Fairlight Rhythm]] | Walter Afanasieff [Synthesizer [Bass], Keyboards, Programmed By [Rhythm], Synthesizer] | Mariah Carey [Written-By] | Narada Michael Walden [Written-By]",
Mariah Carey,Someday,A4,4:06,Mariah Carey,1990,Europe,"CBS, CBS","466815 1, CBS 466815 1",Vinyl / LP | Album,"Funk / Soul, Pop","Contemporary R&B, Soul, Ballad, Vocal",Stranieri,https://www.discogs.com/release/1745520-Mariah-Carey-Mariah-Carey,Ben Margulies | Mariah Carey,"Ric Wake [Arranged By [Additional]] | Rich Tancredi [Arranged By [Additional]] | Joe Franco [Drum Programming] | Ric Wake [Drum Programming] | Joe Franco [Guitar] | Rich Tancredi [Keyboards] | Bob Cadway [Mixed By, Recorded By] | Ben Margulies [Written-By] | Mariah Carey [Written-By]",
Mariah Carey,Vanishing,A5,4:11,Mariah Carey,1990,Europe,"CBS, CBS","466815 1, CBS 466815 1",Vinyl / LP | Album,"Funk / Soul, Pop","Contemporary R&B, Soul, Ballad, Vocal",Stranieri,https://www.discogs.com/release/1745520-Mariah-Carey-Mariah-Carey,Ben Margulies | Mariah Carey,"Patrick Dillett [Engineer, Mixed By] | Richard Tee [Piano] | Mariah Carey [Producer] | Ben Margulies [Written-By] | Mariah Carey [Written-By]",
Mariah Carey,All In Your Mind,B1,4:43,Mariah Carey,1990,Europe,"CBS, CBS","466815 1, CBS 466815 1",Vinyl / LP | Album,"Funk / Soul, Pop","Contemporary R&B, Soul, Ballad, Vocal",Stranieri,https://www.discogs.com/release/1745520-Mariah-Carey-Mariah-Carey,Ben Margulies | Mariah Carey,"Billy T. Scott [Backing Vocals] | Fonzi Thornton [Backing Vocals] | Haven Clayborne [Backing Vocals] | Ben Margulies [Drums] | Joe Franco [Drums] | Chris Toland [Engineer [Additional]] | Bob Cadway [Guitar] | Chris Toland [Guitar] | Rich Tancredi [Keyboards [Additional]] | Ben Margulies [Keyboards, Producer] | Bob Cadway [Mixed By, Recorded By] | Ben Margulies [Written-By] | Mariah Carey [Written-By]",
Mariah Carey,Alone In Love,B2,4:11,Mariah Carey,1990,Europe,"CBS, CBS","466815 1, CBS 466815 1",Vinyl / LP | Album,"Funk / Soul, Pop","Contemporary R&B, Soul, Ballad, Vocal",Stranieri,https://www.discogs.com/release/1745520-Mariah-Carey-Mariah-Carey,Ben Margulies | Mariah Carey,"David Williams (4) [Guitar] | Michael Landau [Guitar] | Rhett Lawrence [Keyboards, Synthesizer [Fairlight]] | Patrick Dillett [Mixed By, Recorded By] | Rhett Lawrence [Mixed By, Recorded By] | Ben Margulies [Written-By] | Mariah Carey [Written-By]",
Mariah Carey,You Need Me,B3,3:51,Mariah Carey,1990,Europe,"CBS, CBS","466815 1, CBS 466815 1",Vinyl / LP | Album,"Funk / Soul, Pop","Contemporary R&B, Soul, Ballad, Vocal",Stranieri,https://www.discogs.com/release/1745520-Mariah-Carey-Mariah-Carey,Mariah Carey | Rhett Lawrence,"Rhett Lawrence [Arranged By, Keyboards, Synthesizer [Fairlight]] | Omar Hakim [Drums] | Patrick Dillett [Engineer] | David Williams (4) [Guitar] | Nile Rodgers [Guitar] | Mariah Carey [Written-By] | Rhett Lawrence [Written-By]",
Mariah Carey,Sent From Up Above,B4,4:05,Mariah Carey,1990,Europe,"CBS, CBS","466815 1, CBS 466815 1",Vinyl / LP | Album,"Funk / Soul, Pop","Contemporary R&B, Soul, Ballad, Vocal",Stranieri,https://www.discogs.com/release/1745520-Mariah-Carey-Mariah-Carey,Mariah Carey | Rhett Lawrence,"Rhett Lawrence [Arranged By, Keyboards, Synthesizer [Fairlight]] | Patrick Dillett [Engineer] | Jimmy Rip [Guitar] | Larry Alexander [Mixed By] | Mariah Carey [Written-By] | Rhett Lawrence [Written-By]",
Mariah Carey,Prisoner,B5,4:22,Mariah Carey,1990,Europe,"CBS, CBS","466815 1, CBS 466815 1",Vinyl / LP | Album,"Funk / Soul, Pop","Contemporary R&B, Soul, Ballad, Vocal",Stranieri,https://www.discogs.com/release/1745520-Mariah-Carey-Mariah-Carey,Ben Margulies | Mariah Carey,"Ric Wake [Arranged By [Additional]] | Rich Tancredi [Arranged By [Additional]] | Joe Franco [Drum Programming] | Ric Wake [Drum Programming] | Rich Tancredi [Keyboards] | Bob Cadway [Mixed By, Recorded By] | Ben Margulies [Written-By] | Mariah Carey [Written-By]",
Mariah Carey,Love Takes Time,B6,3:48,Mariah Carey,1990,Europe,"CBS, CBS","466815 1, CBS 466815 1",Vinyl / LP | Album,"Funk / Soul, Pop","Contemporary R&B, Soul, Ballad, Vocal",Stranieri,https://www.discogs.com/release/1745520-Mariah-Carey-Mariah-Carey,Ben Margulies | Mariah Carey,"Mariah Carey [Arranged By [Vocal]] | Walter Afanasieff [Arranged By, Synthesizer [Bass], Drums, Keyboards, Producer, Synthesizer] | Manny Lacarrubba [Engineer [Additional]] | Dana Jon Chappelle [Engineer, Mixed By] | Howie Weinberg [Mastered By] | David Frazer [Mixed By] | Louis Biancaniello [Programmed By] | Ren Klyce [Programmed By] | Ben Margulies [Written-By] | Mariah Carey [Written-By]",
Barbra Streisand,"Love Theme From ""A Star Is Born"" (Evergreen)",A1,3:05,Barbra Streisand's Greatest Hits - Volume 2,1978,Italy,"CBS, CBS","CI 86079, CBS 86079",Vinyl / LP | Compilation,Pop,"Pop Rock, Ballad, Easy Listening",Stranieri,https://www.discogs.com/release/3159280-Barbra-Streisand-Barbra-Streisands-Greatest-Hits-Volume-2,,Barbra Streisand [Producer] | Phil Ramone [Producer],
Barbra Streisand,"Love Theme From ""The Eyes Of Laura Mars"" (Prisoner)",A2,3:53,Barbra Streisand's Greatest Hits - Volume 2,1978,Italy,"CBS, CBS","CI 86079, CBS 86079",Vinyl / LP | Compilation,Pop,"Pop Rock, Ballad, Easy Listening",Stranieri,https://www.discogs.com/release/3159280-Barbra-Streisand-Barbra-Streisands-Greatest-Hits-Volume-2,,Gary Klein [Producer],
Barbra Streisand,My Heart Belongs To Me,A3,3:21,Barbra Streisand's Greatest Hits - Volume 2,1978,Italy,"CBS, CBS","CI 86079, CBS 86079",Vinyl / LP | Compilation,Pop,"Pop Rock, Ballad, Easy Listening",Stranieri,https://www.discogs.com/release/3159280-Barbra-Streisand-Barbra-Streisands-Greatest-Hits-Volume-2,,Charlie Calello [Producer] | Gary Klein [Producer],
Barbra Streisand,Songbird,A4,3:44,Barbra Streisand's Greatest Hits - Volume 2,1978,Italy,"CBS, CBS","CI 86079, CBS 86079",Vinyl / LP | Compilation,Pop,"Pop Rock, Ballad, Easy Listening",Stranieri,https://www.discogs.com/release/3159280-Barbra-Streisand-Barbra-Streisands-Greatest-Hits-Volume-2,,Gary Klein [Producer],
Barbra Streisand,You Don't Bring Me Flowers,A5,3:23,Barbra Streisand's Greatest Hits - Volume 2,1978,Italy,"CBS, CBS","CI 86079, CBS 86079",Vinyl / LP | Compilation,Pop,"Pop Rock, Ballad, Easy Listening",Stranieri,https://www.discogs.com/release/3159280-Barbra-Streisand-Barbra-Streisands-Greatest-Hits-Volume-2,,Bob Gaudio [Producer] | Neil Diamond [Vocals],
Barbra Streisand,The Way We Were,B1,3:29,Barbra Streisand's Greatest Hits - Volume 2,1978,Italy,"CBS, CBS","CI 86079, CBS 86079",Vinyl / LP | Compilation,Pop,"Pop Rock, Ballad, Easy Listening",Stranieri,https://www.discogs.com/release/3159280-Barbra-Streisand-Barbra-Streisands-Greatest-Hits-Volume-2,,Marty Paich [Producer],
Barbra Streisand,Sweet Inspiration / Where You Lead,B2,6:25,Barbra Streisand's Greatest Hits - Volume 2,1978,Italy,"CBS, CBS","CI 86079, CBS 86079",Vinyl / LP | Compilation,Pop,"Pop Rock, Ballad, Easy Listening",Stranieri,https://www.discogs.com/release/3159280-Barbra-Streisand-Barbra-Streisands-Greatest-Hits-Volume-2,,Richard Perry [Producer],
Barbra Streisand,All In Love Is Fair,B3,3:49,Barbra Streisand's Greatest Hits - Volume 2,1978,Italy,"CBS, CBS","CI 86079, CBS 86079",Vinyl / LP | Compilation,Pop,"Pop Rock, Ballad, Easy Listening",Stranieri,https://www.discogs.com/release/3159280-Barbra-Streisand-Barbra-Streisands-Greatest-Hits-Volume-2,,Tommy LiPuma [Producer],
Barbra Streisand,Superman,B4,2:47,Barbra Streisand's Greatest Hits - Volume 2,1978,Italy,"CBS, CBS","CI 86079, CBS 86079",Vinyl / LP | Compilation,Pop,"Pop Rock, Ballad, Easy Listening",Stranieri,https://www.discogs.com/release/3159280-Barbra-Streisand-Barbra-Streisands-Greatest-Hits-Volume-2,,Gary Klein [Producer],
Barbra Streisand,Stoney End,B5,2:59,Barbra Streisand's Greatest Hits - Volume 2,1978,Italy,"CBS, CBS","CI 86079, CBS 86079",Vinyl / LP | Compilation,Pop,"Pop Rock, Ballad, Easy Listening",Stranieri,https://www.discogs.com/release/3159280-Barbra-Streisand-Barbra-Streisands-Greatest-Hits-Volume-2,,Richard Perry [Producer],
Santana,Spring Manifestations (Sound Effects),A1,1:05,Borboletta,1974,Europe,"CBS, CBS, CBS","CBS 69084, 69084, PC 33135",Vinyl / LP | Album | Stereo,"Jazz, Rock, Latin","Fusion, Afro-Cuban, Samba, Jazz-Rock, Latin Jazz",Stranieri,https://www.discogs.com/release/1629746-Santana-Borboletta,Airto Moreira | Flora Purim,"Airto Moreira [Percussion, Effects [Sound Effects]] | Flora Purim [Percussion, Effects [Sound Effects]] | Airto Moreira [Written-By] | Flora Purim [Written-By]",
Santana,Canto De Los Flores,A2,3:45,Borboletta,1974,Europe,"CBS, CBS, CBS","CBS 69084, 69084, PC 33135",Vinyl / LP | Album | Stereo,"Jazz, Rock, Latin","Fusion, Afro-Cuban, Samba, Jazz-Rock, Latin Jazz",Stranieri,https://www.discogs.com/release/1629746-Santana-Borboletta,Santana | Tom Coster,"David Brown (5) [Bass] | Armando Peraza [Congas] | José ""Chepito"" Areas [Congas] | Michael Shrieve [Drums] | Michael Carpenter (3) [Effects [Echoplex]] | Tom Coster [Electric Piano] | Carlos Santana [Percussion] | Santana [Written-By] | Tom Coster [Written-By]",
Santana,Life Is Anew,A3,4:30,Borboletta,1974,Europe,"CBS, CBS, CBS","CBS 69084, 69084, PC 33135",Vinyl / LP | Album | Stereo,"Jazz, Rock, Latin","Fusion, Afro-Cuban, Samba, Jazz-Rock, Latin Jazz",Stranieri,https://www.discogs.com/release/1629746-Santana-Borboletta,,"Armando Peraza [Bongos] | José ""Chepito"" Areas [Congas] | Michael Shrieve [Drums] | Leon Patillo [Electric Piano, Vocals] | Carlos Santana [Guitar] | Carlos Santana [Lyrics By] | Michael Shrieve [Lyrics By] | Carlos Santana [Music By] | Tom Coster [Organ]",
Santana,Give And Take,A4,5:46,Borboletta,1974,Europe,"CBS, CBS, CBS","CBS 69084, 69084, PC 33135",Vinyl / LP | Album | Stereo,"Jazz, Rock, Latin","Fusion, Afro-Cuban, Samba, Jazz-Rock, Latin Jazz",Stranieri,https://www.discogs.com/release/1629746-Santana-Borboletta,,"David Brown (5) [Bass] | Armando Peraza [Congas] | Michael Shrieve [Drums] | Carlos Santana [Guitar] | Carlos Santana [Lyrics By] | Carlos Santana [Music By] | Michael Shrieve [Music By] | Tom Coster [Music By] | Leon Patillo [Organ, Vocals] | Tom Coster [Piano, Synthesizer [Moog]] | Jules Broussard [Tenor Saxophone] | José ""Chepito"" Areas [Timbales]",
Santana,One With The Sun,A5,4:20,Borboletta,1974,Europe,"CBS, CBS, CBS","CBS 69084, 69084, PC 33135",Vinyl / LP | Album | Stereo,"Jazz, Rock, Latin","Fusion, Afro-Cuban, Samba, Jazz-Rock, Latin Jazz",Stranieri,https://www.discogs.com/release/1629746-Santana-Borboletta,,"David Brown (5) [Bass] | Armando Peraza [Congas] | Michael Shrieve [Drums] | Leon Patillo [Electric Piano, Vocals] | Carlos Santana [Guitar] | Earlyrin Martini [Lyrics By] | Jerry Martini [Music By] | Tom Coster [Organ]",
Santana,Aspirations,A6,5:12,Borboletta,1974,Europe,"CBS, CBS, CBS","CBS 69084, 69084, PC 33135",Vinyl / LP | Album | Stereo,"Jazz, Rock, Latin","Fusion, Afro-Cuban, Samba, Jazz-Rock, Latin Jazz",Stranieri,https://www.discogs.com/release/1629746-Santana-Borboletta,Carlos Santana | Tom Coster,Stanley Clarke [Bass] | Leon Ndugu Chancler [Drums] | Tom Coster [Organ] | Jules Broussard [Soprano Saxophone] | Carlos Santana [Written-By] | Tom Coster [Written-By],
Santana,Practice What You Preach,B1,4:28,Borboletta,1974,Europe,"CBS, CBS, CBS","CBS 69084, 69084, PC 33135",Vinyl / LP | Album | Stereo,"Jazz, Rock, Latin","Fusion, Afro-Cuban, Samba, Jazz-Rock, Latin Jazz",Stranieri,https://www.discogs.com/release/1629746-Santana-Borboletta,,"David Brown (5) [Bass] | Michael Shrieve [Drums] | Tom Coster [Electric Organ [Hammond]] | Carlos Santana [Guitar, Congas] | Carlos Santana [Lyrics By, Music By] | Leon Patillo [Vocals]",
Santana,Mirage,B2,4:43,Borboletta,1974,Europe,"CBS, CBS, CBS","CBS 69084, 69084, PC 33135",Vinyl / LP | Album | Stereo,"Jazz, Rock, Latin","Fusion, Afro-Cuban, Samba, Jazz-Rock, Latin Jazz",Stranieri,https://www.discogs.com/release/1629746-Santana-Borboletta,,"David Brown (5) [Bass] | Armando Peraza [Congas] | Michael Shrieve [Drums] | Carlos Santana [Guitar, Gong] | Leon Patillo [Lyrics By, Music By] | Tom Coster [Organ, Synthesizer [Moog]] | Leon Patillo [Vocals, Piano]",
Santana,Here And Now,B3,3:01,Borboletta,1974,Europe,"CBS, CBS, CBS","CBS 69084, 69084, PC 33135",Vinyl / LP | Album | Stereo,"Jazz, Rock, Latin","Fusion, Afro-Cuban, Samba, Jazz-Rock, Latin Jazz",Stranieri,https://www.discogs.com/release/1629746-Santana-Borboletta,Armando Peraza | Carlos Santana,"Stanley Clarke [Bass] | Armando Peraza [Congas] | Leon Ndugu Chancler [Drums] | Carlos Santana [Guitar, Percussion] | Tom Coster [Piano, Electric Piano] | Jules Broussard [Soprano Saxophone] | Armando Peraza [Written-By] | Carlos Santana [Written-By]",
Santana,Flor De Canela,B4,2:20,Borboletta,1974,Europe,"CBS, CBS, CBS","CBS 69084, 69084, PC 33135",Vinyl / LP | Album | Stereo,"Jazz, Rock, Latin","Fusion, Afro-Cuban, Samba, Jazz-Rock, Latin Jazz",Stranieri,https://www.discogs.com/release/1629746-Santana-Borboletta,Carlos Santana | Doug Rauch,"Stanley Clarke [Bass] | Airto Moreira [Drums] | Tom Coster [Electric Organ [Hammond], Electric Piano] | Carlos Santana [Guitar] | Armando Peraza [Soprano Saxophone] | Carlos Santana [Written-By] | Doug Rauch [Written-By]",
Santana,Promise Of A Fisherman,B5,8:05,Borboletta,1974,Europe,"CBS, CBS, CBS","CBS 69084, 69084, PC 33135",Vinyl / LP | Album | Stereo,"Jazz, Rock, Latin","Fusion, Afro-Cuban, Samba, Jazz-Rock, Latin Jazz",Stranieri,https://www.discogs.com/release/1629746-Santana-Borboletta,Dorival Caymmi,"Stanley Clarke [Bass] | Armando Peraza [Congas, Bongos] | Airto Moreira [Drums, Triangle] | Tom Coster [Electric Organ [Hammond], Electric Piano] | Carlos Santana [Guitar] | Jules Broussard [Soprano Saxophone] | Airto Moreira [Vocals] | Carlos Santana [Vocals] | Flora Purim [Vocals] | Dorival Caymmi [Written-By]",
Santana,Borboletta,B6,2:50,Borboletta,1974,Europe,"CBS, CBS, CBS","CBS 69084, 69084, PC 33135",Vinyl / LP | Album | Stereo,"Jazz, Rock, Latin","Fusion, Afro-Cuban, Samba, Jazz-Rock, Latin Jazz",Stranieri,https://www.discogs.com/release/1629746-Santana-Borboletta,Airto Moreira,Airto Moreira [Percussion] | Airto Moreira [Written-By],
Nikka Costa,Someone To Watch Over Me,A1,2:48,Nikka Costa,1981,Italy,CGD,CGD 20284,Vinyl / LP | Album | Stereo,Pop,Ballad,Stranieri,https://www.discogs.com/release/3593859-Nikka-Costa-Nikka-Costa,,Don Costa [Guitar],
Nikka Costa,I Believe In Love,A2,3:00,Nikka Costa,1981,Italy,CGD,CGD 20284,Vinyl / LP | Album | Stereo,Pop,Ballad,Stranieri,https://www.discogs.com/release/3593859-Nikka-Costa-Nikka-Costa,,,
Nikka Costa,(Out Here) On My Own,A3,3:30,Nikka Costa,1981,Italy,CGD,CGD 20284,Vinyl / LP | Album | Stereo,Pop,Ballad,Stranieri,https://www.discogs.com/release/3593859-Nikka-Costa-Nikka-Costa,,Don Costa [Guitar],
Nikka Costa,Grown Up World,A4,2:30,Nikka Costa,1981,Italy,CGD,CGD 20284,Vinyl / LP | Album | Stereo,Pop,Ballad,Stranieri,https://www.discogs.com/release/3593859-Nikka-Costa-Nikka-Costa,,Don Costa [Guitar],
Nikka Costa,Theme From Ice Castles (Through The Eyes Of Love),A5,4:00,Nikka Costa,1981,Italy,CGD,CGD 20284,Vinyl / LP | Album | Stereo,Pop,Ballad,Stranieri,https://www.discogs.com/release/3593859-Nikka-Costa-Nikka-Costa,,,
Nikka Costa,"Go Away, Little Boy",A6,2:35,Nikka Costa,1981,Italy,CGD,CGD 20284,Vinyl / LP | Album | Stereo,Pop,Ballad,Stranieri,https://www.discogs.com/release/3593859-Nikka-Costa-Nikka-Costa,,,
Nikka Costa,It's Your Dream,B1,3:22,Nikka Costa,1981,Italy,CGD,CGD 20284,Vinyl / LP | Album | Stereo,Pop,Ballad,Stranieri,https://www.discogs.com/release/3593859-Nikka-Costa-Nikka-Costa,,,
Nikka Costa,Maybe,B2,2:45,Nikka Costa,1981,Italy,CGD,CGD 20284,Vinyl / LP | Album | Stereo,Pop,Ballad,Stranieri,https://www.discogs.com/release/3593859-Nikka-Costa-Nikka-Costa,,,
Nikka Costa,Bubble Full Of Rainbows,B3,3:10,Nikka Costa,1981,Italy,CGD,CGD 20284,Vinyl / LP | Album | Stereo,Pop,Ballad,Stranieri,https://www.discogs.com/release/3593859-Nikka-Costa-Nikka-Costa,,,
Nikka Costa,Chained To The Blues,B4,2:22,Nikka Costa,1981,Italy,CGD,CGD 20284,Vinyl / LP | Album | Stereo,Pop,Ballad,Stranieri,https://www.discogs.com/release/3593859-Nikka-Costa-Nikka-Costa,,,
Nikka Costa,You,B5,3:15,Nikka Costa,1981,Italy,CGD,CGD 20284,Vinyl / LP | Album | Stereo,Pop,Ballad,Stranieri,https://www.discogs.com/release/3593859-Nikka-Costa-Nikka-Costa,,Don Costa [Vocals],
Nikka Costa,So Glad I Have You,B6,3:25,Nikka Costa,1981,Italy,CGD,CGD 20284,Vinyl / LP | Album | Stereo,Pop,Ballad,Stranieri,https://www.discogs.com/release/3593859-Nikka-Costa-Nikka-Costa,,,
Patrick Cowley,Tech-No-Logical World,A1,7:26,Mind Warp,1982,Italy,CGD,INT 20334,Vinyl / LP | Album,Electronic,"Electro, Hi NRG, Synth-pop, Disco",Stranieri,https://www.discogs.com/release/1034205-Patrick-Cowley-Mind-Warp,,,
Patrick Cowley,Invasion,A2,6:22,Mind Warp,1982,Italy,CGD,INT 20334,Vinyl / LP | Album,Electronic,"Electro, Hi NRG, Synth-pop, Disco",Stranieri,https://www.discogs.com/release/1034205-Patrick-Cowley-Mind-Warp,,,
Patrick Cowley,They Came At Night,A3,6:12,Mind Warp,1982,Italy,CGD,INT 20334,Vinyl / LP | Album,Electronic,"Electro, Hi NRG, Synth-pop, Disco",Stranieri,https://www.discogs.com/release/1034205-Patrick-Cowley-Mind-Warp,,,
Patrick Cowley,Mind Warp,B1,6:35,Mind Warp,1982,Italy,CGD,INT 20334,Vinyl / LP | Album,Electronic,"Electro, Hi NRG, Synth-pop, Disco",Stranieri,https://www.discogs.com/release/1034205-Patrick-Cowley-Mind-Warp,,,
Patrick Cowley,Primitive World,B2,3:04,Mind Warp,1982,Italy,CGD,INT 20334,Vinyl / LP | Album,Electronic,"Electro, Hi NRG, Synth-pop, Disco",Stranieri,https://www.discogs.com/release/1034205-Patrick-Cowley-Mind-Warp,,,
Patrick Cowley,Mutant Man,B3,5:07,Mind Warp,1982,Italy,CGD,INT 20334,Vinyl / LP | Album,Electronic,"Electro, Hi NRG, Synth-pop, Disco",Stranieri,https://www.discogs.com/release/1034205-Patrick-Cowley-Mind-Warp,,,
Patrick Cowley,Going Home,B4,5:38,Mind Warp,1982,Italy,CGD,INT 20334,Vinyl / LP | Album,Electronic,"Electro, Hi NRG, Synth-pop, Disco",Stranieri,https://www.discogs.com/release/1034205-Patrick-Cowley-Mind-Warp,,,
Genesis,Squonk,A1,,Seconds Out,1977,Scandinavia,Charisma,6641 697,Vinyl / LP | Album | Stereo,Rock,Prog Rock,Stranieri,https://www.discogs.com/release/1433089-Genesis-Seconds-Out,,,"[{'field_id': 3, 'value': 'Sample'}]"
Genesis,The Carpet Crawl,A2,,Seconds Out,1977,Scandinavia,Charisma,6641 697,Vinyl / LP | Album | Stereo,Rock,Prog Rock,Stranieri,https://www.discogs.com/release/1433089-Genesis-Seconds-Out,,,"[{'field_id': 3, 'value': 'Sample'}]"
Genesis,Robbery Assault & Battery,A3,,Seconds Out,1977,Scandinavia,Charisma,6641 697,Vinyl / LP | Album | Stereo,Rock,Prog Rock,Stranieri,https://www.discogs.com/release/1433089-Genesis-Seconds-Out,,,"[{'field_id': 3, 'value': 'Sample'}]"
Genesis,Afterglow,A4,,Seconds Out,1977,Scandinavia,Charisma,6641 697,Vinyl / LP | Album | Stereo,Rock,Prog Rock,Stranieri,https://www.discogs.com/release/1433089-Genesis-Seconds-Out,,,"[{'field_id': 3, 'value': 'Sample'}]"
Genesis,Firth Of Fifth,B1,,Seconds Out,1977,Scandinavia,Charisma,6641 697,Vinyl / LP | Album | Stereo,Rock,Prog Rock,Stranieri,https://www.discogs.com/release/1433089-Genesis-Seconds-Out,,,"[{'field_id': 3, 'value': 'Sample'}]"
Genesis,I Know What I Like,B2,,Seconds Out,1977,Scandinavia,Charisma,6641 697,Vinyl / LP | Album | Stereo,Rock,Prog Rock,Stranieri,https://www.discogs.com/release/1433089-Genesis-Seconds-Out,,,"[{'field_id': 3, 'value': 'Sample'}]"
Genesis,The Lamb Lies Down On Broadway,B3,,Seconds Out,1977,Scandinavia,Charisma,6641 697,Vinyl / LP | Album | Stereo,Rock,Prog Rock,Stranieri,https://www.discogs.com/release/1433089-Genesis-Seconds-Out,,,"[{'field_id': 3, 'value': 'Sample'}]"
Genesis,The Musical Box (Closing Section),B4,,Seconds Out,1977,Scandinavia,Charisma,6641 697,Vinyl / LP | Album | Stereo,Rock,Prog Rock,Stranieri,https://www.discogs.com/release/1433089-Genesis-Seconds-Out,,,"[{'field_id': 3, 'value': 'Sample'}]"
Genesis,Supper's Ready,C,,Seconds Out,1977,Scandinavia,Charisma,6641 697,Vinyl / LP | Album | Stereo,Rock,Prog Rock,Stranieri,https://www.discogs.com/release/1433089-Genesis-Seconds-Out,,,"[{'field_id': 3, 'value': 'Sample'}]"
Genesis,Cinema Show,D1,,Seconds Out,1977,Scandinavia,Charisma,6641 697,Vinyl / LP | Album | Stereo,Rock,Prog Rock,Stranieri,https://www.discogs.com/release/1433089-Genesis-Seconds-Out,,,"[{'field_id': 3, 'value': 'Sample'}]"
Genesis,Dance On A Volcano,D2,,Seconds Out,1977,Scandinavia,Charisma,6641 697,Vinyl / LP | Album | Stereo,Rock,Prog Rock,Stranieri,https://www.discogs.com/release/1433089-Genesis-Seconds-Out,,,"[{'field_id': 3, 'value': 'Sample'}]"
Genesis,Los Endos,D3,,Seconds Out,1977,Scandinavia,Charisma,6641 697,Vinyl / LP | Album | Stereo,Rock,Prog Rock,Stranieri,https://www.discogs.com/release/1433089-Genesis-Seconds-Out,,,"[{'field_id': 3, 'value': 'Sample'}]"
The Dave Clark Five,Catch Us If You Can,A1,1:53,Catch Us If You Can,1965,Italy,Columbia,CPSQ 508,Vinyl / LP | Album | Mono,Rock,"Beat, Pop Rock",Stranieri,https://www.discogs.com/release/3323555-The-Dave-Clark-Five-Catch-Us-If-You-Can,Lenny Davidson,Lenny Davidson [Written-By],
The Dave Clark Five,On The Move,A2,2:21,Catch Us If You Can,1965,Italy,Columbia,CPSQ 508,Vinyl / LP | Album | Mono,Rock,"Beat, Pop Rock",Stranieri,https://www.discogs.com/release/3323555-The-Dave-Clark-Five-Catch-Us-If-You-Can,Dennis Payton,Dennis Payton [Written-By],
The Dave Clark Five,If You Come Back,A3,2:47,Catch Us If You Can,1965,Italy,Columbia,CPSQ 508,Vinyl / LP | Album | Mono,Rock,"Beat, Pop Rock",Stranieri,https://www.discogs.com/release/3323555-The-Dave-Clark-Five-Catch-Us-If-You-Can,Lenny Davidson,Lenny Davidson [Written-By],
The Dave Clark Five,Long Ago,A4,2:09,Catch Us If You Can,1965,Italy,Columbia,CPSQ 508,Vinyl / LP | Album | Mono,Rock,"Beat, Pop Rock",Stranieri,https://www.discogs.com/release/3323555-The-Dave-Clark-Five-Catch-Us-If-You-Can,Lenny Davidson,Lenny Davidson [Written-By],
The Dave Clark Five,Any Time You Want Love,A5,2:10,Catch Us If You Can,1965,Italy,Columbia,CPSQ 508,Vinyl / LP | Album | Mono,Rock,"Beat, Pop Rock",Stranieri,https://www.discogs.com/release/3323555-The-Dave-Clark-Five-Catch-Us-If-You-Can,Lenny Davidson,Lenny Davidson [Written-By],
The Dave Clark Five,I Can't Stand It,A6,1:24,Catch Us If You Can,1965,Italy,Columbia,CPSQ 508,Vinyl / LP | Album | Mono,Rock,"Beat, Pop Rock",Stranieri,https://www.discogs.com/release/3323555-The-Dave-Clark-Five-Catch-Us-If-You-Can,Lenny Davidson,Lenny Davidson [Written-By],
The Dave Clark Five,Your Turn To Cry,B1,3:08,Catch Us If You Can,1965,Italy,Columbia,CPSQ 508,Vinyl / LP | Album | Mono,Rock,"Beat, Pop Rock",Stranieri,https://www.discogs.com/release/3323555-The-Dave-Clark-Five-Catch-Us-If-You-Can,Mike Smith (16),Mike Smith (16) [Written-By],
The Dave Clark Five,Hurtin' Inside,B2,2:35,Catch Us If You Can,1965,Italy,Columbia,CPSQ 508,Vinyl / LP | Album | Mono,Rock,"Beat, Pop Rock",Stranieri,https://www.discogs.com/release/3323555-The-Dave-Clark-Five-Catch-Us-If-You-Can,Mike Smith (16),Mike Smith (16) [Written-By],
The Dave Clark Five,Don't Be Taken In,B3,2:23,Catch Us If You Can,1965,Italy,Columbia,CPSQ 508,Vinyl / LP | Album | Mono,Rock,"Beat, Pop Rock",Stranieri,https://www.discogs.com/release/3323555-The-Dave-Clark-Five-Catch-Us-If-You-Can,Lenny Davidson,Lenny Davidson [Written-By],
The Dave Clark Five,Don't You Realize,B4,3:32,Catch Us If You Can,1965,Italy,Columbia,CPSQ 508,Vinyl / LP | Album | Mono,Rock,"Beat, Pop Rock",Stranieri,https://www.discogs.com/release/3323555-The-Dave-Clark-Five-Catch-Us-If-You-Can,Mike Smith (16),Mike Smith (16) [Written-By],
The Dave Clark Five,I Cried Over You,B5,2:27,Catch Us If You Can,1965,Italy,Columbia,CPSQ 508,Vinyl / LP | Album | Mono,Rock,"Beat, Pop Rock",Stranieri,https://www.discogs.com/release/3323555-The-Dave-Clark-Five-Catch-Us-If-You-Can,Lenny Davidson,Lenny Davidson [Written-By],
The Dave Clark Five,Sweet Memories,B6,2:40,Catch Us If You Can,1965,Italy,Columbia,CPSQ 508,Vinyl / LP | Album | Mono,Rock,"Beat, Pop Rock",Stranieri,https://www.discogs.com/release/3323555-The-Dave-Clark-Five-Catch-Us-If-You-Can,Lenny Davidson,Lenny Davidson [Written-By],
Crystal Gayle,Keepin' Power,A1,,Volume 2 - The Country Store Collection,1988,UK,Country Store Music Co. Inc,CST 40,Vinyl / LP | Compilation,"Folk, World, & Country",Country,Stranieri,https://www.discogs.com/release/5785358-Crystal-Gayle-Volume-2-The-Country-Store-Collection,Bobby Wood | Roger Cook,Bobby Wood [Written-By] | Roger Cook [Written-By],
Crystal Gayle,What A Little Moonlight Can Do,A2,,Volume 2 - The Country Store Collection,1988,UK,Country Store Music Co. Inc,CST 40,Vinyl / LP | Compilation,"Folk, World, & Country",Country,Stranieri,https://www.discogs.com/release/5785358-Crystal-Gayle-Volume-2-The-Country-Store-Collection,Harry Woods (2),Harry Woods (2) [Written-By],
Crystal Gayle,"Same Old Story, Same Old Song",A3,,Volume 2 - The Country Store Collection,1988,UK,Country Store Music Co. Inc,CST 40,Vinyl / LP | Compilation,"Folk, World, & Country",Country,Stranieri,https://www.discogs.com/release/5785358-Crystal-Gayle-Volume-2-The-Country-Store-Collection,Joe Sample | Waylon Jennings,Joe Sample [Written-By] | Waylon Jennings [Written-By],
Crystal Gayle,Love Crazy Love,A4,,Volume 2 - The Country Store Collection,1988,UK,Country Store Music Co. Inc,CST 40,Vinyl / LP | Compilation,"Folk, World, & Country",Country,Stranieri,https://www.discogs.com/release/5785358-Crystal-Gayle-Volume-2-The-Country-Store-Collection,Deborah Allen | Rafe Van Hoy,Deborah Allen [Written-By] | Rafe Van Hoy [Written-By],
Crystal Gayle,Crying In The Rain,A5,,Volume 2 - The Country Store Collection,1988,UK,Country Store Music Co. Inc,CST 40,Vinyl / LP | Compilation,"Folk, World, & Country",Country,Stranieri,https://www.discogs.com/release/5785358-Crystal-Gayle-Volume-2-The-Country-Store-Collection,Carole King | Howard Greenfield,Carole King [Written-By] | Howard Greenfield [Written-By],
Crystal Gayle,Half The Way,A6,,Volume 2 - The Country Store Collection,1988,UK,Country Store Music Co. Inc,CST 40,Vinyl / LP | Compilation,"Folk, World, & Country",Country,Stranieri,https://www.discogs.com/release/5785358-Crystal-Gayle-Volume-2-The-Country-Store-Collection,Bobby Wood | Ralph Murphy,Bobby Wood [Written-By] | Ralph Murphy [Written-By],
Crystal Gayle,It's Like We Never Said Goodbye,A7,,Volume 2 - The Country Store Collection,1988,UK,Country Store Music Co. Inc,CST 40,Vinyl / LP | Compilation,"Folk, World, & Country",Country,Stranieri,https://www.discogs.com/release/5785358-Crystal-Gayle-Volume-2-The-Country-Store-Collection,Geoff Stephens | Roger Greenaway,Geoff Stephens [Written-By] | Roger Greenaway [Written-By],
Crystal Gayle,You Never Gave Up On Me,A8,,Volume 2 - The Country Store Collection,1988,UK,Country Store Music Co. Inc,CST 40,Vinyl / LP | Compilation,"Folk, World, & Country",Country,Stranieri,https://www.discogs.com/release/5785358-Crystal-Gayle-Volume-2-The-Country-Store-Collection,Leslie Pearl,Leslie Pearl [Written-By],
Crystal Gayle,Livin' In These Troubled Times,A9,,Volume 2 - The Country Store Collection,1988,UK,Country Store Music Co. Inc,CST 40,Vinyl / LP | Compilation,"Folk, World, & Country",Country,Stranieri,https://www.discogs.com/release/5785358-Crystal-Gayle-Volume-2-The-Country-Store-Collection,Philip Donnelly | Roger Cook | Sam Hogin,Philip Donnelly [Written-By] | Roger Cook [Written-By] | Sam Hogin [Written-By],
Crystal Gayle,Lean On Me,B1,,Volume 2 - The Country Store Collection,1988,UK,Country Store Music Co. Inc,CST 40,Vinyl / LP | Compilation,"Folk, World, & Country",Country,Stranieri,https://www.discogs.com/release/5785358-Crystal-Gayle-Volume-2-The-Country-Store-Collection,Bill Withers,Bill Withers [Written-By],
Crystal Gayle,The Blue Side,B2,,Volume 2 - The Country Store Collection,1988,UK,Country Store Music Co. Inc,CST 40,Vinyl / LP | Compilation,"Folk, World, & Country",Country,Stranieri,https://www.discogs.com/release/5785358-Crystal-Gayle-Volume-2-The-Country-Store-Collection,Allee Willis | David Lasley,Allee Willis [Written-By] | David Lasley [Written-By],
Crystal Gayle,Take It Easy,B3,,Volume 2 - The Country Store Collection,1988,UK,Country Store Music Co. Inc,CST 40,Vinyl / LP | Compilation,"Folk, World, & Country",Country,Stranieri,https://www.discogs.com/release/5785358-Crystal-Gayle-Volume-2-The-Country-Store-Collection,Delbert McClinton,Delbert McClinton [Written-By],
Crystal Gayle,The Other Side Of Me,B4,,Volume 2 - The Country Store Collection,1988,UK,Country Store Music Co. Inc,CST 40,Vinyl / LP | Compilation,"Folk, World, & Country",Country,Stranieri,https://www.discogs.com/release/5785358-Crystal-Gayle-Volume-2-The-Country-Store-Collection,Greenfield & Sedaka,Greenfield & Sedaka [Written-By],
Crystal Gayle,Miss The Mississippi And You,B5,,Volume 2 - The Country Store Collection,1988,UK,Country Store Music Co. Inc,CST 40,Vinyl / LP | Compilation,"Folk, World, & Country",Country,Stranieri,https://www.discogs.com/release/5785358-Crystal-Gayle-Volume-2-The-Country-Store-Collection,Bill Halley,Bill Halley [Written-By],
Crystal Gayle,Too Many Lovers,B6,,Volume 2 - The Country Store Collection,1988,UK,Country Store Music Co. Inc,CST 40,Vinyl / LP | Compilation,"Folk, World, & Country",Country,Stranieri,https://www.discogs.com/release/5785358-Crystal-Gayle-Volume-2-The-Country-Store-Collection,Mark True | Sam Hogin | Ted Lindsay,Mark True [Written-By] | Sam Hogin [Written-By] | Ted Lindsay [Written-By],
Crystal Gayle,The Woman In Me,B7,,Volume 2 - The Country Store Collection,1988,UK,Country Store Music Co. Inc,CST 40,Vinyl / LP | Compilation,"Folk, World, & Country",Country,Stranieri,https://www.discogs.com/release/5785358-Crystal-Gayle-Volume-2-The-Country-Store-Collection,Susan Marie Thomas,Susan Marie Thomas [Written-By],
Crystal Gayle,Ain't No Sunshine,B8,,Volume 2 - The Country Store Collection,1988,UK,Country Store Music Co. Inc,CST 40,Vinyl / LP | Compilation,"Folk, World, & Country",Country,Stranieri,https://www.discogs.com/release/5785358-Crystal-Gayle-Volume-2-The-Country-Store-Collection,Bill Withers,Bill Withers [Written-By],
Crystal Gayle,If You Ever Change Your Mind,B9,,Volume 2 - The Country Store Collection,1988,UK,Country Store Music Co. Inc,CST 40,Vinyl / LP | Compilation,"Folk, World, & Country",Country,Stranieri,https://www.discogs.com/release/5785358-Crystal-Gayle-Volume-2-The-Country-Store-Collection,Parker McGee | Robert Gundry,Parker McGee [Written-By] | Robert Gundry [Written-By],
Stanley Black & His Orchestra,Valencia,A1,,Spain,1962,Italy,Decca,PFS 334017,Vinyl / LP | Album | Stereo,"Jazz, Latin","Easy Listening, Latin Jazz",Stranieri,https://www.discogs.com/release/4315931-Stanley-Black-And-His-Orchestra-Spain,,,
Stanley Black & His Orchestra,"Ay, Ay, Ay",A2,,Spain,1962,Italy,Decca,PFS 334017,Vinyl / LP | Album | Stereo,"Jazz, Latin","Easy Listening, Latin Jazz",Stranieri,https://www.discogs.com/release/4315931-Stanley-Black-And-His-Orchestra-Spain,,,
Stanley Black & His Orchestra,Malagueña,A3,,Spain,1962,Italy,Decca,PFS 334017,Vinyl / LP | Album | Stereo,"Jazz, Latin","Easy Listening, Latin Jazz",Stranieri,https://www.discogs.com/release/4315931-Stanley-Black-And-His-Orchestra-Spain,,,
Stanley Black & His Orchestra,Bullerias,A4,,Spain,1962,Italy,Decca,PFS 334017,Vinyl / LP | Album | Stereo,"Jazz, Latin","Easy Listening, Latin Jazz",Stranieri,https://www.discogs.com/release/4315931-Stanley-Black-And-His-Orchestra-Spain,,,
Stanley Black & His Orchestra,Ritual Fire Dance,A5,,Spain,1962,Italy,Decca,PFS 334017,Vinyl / LP | Album | Stereo,"Jazz, Latin","Easy Listening, Latin Jazz",Stranieri,https://www.discogs.com/release/4315931-Stanley-Black-And-His-Orchestra-Spain,,,
Stanley Black & His Orchestra,Granada,B1,,Spain,1962,Italy,Decca,PFS 334017,Vinyl / LP | Album | Stereo,"Jazz, Latin","Easy Listening, Latin Jazz",Stranieri,https://www.discogs.com/release/4315931-Stanley-Black-And-His-Orchestra-Spain,,,
Stanley Black & His Orchestra,Estrellita,B2,,Spain,1962,Italy,Decca,PFS 334017,Vinyl / LP | Album | Stereo,"Jazz, Latin","Easy Listening, Latin Jazz",Stranieri,https://www.discogs.com/release/4315931-Stanley-Black-And-His-Orchestra-Spain,,,
Stanley Black & His Orchestra,Macarenas,B3,,Spain,1962,Italy,Decca,PFS 334017,Vinyl / LP | Album | Stereo,"Jazz, Latin","Easy Listening, Latin Jazz",Stranieri,https://www.discogs.com/release/4315931-Stanley-Black-And-His-Orchestra-Spain,,,
Stanley Black & His Orchestra,Sevillanas,B4,,Spain,1962,Italy,Decca,PFS 334017,Vinyl / LP | Album | Stereo,"Jazz, Latin","Easy Listening, Latin Jazz",Stranieri,https://www.discogs.com/release/4315931-Stanley-Black-And-His-Orchestra-Spain,,,
Stanley Black & His Orchestra,Carmen Suite,B5,,Spain,1962,Italy,Decca,PFS 334017,Vinyl / LP | Album | Stereo,"Jazz, Latin","Easy Listening, Latin Jazz",Stranieri,https://www.discogs.com/release/4315931-Stanley-Black-And-His-Orchestra-Spain,,,
Roger Laredo,Fantasia / Macarenas / El Relicardo / El Gato Montes / España Cani,A,18:57,Bullfight!,1967,UK,Decca,PFS 4091,Vinyl / LP | Album,Latin,"Flamenco, Field Recording",Stranieri,https://www.discogs.com/release/4319064-Roger-Laredo-Bullfight,,,
Roger Laredo,Malagueña,B1,4:30,Bullfight!,1967,UK,Decca,PFS 4091,Vinyl / LP | Album,Latin,"Flamenco, Field Recording",Stranieri,https://www.discogs.com/release/4319064-Roger-Laredo-Bullfight,,,
Roger Laredo,Danzas España No. 5,B2,4:30,Bullfight!,1967,UK,Decca,PFS 4091,Vinyl / LP | Album,Latin,"Flamenco, Field Recording",Stranieri,https://www.discogs.com/release/4319064-Roger-Laredo-Bullfight,,,
Roger Laredo,Rumba Flamenco,B3,2:00,Bullfight!,1967,UK,Decca,PFS 4091,Vinyl / LP | Album,Latin,"Flamenco, Field Recording",Stranieri,https://www.discogs.com/release/4319064-Roger-Laredo-Bullfight,,,
Roger Laredo,Andalusia,B4,3:00,Bullfight!,1967,UK,Decca,PFS 4091,Vinyl / LP | Album,Latin,"Flamenco, Field Recording",Stranieri,https://www.discogs.com/release/4319064-Roger-Laredo-Bullfight,,,
Roger Laredo,Bulerias,B5,4:30,Bullfight!,1967,UK,Decca,PFS 4091,Vinyl / LP | Album,Latin,"Flamenco, Field Recording",Stranieri,https://www.discogs.com/release/4319064-Roger-Laredo-Bullfight,,,
Roger Laredo,Ritual Fire Dance,B6,3:50,Bullfight!,1967,UK,Decca,PFS 4091,Vinyl / LP | Album,Latin,"Flamenco, Field Recording",Stranieri,https://www.discogs.com/release/4319064-Roger-Laredo-Bullfight,,,
"UB40, Chrissie Hynde",I Got You Babe,A1,3:08,I Got You Babe,1985,UK,DEP International,DEP 20-12,"Vinyl / 12"" | Single | 45 RPM",Reggae,"Reggae, Dub",Stranieri,https://www.discogs.com/release/659447-UB40-Guest-Vocals-By-Chrissie-Hynde-I-Got-You-Babe,,"Chrissie Hynde [Vocals] | Sonny Bono [Words By, Music By]",
"UB40, Chrissie Hynde",I Got You Babe (Dub Version),A2,4:11,I Got You Babe,1985,UK,DEP International,DEP 20-12,"Vinyl / 12"" | Single | 45 RPM",Reggae,"Reggae, Dub",Stranieri,https://www.discogs.com/release/659447-UB40-Guest-Vocals-By-Chrissie-Hynde-I-Got-You-Babe,,"Sonny Bono [Words By, Music By]",
"UB40, Chrissie Hynde",Theme From Labour Of Love,B1,3:54,I Got You Babe,1985,UK,DEP International,DEP 20-12,"Vinyl / 12"" | Single | 45 RPM",Reggae,"Reggae, Dub",Stranieri,https://www.discogs.com/release/659447-UB40-Guest-Vocals-By-Chrissie-Hynde-I-Got-You-Babe,,,
"UB40, Chrissie Hynde",Up And Coming M.C.,B2,3:50,I Got You Babe,1985,UK,DEP International,DEP 20-12,"Vinyl / 12"" | Single | 45 RPM",Reggae,"Reggae, Dub",Stranieri,https://www.discogs.com/release/659447-UB40-Guest-Vocals-By-Chrissie-Hynde-I-Got-You-Babe,,Admiral Jerry [Vocals],
Pat And Pats,Tobago (Original 12” Vocal),A1,,Tobago,2018,Italy,Disco Segreta,DS M 006,"Vinyl / 12"" | 45 RPM | Limited Edition | Remastered | Stereo","Electronic, Funk / Soul","Italo-Disco, Italo House",Stranieri,https://www.discogs.com/release/11857456-Pat-And-Pats-Tobago,Phil Sun | Gregorio Puccio,"Phil Sun [Written-By] | Gregorio Puccio [Written-By, Arranged By]",
Pat And Pats,Tobago (Miro’s Piano Paradise),A2,,Tobago,2018,Italy,Disco Segreta,DS M 006,"Vinyl / 12"" | 45 RPM | Limited Edition | Remastered | Stereo","Electronic, Funk / Soul","Italo-Disco, Italo House",Stranieri,https://www.discogs.com/release/11857456-Pat-And-Pats-Tobago,Phil Sun,Miro (6) [Remix] | Phil Sun [Written-By],
Pat And Pats,Tobago (Original 12” Instrumental),B1,,Tobago,2018,Italy,Disco Segreta,DS M 006,"Vinyl / 12"" | 45 RPM | Limited Edition | Remastered | Stereo","Electronic, Funk / Soul","Italo-Disco, Italo House",Stranieri,https://www.discogs.com/release/11857456-Pat-And-Pats-Tobago,Phil Sun | Gregorio Puccio,"Phil Sun [Written-By] | Gregorio Puccio [Written-By, Arranged By]",
Pat And Pats,Tobago (Bolas & Dama Dub),B2,,Tobago,2018,Italy,Disco Segreta,DS M 006,"Vinyl / 12"" | 45 RPM | Limited Edition | Remastered | Stereo","Electronic, Funk / Soul","Italo-Disco, Italo House",Stranieri,https://www.discogs.com/release/11857456-Pat-And-Pats-Tobago,,Andrea Dama [Remix] | Tom Bolas [Remix],
Donna Summer,Spring Affair,A1,8:30,Four Seasons Of Love,1976,Italy,"Durium, Durium Marche Estere","D.AI. 30257, D.AI 30-257",Vinyl / LP | Album / Black label,"Electronic, Funk / Soul",Disco,Stranieri,https://www.discogs.com/release/10479904-Donna-Summer-Four-Seasons-Of-Love,,,
Donna Summer,Summer Fever,A2,8:04,Four Seasons Of Love,1976,Italy,"Durium, Durium Marche Estere","D.AI. 30257, D.AI 30-257",Vinyl / LP | Album / Black label,"Electronic, Funk / Soul",Disco,Stranieri,https://www.discogs.com/release/10479904-Donna-Summer-Four-Seasons-Of-Love,,,
Donna Summer,Autumn Changes,B1,5:29,Four Seasons Of Love,1976,Italy,"Durium, Durium Marche Estere","D.AI. 30257, D.AI 30-257",Vinyl / LP | Album / Black label,"Electronic, Funk / Soul",Disco,Stranieri,https://www.discogs.com/release/10479904-Donna-Summer-Four-Seasons-Of-Love,,,
Donna Summer,Winter Melody,B2,6:28,Four Seasons Of Love,1976,Italy,"Durium, Durium Marche Estere","D.AI. 30257, D.AI 30-257",Vinyl / LP | Album / Black label,"Electronic, Funk / Soul",Disco,Stranieri,https://www.discogs.com/release/10479904-Donna-Summer-Four-Seasons-Of-Love,,,
Donna Summer,Spring Reprise,B3,3:50,Four Seasons Of Love,1976,Italy,"Durium, Durium Marche Estere","D.AI. 30257, D.AI 30-257",Vinyl / LP | Album / Black label,"Electronic, Funk / Soul",Disco,Stranieri,https://www.discogs.com/release/10479904-Donna-Summer-Four-Seasons-Of-Love,,,
Moby,Bring Back My Happiness (Extended Mix),A1,3:35,Bring Back My Happiness,1995,US,Elektra,0-66096,"Vinyl / 12"" | 33 ⅓ RPM",Electronic,"House, Techno, Acid",Stranieri,https://www.discogs.com/release/13298-Moby-Bring-Back-My-Happiness,,,
Moby,Bring Back My Happiness (Para Los Discos),A2,5:06,Bring Back My Happiness,1995,US,Elektra,0-66096,"Vinyl / 12"" | 33 ⅓ RPM",Electronic,"House, Techno, Acid",Stranieri,https://www.discogs.com/release/13298-Moby-Bring-Back-My-Happiness,,,
Moby,Bring Back My Happiness (Wink's Acid Interpretation),B1,8:09,Bring Back My Happiness,1995,US,Elektra,0-66096,"Vinyl / 12"" | 33 ⅓ RPM",Electronic,"House, Techno, Acid",Stranieri,https://www.discogs.com/release/13298-Moby-Bring-Back-My-Happiness,,Josh Wink [Remix],
Moby,Bring Back My Happiness (Underground Version),B2,5:42,Bring Back My Happiness,1995,US,Elektra,0-66096,"Vinyl / 12"" | 33 ⅓ RPM",Electronic,"House, Techno, Acid",Stranieri,https://www.discogs.com/release/13298-Moby-Bring-Back-My-Happiness,,,
John Lennon,Give Peace A Chance,A1,,The John Lennon Collection,1983,Italy,"EMI, Parlophone","3C 064-78224, 3C 064-78224",Vinyl / LP | Compilation | Repress,Rock,"Acoustic, Classic Rock",Stranieri,https://www.discogs.com/release/9309311-John-Lennon-The-John-Lennon-Collection,John Lennon | Lennon-McCartney,John Lennon & Yoko Ono [Producer] | John Lennon [Written-By] | Lennon-McCartney [Written-By],
John Lennon,Instant Karma,A2,,The John Lennon Collection,1983,Italy,"EMI, Parlophone","3C 064-78224, 3C 064-78224",Vinyl / LP | Compilation | Repress,Rock,"Acoustic, Classic Rock",Stranieri,https://www.discogs.com/release/9309311-John-Lennon-The-John-Lennon-Collection,John Lennon,Phil Spector [Producer] | John Lennon [Written-By],
John Lennon,Power To The People,A3,,The John Lennon Collection,1983,Italy,"EMI, Parlophone","3C 064-78224, 3C 064-78224",Vinyl / LP | Compilation | Repress,Rock,"Acoustic, Classic Rock",Stranieri,https://www.discogs.com/release/9309311-John-Lennon-The-John-Lennon-Collection,John Lennon,John Lennon & Yoko Ono [Producer] | Phil Spector [Producer] | John Lennon [Written-By],
John Lennon,Whatever Gets You Thru The Night,A4,,The John Lennon Collection,1983,Italy,"EMI, Parlophone","3C 064-78224, 3C 064-78224",Vinyl / LP | Compilation | Repress,Rock,"Acoustic, Classic Rock",Stranieri,https://www.discogs.com/release/9309311-John-Lennon-The-John-Lennon-Collection,John Lennon,"John Lennon [Producer] | John Lennon [Written-By, Arranged By]",
John Lennon,No. 9 Dream,A5,,The John Lennon Collection,1983,Italy,"EMI, Parlophone","3C 064-78224, 3C 064-78224",Vinyl / LP | Compilation | Repress,Rock,"Acoustic, Classic Rock",Stranieri,https://www.discogs.com/release/9309311-John-Lennon-The-John-Lennon-Collection,John Lennon,"John Lennon [Producer] | John Lennon [Written-By, Arranged By]",
John Lennon,Mind Games,A6,,The John Lennon Collection,1983,Italy,"EMI, Parlophone","3C 064-78224, 3C 064-78224",Vinyl / LP | Compilation | Repress,Rock,"Acoustic, Classic Rock",Stranieri,https://www.discogs.com/release/9309311-John-Lennon-The-John-Lennon-Collection,John Lennon,John Lennon [Producer] | John Lennon [Written-By],
John Lennon,Love,A7,,The John Lennon Collection,1983,Italy,"EMI, Parlophone","3C 064-78224, 3C 064-78224",Vinyl / LP | Compilation | Repress,Rock,"Acoustic, Classic Rock",Stranieri,https://www.discogs.com/release/9309311-John-Lennon-The-John-Lennon-Collection,John Lennon,John Lennon & Yoko Ono [Producer] | Phil Spector [Producer] | John Lennon [Written-By],
John Lennon,Happy Xmas (War Is Over),A8,,The John Lennon Collection,1983,Italy,"EMI, Parlophone","3C 064-78224, 3C 064-78224",Vinyl / LP | Compilation | Repress,Rock,"Acoustic, Classic Rock",Stranieri,https://www.discogs.com/release/9309311-John-Lennon-The-John-Lennon-Collection,Yoko Ono | John Lennon,"John Lennon [Producer] | Phil Spector [Producer] | Yoko Ono [Producer, Written-By] | John Lennon [Written-By]",
John Lennon,Imagine,B1,,The John Lennon Collection,1983,Italy,"EMI, Parlophone","3C 064-78224, 3C 064-78224",Vinyl / LP | Compilation | Repress,Rock,"Acoustic, Classic Rock",Stranieri,https://www.discogs.com/release/9309311-John-Lennon-The-John-Lennon-Collection,John Lennon,John Lennon & Yoko Ono [Producer] | Phil Spector [Producer] | John Lennon [Written-By],
John Lennon,Jealous Guy,B2,,The John Lennon Collection,1983,Italy,"EMI, Parlophone","3C 064-78224, 3C 064-78224",Vinyl / LP | Compilation | Repress,Rock,"Acoustic, Classic Rock",Stranieri,https://www.discogs.com/release/9309311-John-Lennon-The-John-Lennon-Collection,John Lennon,John Lennon & Yoko Ono [Producer] | Phil Spector [Producer] | John Lennon [Written-By],
John Lennon,Stand By Me,B3,,The John Lennon Collection,1983,Italy,"EMI, Parlophone","3C 064-78224, 3C 064-78224",Vinyl / LP | Compilation | Repress,Rock,"Acoustic, Classic Rock",Stranieri,https://www.discogs.com/release/9309311-John-Lennon-The-John-Lennon-Collection,Ben E. King | Leiber & Stoller,John Lennon [Producer] | Ben E. King [Written-By] | Leiber & Stoller [Written-By],
John Lennon,(Just Like) Starting Over,B4,,The John Lennon Collection,1983,Italy,"EMI, Parlophone","3C 064-78224, 3C 064-78224",Vinyl / LP | Compilation | Repress,Rock,"Acoustic, Classic Rock",Stranieri,https://www.discogs.com/release/9309311-John-Lennon-The-John-Lennon-Collection,John Lennon,Jack Douglas [Producer] | John Lennon [Producer] | Yoko Ono [Producer] | John Lennon [Written-By],
John Lennon,Woman,B5,,The John Lennon Collection,1983,Italy,"EMI, Parlophone","3C 064-78224, 3C 064-78224",Vinyl / LP | Compilation | Repress,Rock,"Acoustic, Classic Rock",Stranieri,https://www.discogs.com/release/9309311-John-Lennon-The-John-Lennon-Collection,John Lennon,Jack Douglas [Producer] | John Lennon [Producer] | Yoko Ono [Producer] | John Lennon [Written-By],
John Lennon,I'm Losing You,B6,,The John Lennon Collection,1983,Italy,"EMI, Parlophone","3C 064-78224, 3C 064-78224",Vinyl / LP | Compilation | Repress,Rock,"Acoustic, Classic Rock",Stranieri,https://www.discogs.com/release/9309311-John-Lennon-The-John-Lennon-Collection,John Lennon,Jack Douglas [Producer] | John Lennon [Producer] | Yoko Ono [Producer] | John Lennon [Written-By],
John Lennon,Beautiful Boy (Darling Boy),B7,,The John Lennon Collection,1983,Italy,"EMI, Parlophone","3C 064-78224, 3C 064-78224",Vinyl / LP | Compilation | Repress,Rock,"Acoustic, Classic Rock",Stranieri,https://www.discogs.com/release/9309311-John-Lennon-The-John-Lennon-Collection,John Lennon,Jack Douglas [Producer] | John Lennon [Producer] | Yoko Ono [Producer] | John Lennon [Written-By],
John Lennon,Watching The Wheels,B8,,The John Lennon Collection,1983,Italy,"EMI, Parlophone","3C 064-78224, 3C 064-78224",Vinyl / LP | Compilation | Repress,Rock,"Acoustic, Classic Rock",Stranieri,https://www.discogs.com/release/9309311-John-Lennon-The-John-Lennon-Collection,John Lennon,Jack Douglas [Producer] | John Lennon [Producer] | Yoko Ono [Producer] | John Lennon [Written-By],
John Lennon,Dear Yoko,B9,,The John Lennon Collection,1983,Italy,"EMI, Parlophone","3C 064-78224, 3C 064-78224",Vinyl / LP | Compilation | Repress,Rock,"Acoustic, Classic Rock",Stranieri,https://www.discogs.com/release/9309311-John-Lennon-The-John-Lennon-Collection,John Lennon,Jack Douglas [Producer] | John Lennon [Producer] | Yoko Ono [Producer] | John Lennon [Written-By],
Europe (2),The Final Countdown,A1,5:09,The Final Countdown,1986,Europe,"Epic, Epic","EPC 26808, BFE 40241",Vinyl / LP | Album | Stereo,Rock,"Hard Rock, Arena Rock",Stranieri,https://www.discogs.com/release/1947589-Europe-2-The-Final-Countdown,,,
Europe (2),Rock The Night,A2,4:04,The Final Countdown,1986,Europe,"Epic, Epic","EPC 26808, BFE 40241",Vinyl / LP | Album | Stereo,Rock,"Hard Rock, Arena Rock",Stranieri,https://www.discogs.com/release/1947589-Europe-2-The-Final-Countdown,,,
Europe (2),Carrie,A3,4:29,The Final Countdown,1986,Europe,"Epic, Epic","EPC 26808, BFE 40241",Vinyl / LP | Album | Stereo,Rock,"Hard Rock, Arena Rock",Stranieri,https://www.discogs.com/release/1947589-Europe-2-The-Final-Countdown,Mic Michaeli,Mic Michaeli [Written-By],
Europe (2),Danger On The Track,A4,3:45,The Final Countdown,1986,Europe,"Epic, Epic","EPC 26808, BFE 40241",Vinyl / LP | Album | Stereo,Rock,"Hard Rock, Arena Rock",Stranieri,https://www.discogs.com/release/1947589-Europe-2-The-Final-Countdown,,,
Europe (2),Ninja,A5,3:47,The Final Countdown,1986,Europe,"Epic, Epic","EPC 26808, BFE 40241",Vinyl / LP | Album | Stereo,Rock,"Hard Rock, Arena Rock",Stranieri,https://www.discogs.com/release/1947589-Europe-2-The-Final-Countdown,,,
Europe (2),Cherokee,B1,4:12,The Final Countdown,1986,Europe,"Epic, Epic","EPC 26808, BFE 40241",Vinyl / LP | Album | Stereo,Rock,"Hard Rock, Arena Rock",Stranieri,https://www.discogs.com/release/1947589-Europe-2-The-Final-Countdown,,,
Europe (2),Time Has Come,B2,4:00,The Final Countdown,1986,Europe,"Epic, Epic","EPC 26808, BFE 40241",Vinyl / LP | Album | Stereo,Rock,"Hard Rock, Arena Rock",Stranieri,https://www.discogs.com/release/1947589-Europe-2-The-Final-Countdown,,,
Europe (2),Heart Of Stone,B3,3:46,The Final Countdown,1986,Europe,"Epic, Epic","EPC 26808, BFE 40241",Vinyl / LP | Album | Stereo,Rock,"Hard Rock, Arena Rock",Stranieri,https://www.discogs.com/release/1947589-Europe-2-The-Final-Countdown,,,
Europe (2),On The Loose,B4,3:08,The Final Countdown,1986,Europe,"Epic, Epic","EPC 26808, BFE 40241",Vinyl / LP | Album | Stereo,Rock,"Hard Rock, Arena Rock",Stranieri,https://www.discogs.com/release/1947589-Europe-2-The-Final-Countdown,,,
Europe (2),Love Chaser,B5,3:28,The Final Countdown,1986,Europe,"Epic, Epic","EPC 26808, BFE 40241",Vinyl / LP | Album | Stereo,Rock,"Hard Rock, Arena Rock",Stranieri,https://www.discogs.com/release/1947589-Europe-2-The-Final-Countdown,,,
Unknown Artist,Sgt. Pepper’s Lonely Hearts Club Band,1,,Sgt. Pepper’s Lonely Hearts Club Band,0,Italy,Fama (4),Vds9481,Vinyl / LP | Album | Stereo,Pop,,Stranieri,https://www.discogs.com/release/12815651-Unknown-Artist-Sgt-Peppers-Lonely-Hearts-Club-Band,,,
Unknown Artist,With A Little Help From My Friends,2,,Sgt. Pepper’s Lonely Hearts Club Band,0,Italy,Fama (4),Vds9481,Vinyl / LP | Album | Stereo,Pop,,Stranieri,https://www.discogs.com/release/12815651-Unknown-Artist-Sgt-Peppers-Lonely-Hearts-Club-Band,,,
Unknown Artist,Here Comes The Sun,3,,Sgt. Pepper’s Lonely Hearts Club Band,0,Italy,Fama (4),Vds9481,Vinyl / LP | Album | Stereo,Pop,,Stranieri,https://www.discogs.com/release/12815651-Unknown-Artist-Sgt-Peppers-Lonely-Hearts-Club-Band,,,
Unknown Artist,Come Together,4,,Sgt. Pepper’s Lonely Hearts Club Band,0,Italy,Fama (4),Vds9481,Vinyl / LP | Album | Stereo,Pop,,Stranieri,https://www.discogs.com/release/12815651-Unknown-Artist-Sgt-Peppers-Lonely-Hearts-Club-Band,,,
Unknown Artist,Lucy In The Sky With Diamonds,5,,Sgt. Pepper’s Lonely Hearts Club Band,0,Italy,Fama (4),Vds9481,Vinyl / LP | Album | Stereo,Pop,,Stranieri,https://www.discogs.com/release/12815651-Unknown-Artist-Sgt-Peppers-Lonely-Hearts-Club-Band,,,
Unknown Artist,Got To Get You Into My Life,6,,Sgt. Pepper’s Lonely Hearts Club Band,0,Italy,Fama (4),Vds9481,Vinyl / LP | Album | Stereo,Pop,,Stranieri,https://www.discogs.com/release/12815651-Unknown-Artist-Sgt-Peppers-Lonely-Hearts-Club-Band,,,
Unknown Artist,Strawberry Fields Forever,7,,Sgt. Pepper’s Lonely Hearts Club Band,0,Italy,Fama (4),Vds9481,Vinyl / LP | Album | Stereo,Pop,,Stranieri,https://www.discogs.com/release/12815651-Unknown-Artist-Sgt-Peppers-Lonely-Hearts-Club-Band,,,
Unknown Artist,The Long And Winding Road,8,,Sgt. Pepper’s Lonely Hearts Club Band,0,Italy,Fama (4),Vds9481,Vinyl / LP | Album | Stereo,Pop,,Stranieri,https://www.discogs.com/release/12815651-Unknown-Artist-Sgt-Peppers-Lonely-Hearts-Club-Band,,,
Unknown Artist,Get Back,9,,Sgt. Pepper’s Lonely Hearts Club Band,0,Italy,Fama (4),Vds9481,Vinyl / LP | Album | Stereo,Pop,,Stranieri,https://www.discogs.com/release/12815651-Unknown-Artist-Sgt-Peppers-Lonely-Hearts-Club-Band,,,
Unknown Artist,Polythene Pam She Came In Through Man Sgt. Pepper’s Lonely Hearts Club Band,10,,Sgt. Pepper’s Lonely Hearts Club Band,0,Italy,Fama (4),Vds9481,Vinyl / LP | Album | Stereo,Pop,,Stranieri,https://www.discogs.com/release/12815651-Unknown-Artist-Sgt-Peppers-Lonely-Hearts-Club-Band,,,
Lonnie Liston Smith And The Cosmic Echoes,Cosmic Funk,A1,5:35,Cosmic Funk,1974,US,Flying Dutchman,BDL1-0591,Vinyl / LP | Album | Stereo / Indianapolis Pressing,Jazz,"Fusion, Jazz-Funk, Spiritual Jazz",Stranieri,https://www.discogs.com/release/264077-Lonnie-Liston-Smith-The-Cosmic-Echoes-Cosmic-Funk,Lonnie Liston Smith,Lonnie Liston Smith [Written-By],
Lonnie Liston Smith And The Cosmic Echoes,Footprints,A2,6:08,Cosmic Funk,1974,US,Flying Dutchman,BDL1-0591,Vinyl / LP | Album | Stereo / Indianapolis Pressing,Jazz,"Fusion, Jazz-Funk, Spiritual Jazz",Stranieri,https://www.discogs.com/release/264077-Lonnie-Liston-Smith-The-Cosmic-Echoes-Cosmic-Funk,Wayne Shorter,Wayne Shorter [Written-By],
Lonnie Liston Smith And The Cosmic Echoes,Beautiful Woman,A3,6:57,Cosmic Funk,1974,US,Flying Dutchman,BDL1-0591,Vinyl / LP | Album | Stereo / Indianapolis Pressing,Jazz,"Fusion, Jazz-Funk, Spiritual Jazz",Stranieri,https://www.discogs.com/release/264077-Lonnie-Liston-Smith-The-Cosmic-Echoes-Cosmic-Funk,Lonnie Liston Smith,Lonnie Liston Smith [Written-By],
Lonnie Liston Smith And The Cosmic Echoes,Sais (Egypt),B1,8:15,Cosmic Funk,1974,US,Flying Dutchman,BDL1-0591,Vinyl / LP | Album | Stereo / Indianapolis Pressing,Jazz,"Fusion, Jazz-Funk, Spiritual Jazz",Stranieri,https://www.discogs.com/release/264077-Lonnie-Liston-Smith-The-Cosmic-Echoes-Cosmic-Funk,James Mtume,James Mtume [Written-By],
Lonnie Liston Smith And The Cosmic Echoes,Peaceful Ones,B2,5:03,Cosmic Funk,1974,US,Flying Dutchman,BDL1-0591,Vinyl / LP | Album | Stereo / Indianapolis Pressing,Jazz,"Fusion, Jazz-Funk, Spiritual Jazz",Stranieri,https://www.discogs.com/release/264077-Lonnie-Liston-Smith-The-Cosmic-Echoes-Cosmic-Funk,Lonnie Liston Smith,Lonnie Liston Smith [Written-By],
Lonnie Liston Smith And The Cosmic Echoes,Naima,B3,4:02,Cosmic Funk,1974,US,Flying Dutchman,BDL1-0591,Vinyl / LP | Album | Stereo / Indianapolis Pressing,Jazz,"Fusion, Jazz-Funk, Spiritual Jazz",Stranieri,https://www.discogs.com/release/264077-Lonnie-Liston-Smith-The-Cosmic-Echoes-Cosmic-Funk,John Coltrane,John Coltrane [Written-By],
The Zebras,Paradise Garage,A1,6:51,Paradise Garage,0,Italy,Free Interfonia,ITF 120003,Vinyl / LP | Album,"Electronic, Rock",Disco,Stranieri,https://www.discogs.com/release/660056-The-Zebras-Paradise-Garage,,,
The Zebras,Animal,A2,6:32,Paradise Garage,0,Italy,Free Interfonia,ITF 120003,Vinyl / LP | Album,"Electronic, Rock",Disco,Stranieri,https://www.discogs.com/release/660056-The-Zebras-Paradise-Garage,,,
The Zebras,I Don't Do It No More,A3,2:45,Paradise Garage,0,Italy,Free Interfonia,ITF 120003,Vinyl / LP | Album,"Electronic, Rock",Disco,Stranieri,https://www.discogs.com/release/660056-The-Zebras-Paradise-Garage,,,
The Zebras,Bondage And Domination,B1,4:49,Paradise Garage,0,Italy,Free Interfonia,ITF 120003,Vinyl / LP | Album,"Electronic, Rock",Disco,Stranieri,https://www.discogs.com/release/660056-The-Zebras-Paradise-Garage,,,
The Zebras,For Your Love,B2,4:58,Paradise Garage,0,Italy,Free Interfonia,ITF 120003,Vinyl / LP | Album,"Electronic, Rock",Disco,Stranieri,https://www.discogs.com/release/660056-The-Zebras-Paradise-Garage,,,
The Zebras,Razor Girl,B3,4:08,Paradise Garage,0,Italy,Free Interfonia,ITF 120003,Vinyl / LP | Album,"Electronic, Rock",Disco,Stranieri,https://www.discogs.com/release/660056-The-Zebras-Paradise-Garage,,,
"Tom Jones, Heather Small",You Need Love Like I Do (Double Click Remix),A1,,You Need Love Like I Do,2000,Europe,Gut Records,VVR5015286,"Vinyl / 12""",Electronic,House,Stranieri,https://www.discogs.com/release/1975595-Tom-Jones-Heather-Small-You-Need-Love-Like-I-Do,,Double Click [Remix],
"Tom Jones, Heather Small",You Need Love Like I Do (7th District Radio Mix),A2,,You Need Love Like I Do,2000,Europe,Gut Records,VVR5015286,"Vinyl / 12""",Electronic,House,Stranieri,https://www.discogs.com/release/1975595-Tom-Jones-Heather-Small-You-Need-Love-Like-I-Do,,7th District Inc. [Remix],
"Tom Jones, Heather Small",You Need Love Like I Do (Fused Remix),B1,,You Need Love Like I Do,2000,Europe,Gut Records,VVR5015286,"Vinyl / 12""",Electronic,House,Stranieri,https://www.discogs.com/release/1975595-Tom-Jones-Heather-Small-You-Need-Love-Like-I-Do,,Fused [Remix],
"Tom Jones, Heather Small",You Need Love Like I Do (i-Monkey Funkatronic Remix),B2,,You Need Love Like I Do,2000,Europe,Gut Records,VVR5015286,"Vinyl / 12""",Electronic,House,Stranieri,https://www.discogs.com/release/1975595-Tom-Jones-Heather-Small-You-Need-Love-Like-I-Do,,i-Monkey [Remix],
Piet Noordijk,Walk On The Wild Side,A1,3:21,The Sensational Sax Of Piet Noordijk,1975,Italy,Harmony,LPH 8000,Vinyl / LP | Album / Gatefold,"Jazz, Funk / Soul","Jazz-Funk, Easy Listening",Stranieri,https://www.discogs.com/release/13585888-Piet-Noordijk-The-Sensational-Sax-Of-Piet-Noordijk,Lou Reed,Lou Reed [Written-By],
Piet Noordijk,Killing Me Softly,A2,2:48,The Sensational Sax Of Piet Noordijk,1975,Italy,Harmony,LPH 8000,Vinyl / LP | Album / Gatefold,"Jazz, Funk / Soul","Jazz-Funk, Easy Listening",Stranieri,https://www.discogs.com/release/13585888-Piet-Noordijk-The-Sensational-Sax-Of-Piet-Noordijk,Charles Fox | Norman Gimbel,Charles Fox [Written-By] | Norman Gimbel [Written-By],
Piet Noordijk,Yesterday Once More,A3,3:11,The Sensational Sax Of Piet Noordijk,1975,Italy,Harmony,LPH 8000,Vinyl / LP | Album / Gatefold,"Jazz, Funk / Soul","Jazz-Funk, Easy Listening",Stranieri,https://www.discogs.com/release/13585888-Piet-Noordijk-The-Sensational-Sax-Of-Piet-Noordijk,John Bettis | Richard Carpenter,John Bettis [Written-By] | Richard Carpenter [Written-By],
Piet Noordijk,Won't Somebody Dance With Me,A4,2:53,The Sensational Sax Of Piet Noordijk,1975,Italy,Harmony,LPH 8000,Vinyl / LP | Album / Gatefold,"Jazz, Funk / Soul","Jazz-Funk, Easy Listening",Stranieri,https://www.discogs.com/release/13585888-Piet-Noordijk-The-Sensational-Sax-Of-Piet-Noordijk,Lynsey Rubin,Lynsey Rubin [Written-By],
Piet Noordijk,Ain't No Sunshine,A5,3:31,The Sensational Sax Of Piet Noordijk,1975,Italy,Harmony,LPH 8000,Vinyl / LP | Album / Gatefold,"Jazz, Funk / Soul","Jazz-Funk, Easy Listening",Stranieri,https://www.discogs.com/release/13585888-Piet-Noordijk-The-Sensational-Sax-Of-Piet-Noordijk,Bill Withers,Bill Withers [Written-By],
Piet Noordijk,The Most Beautiful Girl,A6,3:52,The Sensational Sax Of Piet Noordijk,1975,Italy,Harmony,LPH 8000,Vinyl / LP | Album / Gatefold,"Jazz, Funk / Soul","Jazz-Funk, Easy Listening",Stranieri,https://www.discogs.com/release/13585888-Piet-Noordijk-The-Sensational-Sax-Of-Piet-Noordijk,Billy Sherrill | Norro Wilson | Rory Bourke,Billy Sherrill [Written-By] | Norro Wilson [Written-By] | Rory Bourke [Written-By],
Piet Noordijk,You're The Sunshine Of My Life,B1,3:38,The Sensational Sax Of Piet Noordijk,1975,Italy,Harmony,LPH 8000,Vinyl / LP | Album / Gatefold,"Jazz, Funk / Soul","Jazz-Funk, Easy Listening",Stranieri,https://www.discogs.com/release/13585888-Piet-Noordijk-The-Sensational-Sax-Of-Piet-Noordijk,Stevie Wonder,Stevie Wonder [Written-By],
Piet Noordijk,My Love,B2,4:11,The Sensational Sax Of Piet Noordijk,1975,Italy,Harmony,LPH 8000,Vinyl / LP | Album / Gatefold,"Jazz, Funk / Soul","Jazz-Funk, Easy Listening",Stranieri,https://www.discogs.com/release/13585888-Piet-Noordijk-The-Sensational-Sax-Of-Piet-Noordijk,Paul & Linda McCartney,Paul & Linda McCartney [Written-By],
Piet Noordijk,Clair,B3,3:13,The Sensational Sax Of Piet Noordijk,1975,Italy,Harmony,LPH 8000,Vinyl / LP | Album / Gatefold,"Jazz, Funk / Soul","Jazz-Funk, Easy Listening",Stranieri,https://www.discogs.com/release/13585888-Piet-Noordijk-The-Sensational-Sax-Of-Piet-Noordijk,Gilbert O'Sullivan,Gilbert O'Sullivan [Written-By],
Piet Noordijk,Alone Again Naturally,B4,3:06,The Sensational Sax Of Piet Noordijk,1975,Italy,Harmony,LPH 8000,Vinyl / LP | Album / Gatefold,"Jazz, Funk / Soul","Jazz-Funk, Easy Listening",Stranieri,https://www.discogs.com/release/13585888-Piet-Noordijk-The-Sensational-Sax-Of-Piet-Noordijk,Gilbert O'Sullivan,Gilbert O'Sullivan [Written-By],
Piet Noordijk,Piet's Hit,B5,3:22,The Sensational Sax Of Piet Noordijk,1975,Italy,Harmony,LPH 8000,Vinyl / LP | Album / Gatefold,"Jazz, Funk / Soul","Jazz-Funk, Easy Listening",Stranieri,https://www.discogs.com/release/13585888-Piet-Noordijk-The-Sensational-Sax-Of-Piet-Noordijk,Piet Noordijk,Piet Noordijk [Written-By],
Wall Street Crash,European Affair,A1,4:00,European Affair,1983,Italy,"Magnet (2), Magnet (2)","LP 33206, MAG 33206",Vinyl / LP | Album | Stereo,Pop,Europop,Stranieri,https://www.discogs.com/release/2364613-Wall-Street-Crash-European-Affair,Peter Olsen (5),Peter Olsen (5) [Written-By],
Wall Street Crash,Soft Targets,A2,3:34,European Affair,1983,Italy,"Magnet (2), Magnet (2)","LP 33206, MAG 33206",Vinyl / LP | Album | Stereo,Pop,Europop,Stranieri,https://www.discogs.com/release/2364613-Wall-Street-Crash-European-Affair,James Graeme (2),James Graeme (2) [Written-By],
Wall Street Crash,Catch A Falling Star,A3,2:40,European Affair,1983,Italy,"Magnet (2), Magnet (2)","LP 33206, MAG 33206",Vinyl / LP | Album | Stereo,Pop,Europop,Stranieri,https://www.discogs.com/release/2364613-Wall-Street-Crash-European-Affair,Lee Pockriss | Paul Vance,Lee Pockriss [Written-By] | Paul Vance [Written-By],
Wall Street Crash,Carousel,A4,3:16,European Affair,1983,Italy,"Magnet (2), Magnet (2)","LP 33206, MAG 33206",Vinyl / LP | Album | Stereo,Pop,Europop,Stranieri,https://www.discogs.com/release/2364613-Wall-Street-Crash-European-Affair,Eric Blau | Jacques Brel | Mort Shuman,Eric Blau [Written-By] | Jacques Brel [Written-By] | Mort Shuman [Written-By],
Wall Street Crash,You're My World,A5,3:35,European Affair,1983,Italy,"Magnet (2), Magnet (2)","LP 33206, MAG 33206",Vinyl / LP | Album | Stereo,Pop,Europop,Stranieri,https://www.discogs.com/release/2364613-Wall-Street-Crash-European-Affair,Carl Sigman | Gino Paoli | Umberto Bindi,Carl Sigman [Written-By] | Gino Paoli [Written-By] | Umberto Bindi [Written-By],
Wall Street Crash,Taking It To The Streets,B1,3:09,European Affair,1983,Italy,"Magnet (2), Magnet (2)","LP 33206, MAG 33206",Vinyl / LP | Album | Stereo,Pop,Europop,Stranieri,https://www.discogs.com/release/2364613-Wall-Street-Crash-European-Affair,Michael McDonald,Michael McDonald [Written-By],
Wall Street Crash,Only A Step Away,B2,4:35,European Affair,1983,Italy,"Magnet (2), Magnet (2)","LP 33206, MAG 33206",Vinyl / LP | Album | Stereo,Pop,Europop,Stranieri,https://www.discogs.com/release/2364613-Wall-Street-Crash-European-Affair,Antonio Coggio | Claudio Baglioni | Colin Copperfield | Paul Felba,Antonio Coggio [Written-By] | Claudio Baglioni [Written-By] | Colin Copperfield [Written-By [English Text]] | Paul Felba [Written-By [English Text]],
Wall Street Crash,Che Sarà,B3,3:34,European Affair,1983,Italy,"Magnet (2), Magnet (2)","LP 33206, MAG 33206",Vinyl / LP | Album | Stereo,Pop,Europop,Stranieri,https://www.discogs.com/release/2364613-Wall-Street-Crash-European-Affair,Carlo Pes | Franco Migliacci | Jimmy Fontana | Paul Felba,Carlo Pes [Written-By] | Franco Migliacci [Written-By] | Jimmy Fontana [Written-By] | Paul Felba [Written-By [English Text]],
Wall Street Crash,La Banda,B4,3:00,European Affair,1983,Italy,"Magnet (2), Magnet (2)","LP 33206, MAG 33206",Vinyl / LP | Album | Stereo,Pop,Europop,Stranieri,https://www.discogs.com/release/2364613-Wall-Street-Crash-European-Affair,Antonio Amurri | Chico Buarque De Hollanda,Antonio Amurri [Written-By] | Chico Buarque De Hollanda [Written-By],
Wall Street Crash,Blue,B5,3:25,European Affair,1983,Italy,"Magnet (2), Magnet (2)","LP 33206, MAG 33206",Vinyl / LP | Album | Stereo,Pop,Europop,Stranieri,https://www.discogs.com/release/2364613-Wall-Street-Crash-European-Affair,Luciano Angeléri | Paul Felba,Luciano Angeléri [Written-By] | Paul Felba [Written-By [English Text]],
Maurice Jarre,Overture,A1,4:10,Doctor Schiwago (The Original Soundtrack Album),1973,Italy,"MGM Records, MGM Records, MGM Records","2315 030, 2315 030 A, 2315030 L",Vinyl / LP | Album | Reissue | Stereo,Stage & Screen,"Soundtrack, Score",Stranieri,https://www.discogs.com/release/3330928-Maurice-Jarre-Doctor-Schiwago-The-Original-Soundtrack-Album,,,
Maurice Jarre,Main Title,A2,2:37,Doctor Schiwago (The Original Soundtrack Album),1973,Italy,"MGM Records, MGM Records, MGM Records","2315 030, 2315 030 A, 2315030 L",Vinyl / LP | Album | Reissue | Stereo,Stage & Screen,"Soundtrack, Score",Stranieri,https://www.discogs.com/release/3330928-Maurice-Jarre-Doctor-Schiwago-The-Original-Soundtrack-Album,,,
Maurice Jarre,Lara Leaves Yuri,A3,1:25,Doctor Schiwago (The Original Soundtrack Album),1973,Italy,"MGM Records, MGM Records, MGM Records","2315 030, 2315 030 A, 2315030 L",Vinyl / LP | Album | Reissue | Stereo,Stage & Screen,"Soundtrack, Score",Stranieri,https://www.discogs.com/release/3330928-Maurice-Jarre-Doctor-Schiwago-The-Original-Soundtrack-Album,,,
Maurice Jarre,At The Student Cafe,A4,1:30,Doctor Schiwago (The Original Soundtrack Album),1973,Italy,"MGM Records, MGM Records, MGM Records","2315 030, 2315 030 A, 2315030 L",Vinyl / LP | Album | Reissue | Stereo,Stage & Screen,"Soundtrack, Score",Stranieri,https://www.discogs.com/release/3330928-Maurice-Jarre-Doctor-Schiwago-The-Original-Soundtrack-Album,,,
Maurice Jarre,Komarovsky And Lara's Rendezvous,A5,3:49,Doctor Schiwago (The Original Soundtrack Album),1973,Italy,"MGM Records, MGM Records, MGM Records","2315 030, 2315 030 A, 2315030 L",Vinyl / LP | Album | Reissue | Stereo,Stage & Screen,"Soundtrack, Score",Stranieri,https://www.discogs.com/release/3330928-Maurice-Jarre-Doctor-Schiwago-The-Original-Soundtrack-Album,,,
Maurice Jarre,Revolution,A6,3:59,Doctor Schiwago (The Original Soundtrack Album),1973,Italy,"MGM Records, MGM Records, MGM Records","2315 030, 2315 030 A, 2315030 L",Vinyl / LP | Album | Reissue | Stereo,Stage & Screen,"Soundtrack, Score",Stranieri,https://www.discogs.com/release/3330928-Maurice-Jarre-Doctor-Schiwago-The-Original-Soundtrack-Album,,,
Maurice Jarre,Lara's Theme,B1,2:50,Doctor Schiwago (The Original Soundtrack Album),1973,Italy,"MGM Records, MGM Records, MGM Records","2315 030, 2315 030 A, 2315030 L",Vinyl / LP | Album | Reissue | Stereo,Stage & Screen,"Soundtrack, Score",Stranieri,https://www.discogs.com/release/3330928-Maurice-Jarre-Doctor-Schiwago-The-Original-Soundtrack-Album,,,
Maurice Jarre,The Funeral,B2,3:05,Doctor Schiwago (The Original Soundtrack Album),1973,Italy,"MGM Records, MGM Records, MGM Records","2315 030, 2315 030 A, 2315030 L",Vinyl / LP | Album | Reissue | Stereo,Stage & Screen,"Soundtrack, Score",Stranieri,https://www.discogs.com/release/3330928-Maurice-Jarre-Doctor-Schiwago-The-Original-Soundtrack-Album,,,
Maurice Jarre,Sventytski's Waltz,B3,2:12,Doctor Schiwago (The Original Soundtrack Album),1973,Italy,"MGM Records, MGM Records, MGM Records","2315 030, 2315 030 A, 2315030 L",Vinyl / LP | Album | Reissue | Stereo,Stage & Screen,"Soundtrack, Score",Stranieri,https://www.discogs.com/release/3330928-Maurice-Jarre-Doctor-Schiwago-The-Original-Soundtrack-Album,,,
Maurice Jarre,Yuri Escapes,B4,2:16,Doctor Schiwago (The Original Soundtrack Album),1973,Italy,"MGM Records, MGM Records, MGM Records","2315 030, 2315 030 A, 2315030 L",Vinyl / LP | Album | Reissue | Stereo,Stage & Screen,"Soundtrack, Score",Stranieri,https://www.discogs.com/release/3330928-Maurice-Jarre-Doctor-Schiwago-The-Original-Soundtrack-Album,,,
Maurice Jarre,Tonya Arrives At Varykino,B5,3:39,Doctor Schiwago (The Original Soundtrack Album),1973,Italy,"MGM Records, MGM Records, MGM Records","2315 030, 2315 030 A, 2315030 L",Vinyl / LP | Album | Reissue | Stereo,Stage & Screen,"Soundtrack, Score",Stranieri,https://www.discogs.com/release/3330928-Maurice-Jarre-Doctor-Schiwago-The-Original-Soundtrack-Album,,,
Maurice Jarre,Yuri Writes A Poem For Lara,B6,2:35,Doctor Schiwago (The Original Soundtrack Album),1973,Italy,"MGM Records, MGM Records, MGM Records","2315 030, 2315 030 A, 2315030 L",Vinyl / LP | Album | Reissue | Stereo,Stage & Screen,"Soundtrack, Score",Stranieri,https://www.discogs.com/release/3330928-Maurice-Jarre-Doctor-Schiwago-The-Original-Soundtrack-Album,,,
Srila Gurudeva,Bhoga Āràti - La Festa,A1,,Il Canto Della Liberazione,1983,Italy,Musica Divina,KC 108012,Vinyl / LP | Album,"Rock, Folk, World, & Country","Indian Classical, Prog Rock",Stranieri,https://www.discogs.com/release/3269242-Gurudeva-Il-Canto-Della-Liberazione,,,
Srila Gurudeva,Gopīnātha - Il Signore Delle Gopi,A2,,Il Canto Della Liberazione,1983,Italy,Musica Divina,KC 108012,Vinyl / LP | Album,"Rock, Folk, World, & Country","Indian Classical, Prog Rock",Stranieri,https://www.discogs.com/release/3269242-Gurudeva-Il-Canto-Della-Liberazione,,,
Srila Gurudeva,Śrī Guru Vandanā - Il Maestro,A3,,Il Canto Della Liberazione,1983,Italy,Musica Divina,KC 108012,Vinyl / LP | Album,"Rock, Folk, World, & Country","Indian Classical, Prog Rock",Stranieri,https://www.discogs.com/release/3269242-Gurudeva-Il-Canto-Della-Liberazione,,,
Srila Gurudeva,Śrī Nama Kirtana - Passatempi Senza Fine,B1,,Il Canto Della Liberazione,1983,Italy,Musica Divina,KC 108012,Vinyl / LP | Album,"Rock, Folk, World, & Country","Indian Classical, Prog Rock",Stranieri,https://www.discogs.com/release/3269242-Gurudeva-Il-Canto-Della-Liberazione,,,
Srila Gurudeva,Nama Sankīrtana - I Nomi E Le Glorie,B2,,Il Canto Della Liberazione,1983,Italy,Musica Divina,KC 108012,Vinyl / LP | Album,"Rock, Folk, World, & Country","Indian Classical, Prog Rock",Stranieri,https://www.discogs.com/release/3269242-Gurudeva-Il-Canto-Della-Liberazione,,,
Srila Gurudeva,Hare Krishna Maha-Mantra - Il Canto Della Liberazione,B3,,Il Canto Della Liberazione,1983,Italy,Musica Divina,KC 108012,Vinyl / LP | Album,"Rock, Folk, World, & Country","Indian Classical, Prog Rock",Stranieri,https://www.discogs.com/release/3269242-Gurudeva-Il-Canto-Della-Liberazione,,,
Los Indios Di Mayas,Maria Elena,A1,3:17,Maria Elena,1973,Italy,Musidisc,SM 3547,Vinyl / LP | Album,"Folk, World, & Country",Folk,Stranieri,https://www.discogs.com/release/3564027-Los-Indios-Di-Mayas-Maria-Elena,Lorenzo Barcelata,Lorenzo Barcelata [Written-By],
Los Indios Di Mayas,Love Is A Many Splendored Thing,A2,2:22,Maria Elena,1973,Italy,Musidisc,SM 3547,Vinyl / LP | Album,"Folk, World, & Country",Folk,Stranieri,https://www.discogs.com/release/3564027-Los-Indios-Di-Mayas-Maria-Elena,Paul Francis Webster | Sammy Fain,Paul Francis Webster [Written-By] | Sammy Fain [Written-By],
Los Indios Di Mayas,Marta,A3,2:39,Maria Elena,1973,Italy,Musidisc,SM 3547,Vinyl / LP | Album,"Folk, World, & Country",Folk,Stranieri,https://www.discogs.com/release/3564027-Los-Indios-Di-Mayas-Maria-Elena,Moises Simons | Wolfe Gilbert,Moises Simons [Written-By] | Wolfe Gilbert [Written-By],
Los Indios Di Mayas,Always In My Heart,A4,2:27,Maria Elena,1973,Italy,Musidisc,SM 3547,Vinyl / LP | Album,"Folk, World, & Country",Folk,Stranieri,https://www.discogs.com/release/3564027-Los-Indios-Di-Mayas-Maria-Elena,Ernesto Lecuona,Ernesto Lecuona [Written-By],
Los Indios Di Mayas,Smoke Gets In Your Eyes,A5,2:41,Maria Elena,1973,Italy,Musidisc,SM 3547,Vinyl / LP | Album,"Folk, World, & Country",Folk,Stranieri,https://www.discogs.com/release/3564027-Los-Indios-Di-Mayas-Maria-Elena,Jerome Kern | Otto Harbach,Jerome Kern [Written-By] | Otto Harbach [Written-By],
Los Indios Di Mayas,"Theme Du Film ""Le 3e Homme""",A6,2:09,Maria Elena,1973,Italy,Musidisc,SM 3547,Vinyl / LP | Album,"Folk, World, & Country",Folk,Stranieri,https://www.discogs.com/release/3564027-Los-Indios-Di-Mayas-Maria-Elena,Anton Karas,Anton Karas [Written-By],
Los Indios Di Mayas,Los Indios Danzan,B1,2:30,Maria Elena,1973,Italy,Musidisc,SM 3547,Vinyl / LP | Album,"Folk, World, & Country",Folk,Stranieri,https://www.discogs.com/release/3564027-Los-Indios-Di-Mayas-Maria-Elena,Natalicio Lima,Natalicio Lima [Written-By],
Los Indios Di Mayas,A La Orilla Del Lago,B2,2:25,Maria Elena,1973,Italy,Musidisc,SM 3547,Vinyl / LP | Album,"Folk, World, & Country",Folk,Stranieri,https://www.discogs.com/release/3564027-Los-Indios-Di-Mayas-Maria-Elena,Natalicio Lima,Natalicio Lima [Written-By],
Los Indios Di Mayas,Moonlight Serenade,B3,2:23,Maria Elena,1973,Italy,Musidisc,SM 3547,Vinyl / LP | Album,"Folk, World, & Country",Folk,Stranieri,https://www.discogs.com/release/3564027-Los-Indios-Di-Mayas-Maria-Elena,Glenn Miller | Mitchell Parish,Glenn Miller [Written-By] | Mitchell Parish [Written-By],
Los Indios Di Mayas,Pajaro Campana,B4,2:22,Maria Elena,1973,Italy,Musidisc,SM 3547,Vinyl / LP | Album,"Folk, World, & Country",Folk,Stranieri,https://www.discogs.com/release/3564027-Los-Indios-Di-Mayas-Maria-Elena,Felix Perez Cardozo,Felix Perez Cardozo [Written-By],
Los Indios Di Mayas,Stardust,B5,2:37,Maria Elena,1973,Italy,Musidisc,SM 3547,Vinyl / LP | Album,"Folk, World, & Country",Folk,Stranieri,https://www.discogs.com/release/3564027-Los-Indios-Di-Mayas-Maria-Elena,Hoagy Carmichael | Mitchell Parish,Hoagy Carmichael [Written-By] | Mitchell Parish [Written-By],
Los Indios Di Mayas,Ternura,B6,3:02,Maria Elena,1973,Italy,Musidisc,SM 3547,Vinyl / LP | Album,"Folk, World, & Country",Folk,Stranieri,https://www.discogs.com/release/3564027-Los-Indios-Di-Mayas-Maria-Elena,Natalicio Lima,Natalicio Lima [Written-By],
Andy Bono,A Blue Shadow,A1,2:28,Playtheque 2,1974,Italy,Odeon,3C 054 - 18011,Vinyl / LP | Album,"Jazz, Pop","Disco, Easy Listening",Stranieri,https://www.discogs.com/release/5550830-Andy-Bono-Playtheque-2,,,
Andy Bono,Lui E Lei,A2,3:50,Playtheque 2,1974,Italy,Odeon,3C 054 - 18011,Vinyl / LP | Album,"Jazz, Pop","Disco, Easy Listening",Stranieri,https://www.discogs.com/release/5550830-Andy-Bono-Playtheque-2,,,
Andy Bono,Love's Theme,A3,3:55,Playtheque 2,1974,Italy,Odeon,3C 054 - 18011,Vinyl / LP | Album,"Jazz, Pop","Disco, Easy Listening",Stranieri,https://www.discogs.com/release/5550830-Andy-Bono-Playtheque-2,,,
Andy Bono,Voglio Ridere,A4,3:35,Playtheque 2,1974,Italy,Odeon,3C 054 - 18011,Vinyl / LP | Album,"Jazz, Pop","Disco, Easy Listening",Stranieri,https://www.discogs.com/release/5550830-Andy-Bono-Playtheque-2,,,
Andy Bono,L'Ultima Neve Di Primavera,A5,3:03,Playtheque 2,1974,Italy,Odeon,3C 054 - 18011,Vinyl / LP | Album,"Jazz, Pop","Disco, Easy Listening",Stranieri,https://www.discogs.com/release/5550830-Andy-Bono-Playtheque-2,,,
Andy Bono,Anima Mia,A6,3:32,Playtheque 2,1974,Italy,Odeon,3C 054 - 18011,Vinyl / LP | Album,"Jazz, Pop","Disco, Easy Listening",Stranieri,https://www.discogs.com/release/5550830-Andy-Bono-Playtheque-2,,,
Andy Bono,Rimani,B1,4:00,Playtheque 2,1974,Italy,Odeon,3C 054 - 18011,Vinyl / LP | Album,"Jazz, Pop","Disco, Easy Listening",Stranieri,https://www.discogs.com/release/5550830-Andy-Bono-Playtheque-2,,,
Andy Bono,I Don't Know How To Love Him,B2,3:22,Playtheque 2,1974,Italy,Odeon,3C 054 - 18011,Vinyl / LP | Album,"Jazz, Pop","Disco, Easy Listening",Stranieri,https://www.discogs.com/release/5550830-Andy-Bono-Playtheque-2,,,
Andy Bono,Non Gioco Più,B3,2:57,Playtheque 2,1974,Italy,Odeon,3C 054 - 18011,Vinyl / LP | Album,"Jazz, Pop","Disco, Easy Listening",Stranieri,https://www.discogs.com/release/5550830-Andy-Bono-Playtheque-2,,,
Andy Bono,Angie,B4,4:28,Playtheque 2,1974,Italy,Odeon,3C 054 - 18011,Vinyl / LP | Album,"Jazz, Pop","Disco, Easy Listening",Stranieri,https://www.discogs.com/release/5550830-Andy-Bono-Playtheque-2,,,
Andy Bono,Sweet Season,B5,3:15,Playtheque 2,1974,Italy,Odeon,3C 054 - 18011,Vinyl / LP | Album,"Jazz, Pop","Disco, Easy Listening",Stranieri,https://www.discogs.com/release/5550830-Andy-Bono-Playtheque-2,,,
Andy Bono,Si-Re-Si-Re-Si-Mi-Si-Mi,B6,2:24,Playtheque 2,1974,Italy,Odeon,3C 054 - 18011,Vinyl / LP | Album,"Jazz, Pop","Disco, Easy Listening",Stranieri,https://www.discogs.com/release/5550830-Andy-Bono-Playtheque-2,,,
Peter Hamilton Orchestra,Viento,A1,3:10,Tango Tango,1976,Italy,Phase 6 Super Stereo,VPAS 939,Vinyl / LP | Album | Stereo | Quadraphonic,"Latin, Pop",Tango,Stranieri,https://www.discogs.com/release/6707047-La-Grande-Orchestra-Di-Peter-Hamilton-Tango-Tango,,,
Peter Hamilton Orchestra,Poema,A2,2:36,Tango Tango,1976,Italy,Phase 6 Super Stereo,VPAS 939,Vinyl / LP | Album | Stereo | Quadraphonic,"Latin, Pop",Tango,Stranieri,https://www.discogs.com/release/6707047-La-Grande-Orchestra-Di-Peter-Hamilton-Tango-Tango,,,
Peter Hamilton Orchestra,Silencio,A3,2:20,Tango Tango,1976,Italy,Phase 6 Super Stereo,VPAS 939,Vinyl / LP | Album | Stereo | Quadraphonic,"Latin, Pop",Tango,Stranieri,https://www.discogs.com/release/6707047-La-Grande-Orchestra-Di-Peter-Hamilton-Tango-Tango,,,
Peter Hamilton Orchestra,Fragrancia,A4,3:37,Tango Tango,1976,Italy,Phase 6 Super Stereo,VPAS 939,Vinyl / LP | Album | Stereo | Quadraphonic,"Latin, Pop",Tango,Stranieri,https://www.discogs.com/release/6707047-La-Grande-Orchestra-Di-Peter-Hamilton-Tango-Tango,,,
Peter Hamilton Orchestra,Jalousie,A5,3:23,Tango Tango,1976,Italy,Phase 6 Super Stereo,VPAS 939,Vinyl / LP | Album | Stereo | Quadraphonic,"Latin, Pop",Tango,Stranieri,https://www.discogs.com/release/6707047-La-Grande-Orchestra-Di-Peter-Hamilton-Tango-Tango,,,
Peter Hamilton Orchestra,Tal Vez La Quiero,A6,2:00,Tango Tango,1976,Italy,Phase 6 Super Stereo,VPAS 939,Vinyl / LP | Album | Stereo | Quadraphonic,"Latin, Pop",Tango,Stranieri,https://www.discogs.com/release/6707047-La-Grande-Orchestra-Di-Peter-Hamilton-Tango-Tango,,,
Peter Hamilton Orchestra,Tango Bolero,B1,3:17,Tango Tango,1976,Italy,Phase 6 Super Stereo,VPAS 939,Vinyl / LP | Album | Stereo | Quadraphonic,"Latin, Pop",Tango,Stranieri,https://www.discogs.com/release/6707047-La-Grande-Orchestra-Di-Peter-Hamilton-Tango-Tango,,,
Peter Hamilton Orchestra,Caminito,B2,2:30,Tango Tango,1976,Italy,Phase 6 Super Stereo,VPAS 939,Vinyl / LP | Album | Stereo | Quadraphonic,"Latin, Pop",Tango,Stranieri,https://www.discogs.com/release/6707047-La-Grande-Orchestra-Di-Peter-Hamilton-Tango-Tango,,,
Peter Hamilton Orchestra,Bandoneon Arrabalero,B3,2:15,Tango Tango,1976,Italy,Phase 6 Super Stereo,VPAS 939,Vinyl / LP | Album | Stereo | Quadraphonic,"Latin, Pop",Tango,Stranieri,https://www.discogs.com/release/6707047-La-Grande-Orchestra-Di-Peter-Hamilton-Tango-Tango,,,
Peter Hamilton Orchestra,Rodriguez Pena,B4,2:36,Tango Tango,1976,Italy,Phase 6 Super Stereo,VPAS 939,Vinyl / LP | Album | Stereo | Quadraphonic,"Latin, Pop",Tango,Stranieri,https://www.discogs.com/release/6707047-La-Grande-Orchestra-Di-Peter-Hamilton-Tango-Tango,,,
Peter Hamilton Orchestra,Ilusion De Cada Dia,B5,3:15,Tango Tango,1976,Italy,Phase 6 Super Stereo,VPAS 939,Vinyl / LP | Album | Stereo | Quadraphonic,"Latin, Pop",Tango,Stranieri,https://www.discogs.com/release/6707047-La-Grande-Orchestra-Di-Peter-Hamilton-Tango-Tango,,,
Peter Hamilton Orchestra,El Ovido,B6,2:28,Tango Tango,1976,Italy,Phase 6 Super Stereo,VPAS 939,Vinyl / LP | Album | Stereo | Quadraphonic,"Latin, Pop",Tango,Stranieri,https://www.discogs.com/release/6707047-La-Grande-Orchestra-Di-Peter-Hamilton-Tango-Tango,,,
Santa Esmeralda,Another Cha-Cha + Cha-Cha Suite,A,14:00,Another Cha-Cha,1979,Italy,Philips,9120 394,Vinyl / LP | Album,Electronic,Disco,Stranieri,https://www.discogs.com/release/2229244-Santa-Esmeralda-Another-Cha-Cha,,,
Santa Esmeralda,Génération,B1,6:40,Another Cha-Cha,1979,Italy,Philips,9120 394,Vinyl / LP | Album,Electronic,Disco,Stranieri,https://www.discogs.com/release/2229244-Santa-Esmeralda-Another-Cha-Cha,,,
Santa Esmeralda,Back To The Beginning,B2,5:40,Another Cha-Cha,1979,Italy,Philips,9120 394,Vinyl / LP | Album,Electronic,Disco,Stranieri,https://www.discogs.com/release/2229244-Santa-Esmeralda-Another-Cha-Cha,,,
Santa Esmeralda,Answer,B3,7:10,Another Cha-Cha,1979,Italy,Philips,9120 394,Vinyl / LP | Album,Electronic,Disco,Stranieri,https://www.discogs.com/release/2229244-Santa-Esmeralda-Another-Cha-Cha,,,
Los Incas,El Condor Pasa,A1,3:43,El Condor Pasa,1982,Italy,Philips,9279 053,Vinyl / LP | Compilation,"Folk, World, & Country","Charanga, Folk",Stranieri,https://www.discogs.com/release/11103052-Los-Incas-El-Condor-Pasa,,El Inca [Arranged By],
Los Incas,Achachau (Folklore Peruviano),A2,2:03,El Condor Pasa,1982,Italy,Philips,9279 053,Vinyl / LP | Compilation,"Folk, World, & Country","Charanga, Folk",Stranieri,https://www.discogs.com/release/11103052-Los-Incas-El-Condor-Pasa,,El Inca [Arranged By],
Los Incas,Risas De Bolivia (danza Del Vento),A3,2:00,El Condor Pasa,1982,Italy,Philips,9279 053,Vinyl / LP | Compilation,"Folk, World, & Country","Charanga, Folk",Stranieri,https://www.discogs.com/release/11103052-Los-Incas-El-Condor-Pasa,,El Inca [Arranged By],
Los Incas,La Bamba,A4,2:44,El Condor Pasa,1982,Italy,Philips,9279 053,Vinyl / LP | Compilation,"Folk, World, & Country","Charanga, Folk",Stranieri,https://www.discogs.com/release/11103052-Los-Incas-El-Condor-Pasa,,El Inca [Arranged By],
Los Incas,Goajira,A5,3:45,El Condor Pasa,1982,Italy,Philips,9279 053,Vinyl / LP | Compilation,"Folk, World, & Country","Charanga, Folk",Stranieri,https://www.discogs.com/release/11103052-Los-Incas-El-Condor-Pasa,,El Inca [Arranged By],
Los Incas,Poussiganga,A6,1:25,El Condor Pasa,1982,Italy,Philips,9279 053,Vinyl / LP | Compilation,"Folk, World, & Country","Charanga, Folk",Stranieri,https://www.discogs.com/release/11103052-Los-Incas-El-Condor-Pasa,,El Inca [Arranged By],
Los Incas,Danza Wipfala (Musica Aymara),A7,2:25,El Condor Pasa,1982,Italy,Philips,9279 053,Vinyl / LP | Compilation,"Folk, World, & Country","Charanga, Folk",Stranieri,https://www.discogs.com/release/11103052-Los-Incas-El-Condor-Pasa,,El Inca [Arranged By],
Los Incas,Guantanamera,B1,3:42,El Condor Pasa,1982,Italy,Philips,9279 053,Vinyl / LP | Compilation,"Folk, World, & Country","Charanga, Folk",Stranieri,https://www.discogs.com/release/11103052-Los-Incas-El-Condor-Pasa,,El Inca [Arranged By],
Los Incas,Los Garceros,B2,2:05,El Condor Pasa,1982,Italy,Philips,9279 053,Vinyl / LP | Compilation,"Folk, World, & Country","Charanga, Folk",Stranieri,https://www.discogs.com/release/11103052-Los-Incas-El-Condor-Pasa,Juan Vicente Torrealba,Juan Vicente Torrealba [Written-By],
Los Incas,"Dos Palomitas, Yaravi Con Fuga Huayno",B3,2:17,El Condor Pasa,1982,Italy,Philips,9279 053,Vinyl / LP | Compilation,"Folk, World, & Country","Charanga, Folk",Stranieri,https://www.discogs.com/release/11103052-Los-Incas-El-Condor-Pasa,,El Inca [Arranged By],
Los Incas,O Cangaceiro,B4,3:38,El Condor Pasa,1982,Italy,Philips,9279 053,Vinyl / LP | Compilation,"Folk, World, & Country","Charanga, Folk",Stranieri,https://www.discogs.com/release/11103052-Los-Incas-El-Condor-Pasa,,Alfredo Ricardo Do Nascimento [Arranged By],
Los Incas,Huayno De La Roca,B5,2:02,El Condor Pasa,1982,Italy,Philips,9279 053,Vinyl / LP | Compilation,"Folk, World, & Country","Charanga, Folk",Stranieri,https://www.discogs.com/release/11103052-Los-Incas-El-Condor-Pasa,Huayno Rumbeado,El Inca [Arranged By] | Huayno Rumbeado [Written-By],
Los Incas,Soccoiman (La Que Me Queira),B6,3:05,El Condor Pasa,1982,Italy,Philips,9279 053,Vinyl / LP | Compilation,"Folk, World, & Country","Charanga, Folk",Stranieri,https://www.discogs.com/release/11103052-Los-Incas-El-Condor-Pasa,Yaravi,El Inca [Arranged By] | Yaravi [Written By],
Los Incas,Llamerada,B7,1:45,El Condor Pasa,1982,Italy,Philips,9279 053,Vinyl / LP | Compilation,"Folk, World, & Country","Charanga, Folk",Stranieri,https://www.discogs.com/release/11103052-Los-Incas-El-Condor-Pasa,Huayno Rumbeado,El Inca [Arranged By] | Huayno Rumbeado [Written-By],
James Last,Part A1 To A3,,,Non Stop Dancing 1972,1971,Italy,Polydor,2371 189 L,Vinyl / LP | Album | Partially Mixed,"Rock, Funk / Soul, Pop","Disco, Pop Rock, Schlager",Stranieri,https://www.discogs.com/release/6563554-James-Last-Non-Stop-Dancing-1972,,,
James Last,Intro,A1,1:38,Non Stop Dancing 1972,1971,Italy,Polydor,2371 189 L,Vinyl / LP | Album | Partially Mixed,"Rock, Funk / Soul, Pop","Disco, Pop Rock, Schlager",Stranieri,https://www.discogs.com/release/6563554-James-Last-Non-Stop-Dancing-1972,,,
James Last,Co-Co,A2,1:36,Non Stop Dancing 1972,1971,Italy,Polydor,2371 189 L,Vinyl / LP | Album | Partially Mixed,"Rock, Funk / Soul, Pop","Disco, Pop Rock, Schlager",Stranieri,https://www.discogs.com/release/6563554-James-Last-Non-Stop-Dancing-1972,,,
James Last,Saah-Saah-Kumba-Kumba,A3,1:24,Non Stop Dancing 1972,1971,Italy,Polydor,2371 189 L,Vinyl / LP | Album | Partially Mixed,"Rock, Funk / Soul, Pop","Disco, Pop Rock, Schlager",Stranieri,https://www.discogs.com/release/6563554-James-Last-Non-Stop-Dancing-1972,,,
James Last,Part A4 To A6,,,Non Stop Dancing 1972,1971,Italy,Polydor,2371 189 L,Vinyl / LP | Album | Partially Mixed,"Rock, Funk / Soul, Pop","Disco, Pop Rock, Schlager",Stranieri,https://www.discogs.com/release/6563554-James-Last-Non-Stop-Dancing-1972,,,
James Last,Never Ending Song Of Love,A4,1:30,Non Stop Dancing 1972,1971,Italy,Polydor,2371 189 L,Vinyl / LP | Album | Partially Mixed,"Rock, Funk / Soul, Pop","Disco, Pop Rock, Schlager",Stranieri,https://www.discogs.com/release/6563554-James-Last-Non-Stop-Dancing-1972,,,
James Last,Zeig Mir Den Platz An Der Sonne,A5,1:28,Non Stop Dancing 1972,1971,Italy,Polydor,2371 189 L,Vinyl / LP | Album | Partially Mixed,"Rock, Funk / Soul, Pop","Disco, Pop Rock, Schlager",Stranieri,https://www.discogs.com/release/6563554-James-Last-Non-Stop-Dancing-1972,,,
James Last,Butterfly,A6,1:25,Non Stop Dancing 1972,1971,Italy,Polydor,2371 189 L,Vinyl / LP | Album | Partially Mixed,"Rock, Funk / Soul, Pop","Disco, Pop Rock, Schlager",Stranieri,https://www.discogs.com/release/6563554-James-Last-Non-Stop-Dancing-1972,,,
James Last,Part A7 To A9,,,Non Stop Dancing 1972,1971,Italy,Polydor,2371 189 L,Vinyl / LP | Album | Partially Mixed,"Rock, Funk / Soul, Pop","Disco, Pop Rock, Schlager",Stranieri,https://www.discogs.com/release/6563554-James-Last-Non-Stop-Dancing-1972,,,
James Last,Get It On,A7,1:30,Non Stop Dancing 1972,1971,Italy,Polydor,2371 189 L,Vinyl / LP | Album | Partially Mixed,"Rock, Funk / Soul, Pop","Disco, Pop Rock, Schlager",Stranieri,https://www.discogs.com/release/6563554-James-Last-Non-Stop-Dancing-1972,,,
James Last,What Are You Doin' Sunday,A8,0:57,Non Stop Dancing 1972,1971,Italy,Polydor,2371 189 L,Vinyl / LP | Album | Partially Mixed,"Rock, Funk / Soul, Pop","Disco, Pop Rock, Schlager",Stranieri,https://www.discogs.com/release/6563554-James-Last-Non-Stop-Dancing-1972,,,
James Last,Let Your Yeah Be Yeah,A9,1:41,Non Stop Dancing 1972,1971,Italy,Polydor,2371 189 L,Vinyl / LP | Album | Partially Mixed,"Rock, Funk / Soul, Pop","Disco, Pop Rock, Schlager",Stranieri,https://www.discogs.com/release/6563554-James-Last-Non-Stop-Dancing-1972,,,
James Last,Part A10 To A11,,,Non Stop Dancing 1972,1971,Italy,Polydor,2371 189 L,Vinyl / LP | Album | Partially Mixed,"Rock, Funk / Soul, Pop","Disco, Pop Rock, Schlager",Stranieri,https://www.discogs.com/release/6563554-James-Last-Non-Stop-Dancing-1972,,,
James Last,Rainy Days And Mondays,A10,1:41,Non Stop Dancing 1972,1971,Italy,Polydor,2371 189 L,Vinyl / LP | Album | Partially Mixed,"Rock, Funk / Soul, Pop","Disco, Pop Rock, Schlager",Stranieri,https://www.discogs.com/release/6563554-James-Last-Non-Stop-Dancing-1972,,,
James Last,Che Sara,A11,1:41,Non Stop Dancing 1972,1971,Italy,Polydor,2371 189 L,Vinyl / LP | Album | Partially Mixed,"Rock, Funk / Soul, Pop","Disco, Pop Rock, Schlager",Stranieri,https://www.discogs.com/release/6563554-James-Last-Non-Stop-Dancing-1972,,,
James Last,Part A12 To A14,,,Non Stop Dancing 1972,1971,Italy,Polydor,2371 189 L,Vinyl / LP | Album | Partially Mixed,"Rock, Funk / Soul, Pop","Disco, Pop Rock, Schlager",Stranieri,https://www.discogs.com/release/6563554-James-Last-Non-Stop-Dancing-1972,,,
James Last,Sweet Hitch-Hiker,A12,1:28,Non Stop Dancing 1972,1971,Italy,Polydor,2371 189 L,Vinyl / LP | Album | Partially Mixed,"Rock, Funk / Soul, Pop","Disco, Pop Rock, Schlager",Stranieri,https://www.discogs.com/release/6563554-James-Last-Non-Stop-Dancing-1972,,,
James Last,Put Your Hand In The Hand,A13,1:30,Non Stop Dancing 1972,1971,Italy,Polydor,2371 189 L,Vinyl / LP | Album | Partially Mixed,"Rock, Funk / Soul, Pop","Disco, Pop Rock, Schlager",Stranieri,https://www.discogs.com/release/6563554-James-Last-Non-Stop-Dancing-1972,,,
James Last,One Day,A14,1:01,Non Stop Dancing 1972,1971,Italy,Polydor,2371 189 L,Vinyl / LP | Album | Partially Mixed,"Rock, Funk / Soul, Pop","Disco, Pop Rock, Schlager",Stranieri,https://www.discogs.com/release/6563554-James-Last-Non-Stop-Dancing-1972,,,
James Last,Part B1 To B3,,,Non Stop Dancing 1972,1971,Italy,Polydor,2371 189 L,Vinyl / LP | Album | Partially Mixed,"Rock, Funk / Soul, Pop","Disco, Pop Rock, Schlager",Stranieri,https://www.discogs.com/release/6563554-James-Last-Non-Stop-Dancing-1972,,,
James Last,Hey Willy,B1,0:52,Non Stop Dancing 1972,1971,Italy,Polydor,2371 189 L,Vinyl / LP | Album | Partially Mixed,"Rock, Funk / Soul, Pop","Disco, Pop Rock, Schlager",Stranieri,https://www.discogs.com/release/6563554-James-Last-Non-Stop-Dancing-1972,,,
James Last,Tap Turns On The Water,B2,1:42,Non Stop Dancing 1972,1971,Italy,Polydor,2371 189 L,Vinyl / LP | Album | Partially Mixed,"Rock, Funk / Soul, Pop","Disco, Pop Rock, Schlager",Stranieri,https://www.discogs.com/release/6563554-James-Last-Non-Stop-Dancing-1972,,,
James Last,Ten Bananas,B3,1:44,Non Stop Dancing 1972,1971,Italy,Polydor,2371 189 L,Vinyl / LP | Album | Partially Mixed,"Rock, Funk / Soul, Pop","Disco, Pop Rock, Schlager",Stranieri,https://www.discogs.com/release/6563554-James-Last-Non-Stop-Dancing-1972,,,
James Last,Part B4 To B6,,,Non Stop Dancing 1972,1971,Italy,Polydor,2371 189 L,Vinyl / LP | Album | Partially Mixed,"Rock, Funk / Soul, Pop","Disco, Pop Rock, Schlager",Stranieri,https://www.discogs.com/release/6563554-James-Last-Non-Stop-Dancing-1972,,,
James Last,Pour Un Flirt,B4,1:23,Non Stop Dancing 1972,1971,Italy,Polydor,2371 189 L,Vinyl / LP | Album | Partially Mixed,"Rock, Funk / Soul, Pop","Disco, Pop Rock, Schlager",Stranieri,https://www.discogs.com/release/6563554-James-Last-Non-Stop-Dancing-1972,,,
James Last,Tonight,B5,1:25,Non Stop Dancing 1972,1971,Italy,Polydor,2371 189 L,Vinyl / LP | Album | Partially Mixed,"Rock, Funk / Soul, Pop","Disco, Pop Rock, Schlager",Stranieri,https://www.discogs.com/release/6563554-James-Last-Non-Stop-Dancing-1972,,,
James Last,Uncle Albert / Admiral Halsey,B6,1:22,Non Stop Dancing 1972,1971,Italy,Polydor,2371 189 L,Vinyl / LP | Album | Partially Mixed,"Rock, Funk / Soul, Pop","Disco, Pop Rock, Schlager",Stranieri,https://www.discogs.com/release/6563554-James-Last-Non-Stop-Dancing-1972,,,
James Last,Part B7 To B9,,,Non Stop Dancing 1972,1971,Italy,Polydor,2371 189 L,Vinyl / LP | Album | Partially Mixed,"Rock, Funk / Soul, Pop","Disco, Pop Rock, Schlager",Stranieri,https://www.discogs.com/release/6563554-James-Last-Non-Stop-Dancing-1972,,,
James Last,He's Gonna Step On You Again,B7,1:41,Non Stop Dancing 1972,1971,Italy,Polydor,2371 189 L,Vinyl / LP | Album | Partially Mixed,"Rock, Funk / Soul, Pop","Disco, Pop Rock, Schlager",Stranieri,https://www.discogs.com/release/6563554-James-Last-Non-Stop-Dancing-1972,,,
James Last,Tweedle Dee Tweedle Dum,B8,1:35,Non Stop Dancing 1972,1971,Italy,Polydor,2371 189 L,Vinyl / LP | Album | Partially Mixed,"Rock, Funk / Soul, Pop","Disco, Pop Rock, Schlager",Stranieri,https://www.discogs.com/release/6563554-James-Last-Non-Stop-Dancing-1972,,,
James Last,Spanish Harlem,B9,1:25,Non Stop Dancing 1972,1971,Italy,Polydor,2371 189 L,Vinyl / LP | Album | Partially Mixed,"Rock, Funk / Soul, Pop","Disco, Pop Rock, Schlager",Stranieri,https://www.discogs.com/release/6563554-James-Last-Non-Stop-Dancing-1972,,,
James Last,Part B10 To B11,,,Non Stop Dancing 1972,1971,Italy,Polydor,2371 189 L,Vinyl / LP | Album | Partially Mixed,"Rock, Funk / Soul, Pop","Disco, Pop Rock, Schlager",Stranieri,https://www.discogs.com/release/6563554-James-Last-Non-Stop-Dancing-1972,,,
James Last,Music From Across The Way,B10,1:40,Non Stop Dancing 1972,1971,Italy,Polydor,2371 189 L,Vinyl / LP | Album | Partially Mixed,"Rock, Funk / Soul, Pop","Disco, Pop Rock, Schlager",Stranieri,https://www.discogs.com/release/6563554-James-Last-Non-Stop-Dancing-1972,,,
James Last,Ich Zeig Dir Den Sonnenschein,B11,1:34,Non Stop Dancing 1972,1971,Italy,Polydor,2371 189 L,Vinyl / LP | Album | Partially Mixed,"Rock, Funk / Soul, Pop","Disco, Pop Rock, Schlager",Stranieri,https://www.discogs.com/release/6563554-James-Last-Non-Stop-Dancing-1972,,,
James Last,Part B12 To B14,,,Non Stop Dancing 1972,1971,Italy,Polydor,2371 189 L,Vinyl / LP | Album | Partially Mixed,"Rock, Funk / Soul, Pop","Disco, Pop Rock, Schlager",Stranieri,https://www.discogs.com/release/6563554-James-Last-Non-Stop-Dancing-1972,,,
James Last,Loop Di Love,B12,1:20,Non Stop Dancing 1972,1971,Italy,Polydor,2371 189 L,Vinyl / LP | Album | Partially Mixed,"Rock, Funk / Soul, Pop","Disco, Pop Rock, Schlager",Stranieri,https://www.discogs.com/release/6563554-James-Last-Non-Stop-Dancing-1972,,,
James Last,Hello Buddy,B13,1:23,Non Stop Dancing 1972,1971,Italy,Polydor,2371 189 L,Vinyl / LP | Album | Partially Mixed,"Rock, Funk / Soul, Pop","Disco, Pop Rock, Schlager",Stranieri,https://www.discogs.com/release/6563554-James-Last-Non-Stop-Dancing-1972,,,
James Last,Vive L'Amour,B14,1:25,Non Stop Dancing 1972,1971,Italy,Polydor,2371 189 L,Vinyl / LP | Album | Partially Mixed,"Rock, Funk / Soul, Pop","Disco, Pop Rock, Schlager",Stranieri,https://www.discogs.com/release/6563554-James-Last-Non-Stop-Dancing-1972,,,
James Last,Granada,A1,3:51,Olé,1974,Italy,Polydor,2371 384 A,Vinyl / LP | Compilation,"Jazz, Latin","Easy Listening, Big Band, Mambo, Samba, Beguine, Merengue",Stranieri,https://www.discogs.com/release/4527863-James-Last-Olé,Agustin Lara,Agustin Lara [Written-By],
James Last,La Paloma,A2,3:04,Olé,1974,Italy,Polydor,2371 384 A,Vinyl / LP | Compilation,"Jazz, Latin","Easy Listening, Big Band, Mambo, Samba, Beguine, Merengue",Stranieri,https://www.discogs.com/release/4527863-James-Last-Olé,Traditional,James Last [Arranged By] | Traditional [Written-By],
James Last,Cherry Pink And Apple Blossom White,A3,2:45,Olé,1974,Italy,Polydor,2371 384 A,Vinyl / LP | Compilation,"Jazz, Latin","Easy Listening, Big Band, Mambo, Samba, Beguine, Merengue",Stranieri,https://www.discogs.com/release/4527863-James-Last-Olé,Louiguy,Louiguy [Written-By],
James Last,Patricia,A4,2:40,Olé,1974,Italy,Polydor,2371 384 A,Vinyl / LP | Compilation,"Jazz, Latin","Easy Listening, Big Band, Mambo, Samba, Beguine, Merengue",Stranieri,https://www.discogs.com/release/4527863-James-Last-Olé,Perez Prado,Perez Prado [Written-By],
James Last,La Bamba,A5,2:40,Olé,1974,Italy,Polydor,2371 384 A,Vinyl / LP | Compilation,"Jazz, Latin","Easy Listening, Big Band, Mambo, Samba, Beguine, Merengue",Stranieri,https://www.discogs.com/release/4527863-James-Last-Olé,Traditional,James Last [Arranged By] | Traditional [Written-By],
James Last,Tico Tico,A6,3:13,Olé,1974,Italy,Polydor,2371 384 A,Vinyl / LP | Compilation,"Jazz, Latin","Easy Listening, Big Band, Mambo, Samba, Beguine, Merengue",Stranieri,https://www.discogs.com/release/4527863-James-Last-Olé,Zequinha Abreu,Zequinha Abreu [Written-By],
James Last,Brazil,B1,2:44,Olé,1974,Italy,Polydor,2371 384 A,Vinyl / LP | Compilation,"Jazz, Latin","Easy Listening, Big Band, Mambo, Samba, Beguine, Merengue",Stranieri,https://www.discogs.com/release/4527863-James-Last-Olé,Ary Barroso,Ary Barroso [Written-By],
James Last,Amapola,B2,3:00,Olé,1974,Italy,Polydor,2371 384 A,Vinyl / LP | Compilation,"Jazz, Latin","Easy Listening, Big Band, Mambo, Samba, Beguine, Merengue",Stranieri,https://www.discogs.com/release/4527863-James-Last-Olé,Albert Gamse | José María Lacalle,Albert Gamse [Written-By] | José María Lacalle [Written-By],
James Last,Amor Amor,B3,2:32,Olé,1974,Italy,Polydor,2371 384 A,Vinyl / LP | Compilation,"Jazz, Latin","Easy Listening, Big Band, Mambo, Samba, Beguine, Merengue",Stranieri,https://www.discogs.com/release/4527863-James-Last-Olé,Gabriel Ruiz | Sunny Skylar,Gabriel Ruiz [Written-By] | Sunny Skylar [Written-By],
James Last,Delicado,B4,3:03,Olé,1974,Italy,Polydor,2371 384 A,Vinyl / LP | Compilation,"Jazz, Latin","Easy Listening, Big Band, Mambo, Samba, Beguine, Merengue",Stranieri,https://www.discogs.com/release/4527863-James-Last-Olé,Waldir Azevedo,Waldir Azevedo [Written-By],
James Last,O' Canganceiro (The Bandit),B5,3:30,Olé,1974,Italy,Polydor,2371 384 A,Vinyl / LP | Compilation,"Jazz, Latin","Easy Listening, Big Band, Mambo, Samba, Beguine, Merengue",Stranieri,https://www.discogs.com/release/4527863-James-Last-Olé,Alfredo Ricardo Do Nascimento,Alfredo Ricardo Do Nascimento [Written-By],
James Last,Carmen 68,B6,2:05,Olé,1974,Italy,Polydor,2371 384 A,Vinyl / LP | Compilation,"Jazz, Latin","Easy Listening, Big Band, Mambo, Samba, Beguine, Merengue",Stranieri,https://www.discogs.com/release/4527863-James-Last-Olé,,James Last [Arranged By] | Georges Bizet [Composed By],
James Last Company,I Can See Clearly Now,A1,2:48,Beachparty 6,1975,Italy,Polydor,2371 585 A,Vinyl / LP | Stereo,Pop,"Ballad, Schlager",Stranieri,https://www.discogs.com/release/9617889-James-Last-Company-Beachparty-6,,,
James Last Company,Dunrobins Gone,A2,3:09,Beachparty 6,1975,Italy,Polydor,2371 585 A,Vinyl / LP | Stereo,Pop,"Ballad, Schlager",Stranieri,https://www.discogs.com/release/9617889-James-Last-Company-Beachparty-6,,,
James Last Company,Have You Never Been Mellow,A3,3:23,Beachparty 6,1975,Italy,Polydor,2371 585 A,Vinyl / LP | Stereo,Pop,"Ballad, Schlager",Stranieri,https://www.discogs.com/release/9617889-James-Last-Company-Beachparty-6,,,
James Last Company,The Boxer,A4,5:31,Beachparty 6,1975,Italy,Polydor,2371 585 A,Vinyl / LP | Stereo,Pop,"Ballad, Schlager",Stranieri,https://www.discogs.com/release/9617889-James-Last-Company-Beachparty-6,,,
James Last Company,The Best Of My Love,A5,3:51,Beachparty 6,1975,Italy,Polydor,2371 585 A,Vinyl / LP | Stereo,Pop,"Ballad, Schlager",Stranieri,https://www.discogs.com/release/9617889-James-Last-Company-Beachparty-6,,,
James Last Company,Only You Can,A6,2:39,Beachparty 6,1975,Italy,Polydor,2371 585 A,Vinyl / LP | Stereo,Pop,"Ballad, Schlager",Stranieri,https://www.discogs.com/release/9617889-James-Last-Company-Beachparty-6,,,
James Last Company,Lu-Le-La,B1,2:58,Beachparty 6,1975,Italy,Polydor,2371 585 A,Vinyl / LP | Stereo,Pop,"Ballad, Schlager",Stranieri,https://www.discogs.com/release/9617889-James-Last-Company-Beachparty-6,,,
James Last Company,Silver Dagger,B2,4:49,Beachparty 6,1975,Italy,Polydor,2371 585 A,Vinyl / LP | Stereo,Pop,"Ballad, Schlager",Stranieri,https://www.discogs.com/release/9617889-James-Last-Company-Beachparty-6,,,
James Last Company,Guava Jelly,B3,3:11,Beachparty 6,1975,Italy,Polydor,2371 585 A,Vinyl / LP | Stereo,Pop,"Ballad, Schlager",Stranieri,https://www.discogs.com/release/9617889-James-Last-Company-Beachparty-6,,,
James Last Company,Freedom Day,B4,4:28,Beachparty 6,1975,Italy,Polydor,2371 585 A,Vinyl / LP | Stereo,Pop,"Ballad, Schlager",Stranieri,https://www.discogs.com/release/9617889-James-Last-Company-Beachparty-6,,,
James Last Company,The Night They Drove Old Dixie Down,B5,3:36,Beachparty 6,1975,Italy,Polydor,2371 585 A,Vinyl / LP | Stereo,Pop,"Ballad, Schlager",Stranieri,https://www.discogs.com/release/9617889-James-Last-Company-Beachparty-6,,,
James Last Company,Sorry,B6,3:40,Beachparty 6,1975,Italy,Polydor,2371 585 A,Vinyl / LP | Stereo,Pop,"Ballad, Schlager",Stranieri,https://www.discogs.com/release/9617889-James-Last-Company-Beachparty-6,,,
Vangelis,Hymne,A1,2:44,Opera Sauvage,1981,Italy,Polydor,2490 161,Vinyl / LP | Album,"Electronic, Stage & Screen","Soundtrack, Modern Classical, Ambient",Stranieri,https://www.discogs.com/release/2890049-Vangelis-Opera-Sauvage,,,
Vangelis,Rêve,A2,12:36,Opera Sauvage,1981,Italy,Polydor,2490 161,Vinyl / LP | Album,"Electronic, Stage & Screen","Soundtrack, Modern Classical, Ambient",Stranieri,https://www.discogs.com/release/2890049-Vangelis-Opera-Sauvage,,,
Vangelis,L'Enfant,A3,5:00,Opera Sauvage,1981,Italy,Polydor,2490 161,Vinyl / LP | Album,"Electronic, Stage & Screen","Soundtrack, Modern Classical, Ambient",Stranieri,https://www.discogs.com/release/2890049-Vangelis-Opera-Sauvage,,,
Vangelis,Mouettes,A4,2:31,Opera Sauvage,1981,Italy,Polydor,2490 161,Vinyl / LP | Album,"Electronic, Stage & Screen","Soundtrack, Modern Classical, Ambient",Stranieri,https://www.discogs.com/release/2890049-Vangelis-Opera-Sauvage,,,
Vangelis,Chromatique,B1,3:27,Opera Sauvage,1981,Italy,Polydor,2490 161,Vinyl / LP | Album,"Electronic, Stage & Screen","Soundtrack, Modern Classical, Ambient",Stranieri,https://www.discogs.com/release/2890049-Vangelis-Opera-Sauvage,,,
Vangelis,Irlande,B2,4:47,Opera Sauvage,1981,Italy,Polydor,2490 161,Vinyl / LP | Album,"Electronic, Stage & Screen","Soundtrack, Modern Classical, Ambient",Stranieri,https://www.discogs.com/release/2890049-Vangelis-Opera-Sauvage,,,
Vangelis,Flamants Roses,B3,11:57,Opera Sauvage,1981,Italy,Polydor,2490 161,Vinyl / LP | Album,"Electronic, Stage & Screen","Soundtrack, Modern Classical, Ambient",Stranieri,https://www.discogs.com/release/2890049-Vangelis-Opera-Sauvage,,Jon Anderson [Harp],
James Last,Medley,,,Non Stop Dancing 1973/2,1973,Italy,"Polydor, Polydor","2371 376 L, 2371376 L",Vinyl / LP | Album | Mixed | Stereo,"Funk / Soul, Pop",,Stranieri,https://www.discogs.com/release/6651669-James-Last-Non-Stop-Dancing-19732,,,
James Last,Medley,,,Non Stop Dancing 1973/2,1973,Italy,"Polydor, Polydor","2371 376 L, 2371376 L",Vinyl / LP | Album | Mixed | Stereo,"Funk / Soul, Pop",,Stranieri,https://www.discogs.com/release/6651669-James-Last-Non-Stop-Dancing-19732,,,
James Last,Medley,,,Non Stop Dancing 1973/2,1973,Italy,"Polydor, Polydor","2371 376 L, 2371376 L",Vinyl / LP | Album | Mixed | Stereo,"Funk / Soul, Pop",,Stranieri,https://www.discogs.com/release/6651669-James-Last-Non-Stop-Dancing-19732,,,
James Last,Medley,,,Non Stop Dancing 1973/2,1973,Italy,"Polydor, Polydor","2371 376 L, 2371376 L",Vinyl / LP | Album | Mixed | Stereo,"Funk / Soul, Pop",,Stranieri,https://www.discogs.com/release/6651669-James-Last-Non-Stop-Dancing-19732,,,
James Last,Medley,,,Non Stop Dancing 1973/2,1973,Italy,"Polydor, Polydor","2371 376 L, 2371376 L",Vinyl / LP | Album | Mixed | Stereo,"Funk / Soul, Pop",,Stranieri,https://www.discogs.com/release/6651669-James-Last-Non-Stop-Dancing-19732,,,
James Last,Medley,,,Non Stop Dancing 1973/2,1973,Italy,"Polydor, Polydor","2371 376 L, 2371376 L",Vinyl / LP | Album | Mixed | Stereo,"Funk / Soul, Pop",,Stranieri,https://www.discogs.com/release/6651669-James-Last-Non-Stop-Dancing-19732,,,
James Last,Medley,,,Non Stop Dancing 1973/2,1973,Italy,"Polydor, Polydor","2371 376 L, 2371376 L",Vinyl / LP | Album | Mixed | Stereo,"Funk / Soul, Pop",,Stranieri,https://www.discogs.com/release/6651669-James-Last-Non-Stop-Dancing-19732,,,
James Last,Medley,,,Non Stop Dancing 1973/2,1973,Italy,"Polydor, Polydor","2371 376 L, 2371376 L",Vinyl / LP | Album | Mixed | Stereo,"Funk / Soul, Pop",,Stranieri,https://www.discogs.com/release/6651669-James-Last-Non-Stop-Dancing-19732,,,
James Last,Medley,,,Non Stop Dancing 1973/2,1973,Italy,"Polydor, Polydor","2371 376 L, 2371376 L",Vinyl / LP | Album | Mixed | Stereo,"Funk / Soul, Pop",,Stranieri,https://www.discogs.com/release/6651669-James-Last-Non-Stop-Dancing-19732,,,
James Last,Medley,,,Non Stop Dancing 1973/2,1973,Italy,"Polydor, Polydor","2371 376 L, 2371376 L",Vinyl / LP | Album | Mixed | Stereo,"Funk / Soul, Pop",,Stranieri,https://www.discogs.com/release/6651669-James-Last-Non-Stop-Dancing-19732,,,
Afrika Bambaataa,Electro Funk Express (Alma Matris Fu(?)k Rmx),A1,5:52,Electro Funk Express,1999,Italy,PRG (Progressive Motion Records),PRG7129,"Vinyl / 12""",Electronic,Trance,Stranieri,https://www.discogs.com/release/1863952-Afrika-Bambaataa-Electro-Funk-Express,,Alma Matris [Remix],
Afrika Bambaataa,Electro Funk Express (Alma Matris Radio Edit),A2,3:24,Electro Funk Express,1999,Italy,PRG (Progressive Motion Records),PRG7129,"Vinyl / 12""",Electronic,Trance,Stranieri,https://www.discogs.com/release/1863952-Afrika-Bambaataa-Electro-Funk-Express,,Alma Matris [Remix],
Afrika Bambaataa,Electro Funk Express (Techno Club Rmx),B1,7:49,Electro Funk Express,1999,Italy,PRG (Progressive Motion Records),PRG7129,"Vinyl / 12""",Electronic,Trance,Stranieri,https://www.discogs.com/release/1863952-Afrika-Bambaataa-Electro-Funk-Express,,Einstein Doctor DJ [Remix] | Work 2 Force [Remix],
Afrika Bambaataa,Electro Funk Express (NRG Instrumental),B2,6:20,Electro Funk Express,1999,Italy,PRG (Progressive Motion Records),PRG7129,"Vinyl / 12""",Electronic,Trance,Stranieri,https://www.discogs.com/release/1863952-Afrika-Bambaataa-Electro-Funk-Express,,Einstein Doctor DJ [Remix] | Work 2 Force [Remix],
Deep Purple,Highway Star,A1,,Made In Japan,1972,Australia,Purple Records,TPSP 351,Vinyl / LP | Album / Gatefold,Rock,Hard Rock,Stranieri,https://www.discogs.com/release/1480123-Deep-Purple-Made-In-Japan,,,
Deep Purple,Child In Time,A2,,Made In Japan,1972,Australia,Purple Records,TPSP 351,Vinyl / LP | Album / Gatefold,Rock,Hard Rock,Stranieri,https://www.discogs.com/release/1480123-Deep-Purple-Made-In-Japan,,,
Deep Purple,Smoke On The Water,B1,,Made In Japan,1972,Australia,Purple Records,TPSP 351,Vinyl / LP | Album / Gatefold,Rock,Hard Rock,Stranieri,https://www.discogs.com/release/1480123-Deep-Purple-Made-In-Japan,,,
Deep Purple,The Mule,B2,,Made In Japan,1972,Australia,Purple Records,TPSP 351,Vinyl / LP | Album / Gatefold,Rock,Hard Rock,Stranieri,https://www.discogs.com/release/1480123-Deep-Purple-Made-In-Japan,,,
Deep Purple,Strange Kind Of Woman,C1,,Made In Japan,1972,Australia,Purple Records,TPSP 351,Vinyl / LP | Album / Gatefold,Rock,Hard Rock,Stranieri,https://www.discogs.com/release/1480123-Deep-Purple-Made-In-Japan,,,
Deep Purple,Lazy,C2,,Made In Japan,1972,Australia,Purple Records,TPSP 351,Vinyl / LP | Album / Gatefold,Rock,Hard Rock,Stranieri,https://www.discogs.com/release/1480123-Deep-Purple-Made-In-Japan,,,
Deep Purple,Space Truckin',D,,Made In Japan,1972,Australia,Purple Records,TPSP 351,Vinyl / LP | Album / Gatefold,Rock,Hard Rock,Stranieri,https://www.discogs.com/release/1480123-Deep-Purple-Made-In-Japan,,,
Bob Mitchell And His Orchestra,True Fine Mama,A1,2:37,The Rock 'N' Roll Story Vol. 2,1973,Italy,Quadrifoglio International,VDS 270,Vinyl / LP | Stereo,"Rock, Funk / Soul","Rock & Roll, Soul, Rhythm & Blues",Stranieri,https://www.discogs.com/release/5379545-Bob-Mitchell-Orchestra-The-Rock-N-Roll-Story-Vol-2,John Marascalco | Richard Penniman,John Marascalco [Written-By] | Richard Penniman [Written-By],
Bob Mitchell And His Orchestra,Love Letters,A2,2:49,The Rock 'N' Roll Story Vol. 2,1973,Italy,Quadrifoglio International,VDS 270,Vinyl / LP | Stereo,"Rock, Funk / Soul","Rock & Roll, Soul, Rhythm & Blues",Stranieri,https://www.discogs.com/release/5379545-Bob-Mitchell-Orchestra-The-Rock-N-Roll-Story-Vol-2,Edward Heyman | Victor Young,Edward Heyman [Written-By] | Victor Young [Written-By],
Bob Mitchell And His Orchestra,Walk The Track,A3,2:21,The Rock 'N' Roll Story Vol. 2,1973,Italy,Quadrifoglio International,VDS 270,Vinyl / LP | Stereo,"Rock, Funk / Soul","Rock & Roll, Soul, Rhythm & Blues",Stranieri,https://www.discogs.com/release/5379545-Bob-Mitchell-Orchestra-The-Rock-N-Roll-Story-Vol-2,Ian Dee,Ian Dee [Written-By],
Bob Mitchell And His Orchestra,Matchbox,A4,2:30,The Rock 'N' Roll Story Vol. 2,1973,Italy,Quadrifoglio International,VDS 270,Vinyl / LP | Stereo,"Rock, Funk / Soul","Rock & Roll, Soul, Rhythm & Blues",Stranieri,https://www.discogs.com/release/5379545-Bob-Mitchell-Orchestra-The-Rock-N-Roll-Story-Vol-2,Carl Perkins,Carl Perkins [Written-By],
Bob Mitchell And His Orchestra,Long Tall Sally,A5,2:09,The Rock 'N' Roll Story Vol. 2,1973,Italy,Quadrifoglio International,VDS 270,Vinyl / LP | Stereo,"Rock, Funk / Soul","Rock & Roll, Soul, Rhythm & Blues",Stranieri,https://www.discogs.com/release/5379545-Bob-Mitchell-Orchestra-The-Rock-N-Roll-Story-Vol-2,Enotris Johnson | Richard Penniman,Enotris Johnson [Written-By] | Richard Penniman [Written-By],
Bob Mitchell And His Orchestra,Sweet Little Sixteen,A6,3:08,The Rock 'N' Roll Story Vol. 2,1973,Italy,Quadrifoglio International,VDS 270,Vinyl / LP | Stereo,"Rock, Funk / Soul","Rock & Roll, Soul, Rhythm & Blues",Stranieri,https://www.discogs.com/release/5379545-Bob-Mitchell-Orchestra-The-Rock-N-Roll-Story-Vol-2,Chuck Berry,Chuck Berry [Written-By],
Bob Mitchell And His Orchestra,What'd I Say,B1,4:08,The Rock 'N' Roll Story Vol. 2,1973,Italy,Quadrifoglio International,VDS 270,Vinyl / LP | Stereo,"Rock, Funk / Soul","Rock & Roll, Soul, Rhythm & Blues",Stranieri,https://www.discogs.com/release/5379545-Bob-Mitchell-Orchestra-The-Rock-N-Roll-Story-Vol-2,Ray Charles,Ray Charles [Written-By],
Bob Mitchell And His Orchestra,Somethin' Else,B2,2:00,The Rock 'N' Roll Story Vol. 2,1973,Italy,Quadrifoglio International,VDS 270,Vinyl / LP | Stereo,"Rock, Funk / Soul","Rock & Roll, Soul, Rhythm & Blues",Stranieri,https://www.discogs.com/release/5379545-Bob-Mitchell-Orchestra-The-Rock-N-Roll-Story-Vol-2,Bob Cochran | Shari Sheeley,Bob Cochran [Written-By] | Shari Sheeley [Written-By],
Bob Mitchell And His Orchestra,Great Balls Of Fire,B3,1:40,The Rock 'N' Roll Story Vol. 2,1973,Italy,Quadrifoglio International,VDS 270,Vinyl / LP | Stereo,"Rock, Funk / Soul","Rock & Roll, Soul, Rhythm & Blues",Stranieri,https://www.discogs.com/release/5379545-Bob-Mitchell-Orchestra-The-Rock-N-Roll-Story-Vol-2,Jack Hammer | Otis Blackwell,Jack Hammer [Written-By] | Otis Blackwell [Written-By],
Bob Mitchell And His Orchestra,"Hallelujah, I Love Her So",B4,2:13,The Rock 'N' Roll Story Vol. 2,1973,Italy,Quadrifoglio International,VDS 270,Vinyl / LP | Stereo,"Rock, Funk / Soul","Rock & Roll, Soul, Rhythm & Blues",Stranieri,https://www.discogs.com/release/5379545-Bob-Mitchell-Orchestra-The-Rock-N-Roll-Story-Vol-2,Ray Charles,Ray Charles [Written-By],
Bob Mitchell And His Orchestra,Hi Heel Sneakers,B5,3:09,The Rock 'N' Roll Story Vol. 2,1973,Italy,Quadrifoglio International,VDS 270,Vinyl / LP | Stereo,"Rock, Funk / Soul","Rock & Roll, Soul, Rhythm & Blues",Stranieri,https://www.discogs.com/release/5379545-Bob-Mitchell-Orchestra-The-Rock-N-Roll-Story-Vol-2,Robert Higginbotham,Robert Higginbotham [Written-By],
Bob Mitchell And His Orchestra,Money,B6,2:25,The Rock 'N' Roll Story Vol. 2,1973,Italy,Quadrifoglio International,VDS 270,Vinyl / LP | Stereo,"Rock, Funk / Soul","Rock & Roll, Soul, Rhythm & Blues",Stranieri,https://www.discogs.com/release/5379545-Bob-Mitchell-Orchestra-The-Rock-N-Roll-Story-Vol-2,Berry Gordy | Janie Bradford,Berry Gordy [Written-By] | Janie Bradford [Written-By],
"Oscar Valdambrini, The poppy pops",Pop Corn,A1,2:30,Intercontinental Pop,1973,Italy,Quadrifoglio International,VDS 268,Vinyl / LP | Album | Stereo,"Jazz, Rock, Latin, Pop, Folk, World, & Country",,Stranieri,https://www.discogs.com/release/3793296-Oscar-Valdambrini-And-The-Poppy-Pops-Intercontinental-Pop,,,
"Oscar Valdambrini, The poppy pops",My Reason,A2,2:20,Intercontinental Pop,1973,Italy,Quadrifoglio International,VDS 268,Vinyl / LP | Album | Stereo,"Jazz, Rock, Latin, Pop, Folk, World, & Country",,Stranieri,https://www.discogs.com/release/3793296-Oscar-Valdambrini-And-The-Poppy-Pops-Intercontinental-Pop,,,
"Oscar Valdambrini, The poppy pops",Na Ja Ta Ta,A3,2:34,Intercontinental Pop,1973,Italy,Quadrifoglio International,VDS 268,Vinyl / LP | Album | Stereo,"Jazz, Rock, Latin, Pop, Folk, World, & Country",,Stranieri,https://www.discogs.com/release/3793296-Oscar-Valdambrini-And-The-Poppy-Pops-Intercontinental-Pop,,,
"Oscar Valdambrini, The poppy pops",Bate Papo,A4,2:36,Intercontinental Pop,1973,Italy,Quadrifoglio International,VDS 268,Vinyl / LP | Album | Stereo,"Jazz, Rock, Latin, Pop, Folk, World, & Country",,Stranieri,https://www.discogs.com/release/3793296-Oscar-Valdambrini-And-The-Poppy-Pops-Intercontinental-Pop,,,
"Oscar Valdambrini, The poppy pops",Happy Love,A5,2:36,Intercontinental Pop,1973,Italy,Quadrifoglio International,VDS 268,Vinyl / LP | Album | Stereo,"Jazz, Rock, Latin, Pop, Folk, World, & Country",,Stranieri,https://www.discogs.com/release/3793296-Oscar-Valdambrini-And-The-Poppy-Pops-Intercontinental-Pop,,,
"Oscar Valdambrini, The poppy pops",Broken-Hearted Doll (Bambola Triste),A6,2:08,Intercontinental Pop,1973,Italy,Quadrifoglio International,VDS 268,Vinyl / LP | Album | Stereo,"Jazz, Rock, Latin, Pop, Folk, World, & Country",,Stranieri,https://www.discogs.com/release/3793296-Oscar-Valdambrini-And-The-Poppy-Pops-Intercontinental-Pop,,,
"Oscar Valdambrini, The poppy pops",El Condor Pasa,B1,2:30,Intercontinental Pop,1973,Italy,Quadrifoglio International,VDS 268,Vinyl / LP | Album | Stereo,"Jazz, Rock, Latin, Pop, Folk, World, & Country",,Stranieri,https://www.discogs.com/release/3793296-Oscar-Valdambrini-And-The-Poppy-Pops-Intercontinental-Pop,,,
"Oscar Valdambrini, The poppy pops",Women In Love,B2,2:18,Intercontinental Pop,1973,Italy,Quadrifoglio International,VDS 268,Vinyl / LP | Album | Stereo,"Jazz, Rock, Latin, Pop, Folk, World, & Country",,Stranieri,https://www.discogs.com/release/3793296-Oscar-Valdambrini-And-The-Poppy-Pops-Intercontinental-Pop,,,
"Oscar Valdambrini, The poppy pops",La Bamba,B3,2:21,Intercontinental Pop,1973,Italy,Quadrifoglio International,VDS 268,Vinyl / LP | Album | Stereo,"Jazz, Rock, Latin, Pop, Folk, World, & Country",,Stranieri,https://www.discogs.com/release/3793296-Oscar-Valdambrini-And-The-Poppy-Pops-Intercontinental-Pop,,,
"Oscar Valdambrini, The poppy pops",Zoo Beat,B4,2:30,Intercontinental Pop,1973,Italy,Quadrifoglio International,VDS 268,Vinyl / LP | Album | Stereo,"Jazz, Rock, Latin, Pop, Folk, World, & Country",,Stranieri,https://www.discogs.com/release/3793296-Oscar-Valdambrini-And-The-Poppy-Pops-Intercontinental-Pop,,,
"Oscar Valdambrini, The poppy pops",Guajira,B5,2:30,Intercontinental Pop,1973,Italy,Quadrifoglio International,VDS 268,Vinyl / LP | Album | Stereo,"Jazz, Rock, Latin, Pop, Folk, World, & Country",,Stranieri,https://www.discogs.com/release/3793296-Oscar-Valdambrini-And-The-Poppy-Pops-Intercontinental-Pop,,,
"Oscar Valdambrini, The poppy pops",You And Me,B6,2:24,Intercontinental Pop,1973,Italy,Quadrifoglio International,VDS 268,Vinyl / LP | Album | Stereo,"Jazz, Rock, Latin, Pop, Folk, World, & Country",,Stranieri,https://www.discogs.com/release/3793296-Oscar-Valdambrini-And-The-Poppy-Pops-Intercontinental-Pop,,,
Los Indios Tabajaras,Anonimo Veneziano,A1,2:27,16 All-Time Film Favorites,1977,Italy,RCA,NL 47302,Vinyl / LP | Compilation | Stereo,"Jazz, Latin, Stage & Screen","Easy Listening, Soundtrack",Stranieri,https://www.discogs.com/release/5087256-Los-Indios-Tabajaras-16-All-Time-Film-Favorites,Stelvio Cipriani,Stelvio Cipriani [Written-By],
Los Indios Tabajaras,The Way We Were,A2,2:20,16 All-Time Film Favorites,1977,Italy,RCA,NL 47302,Vinyl / LP | Compilation | Stereo,"Jazz, Latin, Stage & Screen","Easy Listening, Soundtrack",Stranieri,https://www.discogs.com/release/5087256-Los-Indios-Tabajaras-16-All-Time-Film-Favorites,Alan & Marilyn Bergman | Marvin Hamlisch,Alan & Marilyn Bergman [Written-By] | Marvin Hamlisch [Written-By],
Los Indios Tabajaras,Love Story,A3,2:19,16 All-Time Film Favorites,1977,Italy,RCA,NL 47302,Vinyl / LP | Compilation | Stereo,"Jazz, Latin, Stage & Screen","Easy Listening, Soundtrack",Stranieri,https://www.discogs.com/release/5087256-Los-Indios-Tabajaras-16-All-Time-Film-Favorites,Francis Lai,Francis Lai [Written-By],
Los Indios Tabajaras,More,A4,2:26,16 All-Time Film Favorites,1977,Italy,RCA,NL 47302,Vinyl / LP | Compilation | Stereo,"Jazz, Latin, Stage & Screen","Easy Listening, Soundtrack",Stranieri,https://www.discogs.com/release/5087256-Los-Indios-Tabajaras-16-All-Time-Film-Favorites,Nino Oliviero | Riz Ortolani,Nino Oliviero [Written-By] | Riz Ortolani [Written-By],
Los Indios Tabajaras,Love Said Goodbye,A5,2:37,16 All-Time Film Favorites,1977,Italy,RCA,NL 47302,Vinyl / LP | Compilation | Stereo,"Jazz, Latin, Stage & Screen","Easy Listening, Soundtrack",Stranieri,https://www.discogs.com/release/5087256-Los-Indios-Tabajaras-16-All-Time-Film-Favorites,Nino Rota,Nino Rota [Written-By],
Los Indios Tabajaras,As Time Goes By,A6,2:31,16 All-Time Film Favorites,1977,Italy,RCA,NL 47302,Vinyl / LP | Compilation | Stereo,"Jazz, Latin, Stage & Screen","Easy Listening, Soundtrack",Stranieri,https://www.discogs.com/release/5087256-Los-Indios-Tabajaras-16-All-Time-Film-Favorites,Herman Hupfeld,Herman Hupfeld [Written-By],
Los Indios Tabajaras,"Theme From ""A Summer Place""",A7,2:37,16 All-Time Film Favorites,1977,Italy,RCA,NL 47302,Vinyl / LP | Compilation | Stereo,"Jazz, Latin, Stage & Screen","Easy Listening, Soundtrack",Stranieri,https://www.discogs.com/release/5087256-Los-Indios-Tabajaras-16-All-Time-Film-Favorites,Max Steiner,Max Steiner [Written-By],
Los Indios Tabajaras,The 3rd Man Theme,A8,2:03,16 All-Time Film Favorites,1977,Italy,RCA,NL 47302,Vinyl / LP | Compilation | Stereo,"Jazz, Latin, Stage & Screen","Easy Listening, Soundtrack",Stranieri,https://www.discogs.com/release/5087256-Los-Indios-Tabajaras-16-All-Time-Film-Favorites,Anton Karas,Anton Karas [Written-By],
Los Indios Tabajaras,The Green Leaves Of Summer,B1,2:28,16 All-Time Film Favorites,1977,Italy,RCA,NL 47302,Vinyl / LP | Compilation | Stereo,"Jazz, Latin, Stage & Screen","Easy Listening, Soundtrack",Stranieri,https://www.discogs.com/release/5087256-Los-Indios-Tabajaras-16-All-Time-Film-Favorites,Dimitri Tiomkin | Paul Francis Webster,Dimitri Tiomkin [Written-By] | Paul Francis Webster [Written-By],
Los Indios Tabajaras,The High And The Mighty,B2,2:14,16 All-Time Film Favorites,1977,Italy,RCA,NL 47302,Vinyl / LP | Compilation | Stereo,"Jazz, Latin, Stage & Screen","Easy Listening, Soundtrack",Stranieri,https://www.discogs.com/release/5087256-Los-Indios-Tabajaras-16-All-Time-Film-Favorites,Dimitri Tiomkin | Ned Washington,Dimitri Tiomkin [Written-By] | Ned Washington [Written-By],
Los Indios Tabajaras,"Somewhere , My Love",B3,2:57,16 All-Time Film Favorites,1977,Italy,RCA,NL 47302,Vinyl / LP | Compilation | Stereo,"Jazz, Latin, Stage & Screen","Easy Listening, Soundtrack",Stranieri,https://www.discogs.com/release/5087256-Los-Indios-Tabajaras-16-All-Time-Film-Favorites,Maurice Jarre | Paul Francis Webster,Maurice Jarre [Written-By] | Paul Francis Webster [Written-By],
Los Indios Tabajaras,I Will Wait For You,B4,2:20,16 All-Time Film Favorites,1977,Italy,RCA,NL 47302,Vinyl / LP | Compilation | Stereo,"Jazz, Latin, Stage & Screen","Easy Listening, Soundtrack",Stranieri,https://www.discogs.com/release/5087256-Los-Indios-Tabajaras-16-All-Time-Film-Favorites,Michel Legrand | Norman Gimbel,Michel Legrand [Written-By] | Norman Gimbel [Written-By],
Los Indios Tabajaras,Love Is A Many Splendored Thing,B5,2:20,16 All-Time Film Favorites,1977,Italy,RCA,NL 47302,Vinyl / LP | Compilation | Stereo,"Jazz, Latin, Stage & Screen","Easy Listening, Soundtrack",Stranieri,https://www.discogs.com/release/5087256-Los-Indios-Tabajaras-16-All-Time-Film-Favorites,Paul Francis Webster | Sammy Fain,Paul Francis Webster [Written-By] | Sammy Fain [Written-By],
Los Indios Tabajaras,Secret Love,B6,3:26,16 All-Time Film Favorites,1977,Italy,RCA,NL 47302,Vinyl / LP | Compilation | Stereo,"Jazz, Latin, Stage & Screen","Easy Listening, Soundtrack",Stranieri,https://www.discogs.com/release/5087256-Los-Indios-Tabajaras-16-All-Time-Film-Favorites,Paul Francis Webster | Sammy Fain,Paul Francis Webster [Written-By] | Sammy Fain [Written-By],
Los Indios Tabajaras,"Song From ""Moulin Rouge""",B7,2:00,16 All-Time Film Favorites,1977,Italy,RCA,NL 47302,Vinyl / LP | Compilation | Stereo,"Jazz, Latin, Stage & Screen","Easy Listening, Soundtrack",Stranieri,https://www.discogs.com/release/5087256-Los-Indios-Tabajaras-16-All-Time-Film-Favorites,Georges Auric,Georges Auric [Written-By],
Los Indios Tabajaras,Romance De Amor,B8,,16 All-Time Film Favorites,1977,Italy,RCA,NL 47302,Vinyl / LP | Compilation | Stereo,"Jazz, Latin, Stage & Screen","Easy Listening, Soundtrack",Stranieri,https://www.discogs.com/release/5087256-Los-Indios-Tabajaras-16-All-Time-Film-Favorites,Vicente Gomez,Vicente Gomez [Written-By],
Perez Prado,Patricia,A1,,The Fabulous Perez Prado,1976,Italy,"RCA, RCA","TNL1-7305, TNL1 7305",Vinyl / LP | Compilation,Latin,"Afro-Cuban, Mambo",Stranieri,https://www.discogs.com/release/5081283-Perez-Prado-The-Fabulous-Perez-Prado,,,
Perez Prado,Cu-Cu-Rru-Cu-Cu Paloma,A2,,The Fabulous Perez Prado,1976,Italy,"RCA, RCA","TNL1-7305, TNL1 7305",Vinyl / LP | Compilation,Latin,"Afro-Cuban, Mambo",Stranieri,https://www.discogs.com/release/5081283-Perez-Prado-The-Fabulous-Perez-Prado,,,
Perez Prado,Mambo N.5,A3,,The Fabulous Perez Prado,1976,Italy,"RCA, RCA","TNL1-7305, TNL1 7305",Vinyl / LP | Compilation,Latin,"Afro-Cuban, Mambo",Stranieri,https://www.discogs.com/release/5081283-Perez-Prado-The-Fabulous-Perez-Prado,,,
Perez Prado,Ciliegi Rosa,A4,,The Fabulous Perez Prado,1976,Italy,"RCA, RCA","TNL1-7305, TNL1 7305",Vinyl / LP | Compilation,Latin,"Afro-Cuban, Mambo",Stranieri,https://www.discogs.com/release/5081283-Perez-Prado-The-Fabulous-Perez-Prado,,,
Perez Prado,Guaglione,A5,,The Fabulous Perez Prado,1976,Italy,"RCA, RCA","TNL1-7305, TNL1 7305",Vinyl / LP | Compilation,Latin,"Afro-Cuban, Mambo",Stranieri,https://www.discogs.com/release/5081283-Perez-Prado-The-Fabulous-Perez-Prado,,,
Perez Prado,My Roberta,A6,,The Fabulous Perez Prado,1976,Italy,"RCA, RCA","TNL1-7305, TNL1 7305",Vinyl / LP | Compilation,Latin,"Afro-Cuban, Mambo",Stranieri,https://www.discogs.com/release/5081283-Perez-Prado-The-Fabulous-Perez-Prado,,,
Perez Prado,Mambo N.8,B1,,The Fabulous Perez Prado,1976,Italy,"RCA, RCA","TNL1-7305, TNL1 7305",Vinyl / LP | Compilation,Latin,"Afro-Cuban, Mambo",Stranieri,https://www.discogs.com/release/5081283-Perez-Prado-The-Fabulous-Perez-Prado,,,
Perez Prado,Historia De Un Amor,B2,,The Fabulous Perez Prado,1976,Italy,"RCA, RCA","TNL1-7305, TNL1 7305",Vinyl / LP | Compilation,Latin,"Afro-Cuban, Mambo",Stranieri,https://www.discogs.com/release/5081283-Perez-Prado-The-Fabulous-Perez-Prado,,,
Perez Prado,Why Wait,B3,,The Fabulous Perez Prado,1976,Italy,"RCA, RCA","TNL1-7305, TNL1 7305",Vinyl / LP | Compilation,Latin,"Afro-Cuban, Mambo",Stranieri,https://www.discogs.com/release/5081283-Perez-Prado-The-Fabulous-Perez-Prado,,,
Perez Prado,In A Little Spanish Town,B4,,The Fabulous Perez Prado,1976,Italy,"RCA, RCA","TNL1-7305, TNL1 7305",Vinyl / LP | Compilation,Latin,"Afro-Cuban, Mambo",Stranieri,https://www.discogs.com/release/5081283-Perez-Prado-The-Fabulous-Perez-Prado,,,
Perez Prado,Paris,B5,,The Fabulous Perez Prado,1976,Italy,"RCA, RCA","TNL1-7305, TNL1 7305",Vinyl / LP | Compilation,Latin,"Afro-Cuban, Mambo",Stranieri,https://www.discogs.com/release/5081283-Perez-Prado-The-Fabulous-Perez-Prado,,,
Perez Prado,Mambo Jambo,B6,,The Fabulous Perez Prado,1976,Italy,"RCA, RCA","TNL1-7305, TNL1 7305",Vinyl / LP | Compilation,Latin,"Afro-Cuban, Mambo",Stranieri,https://www.discogs.com/release/5081283-Perez-Prado-The-Fabulous-Perez-Prado,,,
The Platters,I Love You 1000 Times,A1,,Ritratto...,1977,Italy,"Record Bazaar, Derby","RB 54, RB 54",Vinyl / LP | Compilation | Stereo,Funk / Soul,Rhythm & Blues,Stranieri,https://www.discogs.com/release/3588758-The-Platters-Ritratto,Inez Foxx | Luther Dixon,Inez Foxx [Written-By] | Luther Dixon [Written-By],
The Platters,With This Ring,A2,,Ritratto...,1977,Italy,"Record Bazaar, Derby","RB 54, RB 54",Vinyl / LP | Compilation | Stereo,Funk / Soul,Rhythm & Blues,Stranieri,https://www.discogs.com/release/3588758-The-Platters-Ritratto,"Luther Dixon | Richard ""Popcorn"" Wylie | Tony Hester","Luther Dixon [Written-By] | Richard ""Popcorn"" Wylie [Written-By] | Tony Hester [Written-By]",
The Platters,Washed Ashore,A3,,Ritratto...,1977,Italy,"Record Bazaar, Derby","RB 54, RB 54",Vinyl / LP | Compilation | Stereo,Funk / Soul,Rhythm & Blues,Stranieri,https://www.discogs.com/release/3588758-The-Platters-Ritratto,"Richard ""Popcorn"" Wylie | Tony Hester","Richard ""Popcorn"" Wylie [Written-By] | Tony Hester [Written-By]",
The Platters,The Great Pretender,A4,,Ritratto...,1977,Italy,"Record Bazaar, Derby","RB 54, RB 54",Vinyl / LP | Compilation | Stereo,Funk / Soul,Rhythm & Blues,Stranieri,https://www.discogs.com/release/3588758-The-Platters-Ritratto,Buck Ram,Buck Ram [Written-By],
The Platters,My Prayer,A5,,Ritratto...,1977,Italy,"Record Bazaar, Derby","RB 54, RB 54",Vinyl / LP | Compilation | Stereo,Funk / Soul,Rhythm & Blues,Stranieri,https://www.discogs.com/release/3588758-The-Platters-Ritratto,Georges Boulanger | Jimmy Kennedy,Georges Boulanger [Written-By] | Jimmy Kennedy [Written-By],
The Platters,Only You,A6,,Ritratto...,1977,Italy,"Record Bazaar, Derby","RB 54, RB 54",Vinyl / LP | Compilation | Stereo,Funk / Soul,Rhythm & Blues,Stranieri,https://www.discogs.com/release/3588758-The-Platters-Ritratto,Ande Rand | Buck Ram,Ande Rand [Written-By] | Buck Ram [Written-By],
The Platters,The Magic Touch,B1,,Ritratto...,1977,Italy,"Record Bazaar, Derby","RB 54, RB 54",Vinyl / LP | Compilation | Stereo,Funk / Soul,Rhythm & Blues,Stranieri,https://www.discogs.com/release/3588758-The-Platters-Ritratto,Buck Ram,Buck Ram [Written-By],
The Platters,Harbor Lights,B2,,Ritratto...,1977,Italy,"Record Bazaar, Derby","RB 54, RB 54",Vinyl / LP | Compilation | Stereo,Funk / Soul,Rhythm & Blues,Stranieri,https://www.discogs.com/release/3588758-The-Platters-Ritratto,Hugh Williams (2) | Jimmy Kennedy,Hugh Williams (2) [Written-By] | Jimmy Kennedy [Written-By],
The Platters,Smoke Gets In Your Eyes,B3,,Ritratto...,1977,Italy,"Record Bazaar, Derby","RB 54, RB 54",Vinyl / LP | Compilation | Stereo,Funk / Soul,Rhythm & Blues,Stranieri,https://www.discogs.com/release/3588758-The-Platters-Ritratto,Jerome Kern | Otto Harbach,Jerome Kern [Written-By] | Otto Harbach [Written-By],
The Platters,I'm Sorry,B4,,Ritratto...,1977,Italy,"Record Bazaar, Derby","RB 54, RB 54",Vinyl / LP | Compilation | Stereo,Funk / Soul,Rhythm & Blues,Stranieri,https://www.discogs.com/release/3588758-The-Platters-Ritratto,Buck Ram | Peter Tinturin | William White (2),Buck Ram [Written-By] | Peter Tinturin [Written-By] | William White (2) [Written-By],
The Platters,Twilight Times,B5,,Ritratto...,1977,Italy,"Record Bazaar, Derby","RB 54, RB 54",Vinyl / LP | Compilation | Stereo,Funk / Soul,Rhythm & Blues,Stranieri,https://www.discogs.com/release/3588758-The-Platters-Ritratto,Artie Dunn | Buck Ram | Morty & Al Nevins,Artie Dunn [Written-By] | Buck Ram [Written-By] | Morty & Al Nevins [Written-By],
The Platters,Heaven On Earth,B6,,Ritratto...,1977,Italy,"Record Bazaar, Derby","RB 54, RB 54",Vinyl / LP | Compilation | Stereo,Funk / Soul,Rhythm & Blues,Stranieri,https://www.discogs.com/release/3588758-The-Platters-Ritratto,Hugh Williams (2) | Jimmy Kennedy,Hugh Williams (2) [Written-By] | Jimmy Kennedy [Written-By],
Klaus Wunderlich,Cherokee,A1,2:46,Sound 2000 (Moog-Organ-Rhythm),1973,Germany,Telefunken,SLE 14 715-P,Vinyl / LP | Album,"Electronic, Jazz, Latin, Pop",Easy Listening,Stranieri,https://www.discogs.com/release/688662-Klaus-Wunderlich-Sound-2000-Moog-Organ-Rhythm,Ray Noble,Ray Noble [Written-By],
Klaus Wunderlich,Raindrops Keep Fallin' On My Head,A2,2:53,Sound 2000 (Moog-Organ-Rhythm),1973,Germany,Telefunken,SLE 14 715-P,Vinyl / LP | Album,"Electronic, Jazz, Latin, Pop",Easy Listening,Stranieri,https://www.discogs.com/release/688662-Klaus-Wunderlich-Sound-2000-Moog-Organ-Rhythm,Burt Bacharach,Burt Bacharach [Written-By],
Klaus Wunderlich,Lotto-Zahlen,A3,2:27,Sound 2000 (Moog-Organ-Rhythm),1973,Germany,Telefunken,SLE 14 715-P,Vinyl / LP | Album,"Electronic, Jazz, Latin, Pop",Easy Listening,Stranieri,https://www.discogs.com/release/688662-Klaus-Wunderlich-Sound-2000-Moog-Organ-Rhythm,Klaus Wunderlich,Klaus Wunderlich [Written-By],
Klaus Wunderlich,Blue Tango,A4,2:51,Sound 2000 (Moog-Organ-Rhythm),1973,Germany,Telefunken,SLE 14 715-P,Vinyl / LP | Album,"Electronic, Jazz, Latin, Pop",Easy Listening,Stranieri,https://www.discogs.com/release/688662-Klaus-Wunderlich-Sound-2000-Moog-Organ-Rhythm,Leroy Anderson,Leroy Anderson [Written-By],
Klaus Wunderlich,Felicidade (Adieu Tristesse) From 'Orfeu Negro',A5,2:53,Sound 2000 (Moog-Organ-Rhythm),1973,Germany,Telefunken,SLE 14 715-P,Vinyl / LP | Album,"Electronic, Jazz, Latin, Pop",Easy Listening,Stranieri,https://www.discogs.com/release/688662-Klaus-Wunderlich-Sound-2000-Moog-Organ-Rhythm,Antonio Carlos Jobim,Antonio Carlos Jobim [Written-By],
Klaus Wunderlich,To The Spring (An Den Frühling),A6,2:36,Sound 2000 (Moog-Organ-Rhythm),1973,Germany,Telefunken,SLE 14 715-P,Vinyl / LP | Album,"Electronic, Jazz, Latin, Pop",Easy Listening,Stranieri,https://www.discogs.com/release/688662-Klaus-Wunderlich-Sound-2000-Moog-Organ-Rhythm,Edvard Grieg,Klaus Wunderlich [Arranged By [Bearb.]] | Edvard Grieg [Written-By],
Klaus Wunderlich,Corn-Flakes,B1,2:30,Sound 2000 (Moog-Organ-Rhythm),1973,Germany,Telefunken,SLE 14 715-P,Vinyl / LP | Album,"Electronic, Jazz, Latin, Pop",Easy Listening,Stranieri,https://www.discogs.com/release/688662-Klaus-Wunderlich-Sound-2000-Moog-Organ-Rhythm,K. Lauer,K. Lauer [Written-By],
Klaus Wunderlich,La Paloma,B2,2:47,Sound 2000 (Moog-Organ-Rhythm),1973,Germany,Telefunken,SLE 14 715-P,Vinyl / LP | Album,"Electronic, Jazz, Latin, Pop",Easy Listening,Stranieri,https://www.discogs.com/release/688662-Klaus-Wunderlich-Sound-2000-Moog-Organ-Rhythm,Sebastián de Yradier,Sebastián de Yradier [Written-By],
Klaus Wunderlich,Humoresque,B3,2:20,Sound 2000 (Moog-Organ-Rhythm),1973,Germany,Telefunken,SLE 14 715-P,Vinyl / LP | Album,"Electronic, Jazz, Latin, Pop",Easy Listening,Stranieri,https://www.discogs.com/release/688662-Klaus-Wunderlich-Sound-2000-Moog-Organ-Rhythm,Antonín Dvořák,Klaus Wunderlich [Arranged By [Bearb.]] | Antonín Dvořák [Written-By],
Klaus Wunderlich,Dufter Zahn,B4,2:14,Sound 2000 (Moog-Organ-Rhythm),1973,Germany,Telefunken,SLE 14 715-P,Vinyl / LP | Album,"Electronic, Jazz, Latin, Pop",Easy Listening,Stranieri,https://www.discogs.com/release/688662-Klaus-Wunderlich-Sound-2000-Moog-Organ-Rhythm,Klaus Wunderlich,Klaus Wunderlich [Written-By],
Klaus Wunderlich,Charade,B5,3:49,Sound 2000 (Moog-Organ-Rhythm),1973,Germany,Telefunken,SLE 14 715-P,Vinyl / LP | Album,"Electronic, Jazz, Latin, Pop",Easy Listening,Stranieri,https://www.discogs.com/release/688662-Klaus-Wunderlich-Sound-2000-Moog-Organ-Rhythm,Henry Mancini,Henry Mancini [Written-By],
Klaus Wunderlich,Krimoogulus,B6,2:44,Sound 2000 (Moog-Organ-Rhythm),1973,Germany,Telefunken,SLE 14 715-P,Vinyl / LP | Album,"Electronic, Jazz, Latin, Pop",Easy Listening,Stranieri,https://www.discogs.com/release/688662-Klaus-Wunderlich-Sound-2000-Moog-Organ-Rhythm,Klaus Wunderlich,Klaus Wunderlich [Written-By],
Sandy & Papo,M.S.R. (Rumba Remix Full) ,A1,6:24,M.S.R.,1998,Italy,UDP,UDP 1070,"Vinyl / 12""","Electronic, Latin","Merengue, Hip-House, Electro House",Stranieri,https://www.discogs.com/release/6726490-Sandy-Papo-MSR,,Dave 'Dr D' Feliciano [Remix] | Pavel De Jesus [Remix],
Sandy & Papo,M.S.R. (Album Version) ,A2,3:44,M.S.R.,1998,Italy,UDP,UDP 1070,"Vinyl / 12""","Electronic, Latin","Merengue, Hip-House, Electro House",Stranieri,https://www.discogs.com/release/6726490-Sandy-Papo-MSR,,Pavel De Jesus [Producer] | Socrates De Jesus [Producer],
Sandy & Papo,M.S.R. (Uptown Funk Dub),B1,5:46,M.S.R.,1998,Italy,UDP,UDP 1070,"Vinyl / 12""","Electronic, Latin","Merengue, Hip-House, Electro House",Stranieri,https://www.discogs.com/release/6726490-Sandy-Papo-MSR,,Omar Alejo [Remix],
Sandy & Papo,M.S.R. (Rumba Remix Edit) ,B2,4:02,M.S.R.,1998,Italy,UDP,UDP 1070,"Vinyl / 12""","Electronic, Latin","Merengue, Hip-House, Electro House",Stranieri,https://www.discogs.com/release/6726490-Sandy-Papo-MSR,,Dave 'Dr D' Feliciano [Remix] | Pavel De Jesus [Remix],
68 Beats,Total Insanity (Original Mix),A1,6:52,Total Insanity,1999,Italy,Underground (2),UND 1052,"Vinyl / 12""",Electronic,"Hard House, Tribal",Stranieri,https://www.discogs.com/release/2618144-68-Beats-Total-Insanity,,,
68 Beats,Total Insanity (68 Beats Killer Mix),B1,6:40,Total Insanity,1999,Italy,Underground (2),UND 1052,"Vinyl / 12""",Electronic,"Hard House, Tribal",Stranieri,https://www.discogs.com/release/2618144-68-Beats-Total-Insanity,,,
68 Beats,Total Insanity (Y2K Scary Mix),B2,,Total Insanity,1999,Italy,Underground (2),UND 1052,"Vinyl / 12""",Electronic,"Hard House, Tribal",Stranieri,https://www.discogs.com/release/2618144-68-Beats-Total-Insanity,,,
68 Beats,,,,Total Insanity,1999,Italy,Underground (2),UND 1052,"Vinyl / 12""",Electronic,"Hard House, Tribal",Stranieri,https://www.discogs.com/release/2618144-68-Beats-Total-Insanity,,,
Dorsey Dodd,"Uno A Te, Uno A Me (Les Enfants Du Pirée)",A1,,The Colossal - Organo Hammond 3,1971,Italy,Vedette Records,VPAS 890,Vinyl / LP | Stereo,"Electronic, Rock, Latin",Lounge,Stranieri,https://www.discogs.com/release/1283367-Dorsey-Dodd-The-Colossal-Organo-Hammond-3,,,
Dorsey Dodd,Stormy Weather,A2,,The Colossal - Organo Hammond 3,1971,Italy,Vedette Records,VPAS 890,Vinyl / LP | Stereo,"Electronic, Rock, Latin",Lounge,Stranieri,https://www.discogs.com/release/1283367-Dorsey-Dodd-The-Colossal-Organo-Hammond-3,,,
Dorsey Dodd,Occhi Neri (Ochi Chornya),A3,,The Colossal - Organo Hammond 3,1971,Italy,Vedette Records,VPAS 890,Vinyl / LP | Stereo,"Electronic, Rock, Latin",Lounge,Stranieri,https://www.discogs.com/release/1283367-Dorsey-Dodd-The-Colossal-Organo-Hammond-3,,,
Dorsey Dodd,Settembre Sotto La Pioggia (September In The Rain),A4,,The Colossal - Organo Hammond 3,1971,Italy,Vedette Records,VPAS 890,Vinyl / LP | Stereo,"Electronic, Rock, Latin",Lounge,Stranieri,https://www.discogs.com/release/1283367-Dorsey-Dodd-The-Colossal-Organo-Hammond-3,,,
Dorsey Dodd,Laguna Addormentata (Sleepy Lagoon),A5,,The Colossal - Organo Hammond 3,1971,Italy,Vedette Records,VPAS 890,Vinyl / LP | Stereo,"Electronic, Rock, Latin",Lounge,Stranieri,https://www.discogs.com/release/1283367-Dorsey-Dodd-The-Colossal-Organo-Hammond-3,,,
Dorsey Dodd,Polvere Di Stelle (Stardust),A6,,The Colossal - Organo Hammond 3,1971,Italy,Vedette Records,VPAS 890,Vinyl / LP | Stereo,"Electronic, Rock, Latin",Lounge,Stranieri,https://www.discogs.com/release/1283367-Dorsey-Dodd-The-Colossal-Organo-Hammond-3,,,
Dorsey Dodd,Tema Dalla Sinfonia N° 40,B1,,The Colossal - Organo Hammond 3,1971,Italy,Vedette Records,VPAS 890,Vinyl / LP | Stereo,"Electronic, Rock, Latin",Lounge,Stranieri,https://www.discogs.com/release/1283367-Dorsey-Dodd-The-Colossal-Organo-Hammond-3,,,
Dorsey Dodd,Apache,B2,,The Colossal - Organo Hammond 3,1971,Italy,Vedette Records,VPAS 890,Vinyl / LP | Stereo,"Electronic, Rock, Latin",Lounge,Stranieri,https://www.discogs.com/release/1283367-Dorsey-Dodd-The-Colossal-Organo-Hammond-3,,,
Dorsey Dodd,Fumo Negli Ochhi (Smoke Gets In Your Eyes),B3,,The Colossal - Organo Hammond 3,1971,Italy,Vedette Records,VPAS 890,Vinyl / LP | Stereo,"Electronic, Rock, Latin",Lounge,Stranieri,https://www.discogs.com/release/1283367-Dorsey-Dodd-The-Colossal-Organo-Hammond-3,,,
Dorsey Dodd,Luna Malinconica (Blue Moon),B4,,The Colossal - Organo Hammond 3,1971,Italy,Vedette Records,VPAS 890,Vinyl / LP | Stereo,"Electronic, Rock, Latin",Lounge,Stranieri,https://www.discogs.com/release/1283367-Dorsey-Dodd-The-Colossal-Organo-Hammond-3,,,
Dorsey Dodd,Prigionieri Del Cielo (The High And The Mighty),B5,,The Colossal - Organo Hammond 3,1971,Italy,Vedette Records,VPAS 890,Vinyl / LP | Stereo,"Electronic, Rock, Latin",Lounge,Stranieri,https://www.discogs.com/release/1283367-Dorsey-Dodd-The-Colossal-Organo-Hammond-3,,,
Dorsey Dodd,Acapulco Express,B6,,The Colossal - Organo Hammond 3,1971,Italy,Vedette Records,VPAS 890,Vinyl / LP | Stereo,"Electronic, Rock, Latin",Lounge,Stranieri,https://www.discogs.com/release/1283367-Dorsey-Dodd-The-Colossal-Organo-Hammond-3,,,
Dire Straits,Intro: The Carousel Waltz,A1a,0:25,Making Movies,1980,Italy,Vertigo,6359 034,Vinyl / LP | Album | Stereo / Montreuil Offset,Rock,"Blues Rock, Classic Rock",Stranieri,https://www.discogs.com/release/1333208-Dire-Straits-Making-Movies,,Rodgers & Hammerstein [Composed By [Intro]],
Dire Straits,Tunnel Of Love,A1b,8:10,Making Movies,1980,Italy,Vertigo,6359 034,Vinyl / LP | Album | Stereo / Montreuil Offset,Rock,"Blues Rock, Classic Rock",Stranieri,https://www.discogs.com/release/1333208-Dire-Straits-Making-Movies,,,
Dire Straits,Romeo And Juliet,A2,6:00,Making Movies,1980,Italy,Vertigo,6359 034,Vinyl / LP | Album | Stereo / Montreuil Offset,Rock,"Blues Rock, Classic Rock",Stranieri,https://www.discogs.com/release/1333208-Dire-Straits-Making-Movies,,,
Dire Straits,Skateaway,A3,6:36,Making Movies,1980,Italy,Vertigo,6359 034,Vinyl / LP | Album | Stereo / Montreuil Offset,Rock,"Blues Rock, Classic Rock",Stranieri,https://www.discogs.com/release/1333208-Dire-Straits-Making-Movies,,,
Dire Straits,Expresso Love,B1,5:10,Making Movies,1980,Italy,Vertigo,6359 034,Vinyl / LP | Album | Stereo / Montreuil Offset,Rock,"Blues Rock, Classic Rock",Stranieri,https://www.discogs.com/release/1333208-Dire-Straits-Making-Movies,,,
Dire Straits,Hand In Hand,B2,4:47,Making Movies,1980,Italy,Vertigo,6359 034,Vinyl / LP | Album | Stereo / Montreuil Offset,Rock,"Blues Rock, Classic Rock",Stranieri,https://www.discogs.com/release/1333208-Dire-Straits-Making-Movies,,,
Dire Straits,Solid Rock,B3,3:25,Making Movies,1980,Italy,Vertigo,6359 034,Vinyl / LP | Album | Stereo / Montreuil Offset,Rock,"Blues Rock, Classic Rock",Stranieri,https://www.discogs.com/release/1333208-Dire-Straits-Making-Movies,,,
Dire Straits,Les Boys,B4,4:06,Making Movies,1980,Italy,Vertigo,6359 034,Vinyl / LP | Album | Stereo / Montreuil Offset,Rock,"Blues Rock, Classic Rock",Stranieri,https://www.discogs.com/release/1333208-Dire-Straits-Making-Movies,,,
Dire Straits,Once Upon A Time In The West,A1,5:24,Communiqué,1979,Italy,Vertigo,6360 170,Vinyl / LP | Album | Stereo,Rock,"Pop Rock, Classic Rock",Stranieri,https://www.discogs.com/release/1287988-Dire-Straits-Communiqué,,,
Dire Straits,News,A2,4:13,Communiqué,1979,Italy,Vertigo,6360 170,Vinyl / LP | Album | Stereo,Rock,"Pop Rock, Classic Rock",Stranieri,https://www.discogs.com/release/1287988-Dire-Straits-Communiqué,,,
Dire Straits,Where Do You Think You're Going?,A3,3:50,Communiqué,1979,Italy,Vertigo,6360 170,Vinyl / LP | Album | Stereo,Rock,"Pop Rock, Classic Rock",Stranieri,https://www.discogs.com/release/1287988-Dire-Straits-Communiqué,,,
Dire Straits,Communiqué,A4,5:50,Communiqué,1979,Italy,Vertigo,6360 170,Vinyl / LP | Album | Stereo,Rock,"Pop Rock, Classic Rock",Stranieri,https://www.discogs.com/release/1287988-Dire-Straits-Communiqué,,,
Dire Straits,Lady Writer,B1,3:44,Communiqué,1979,Italy,Vertigo,6360 170,Vinyl / LP | Album | Stereo,Rock,"Pop Rock, Classic Rock",Stranieri,https://www.discogs.com/release/1287988-Dire-Straits-Communiqué,,,
Dire Straits,Angel Of Mercy,B2,4:35,Communiqué,1979,Italy,Vertigo,6360 170,Vinyl / LP | Album | Stereo,Rock,"Pop Rock, Classic Rock",Stranieri,https://www.discogs.com/release/1287988-Dire-Straits-Communiqué,,,
Dire Straits,Portobello Belle,B3,4:31,Communiqué,1979,Italy,Vertigo,6360 170,Vinyl / LP | Album | Stereo,Rock,"Pop Rock, Classic Rock",Stranieri,https://www.discogs.com/release/1287988-Dire-Straits-Communiqué,,,
Dire Straits,Single-handed Sailor,B4,4:40,Communiqué,1979,Italy,Vertigo,6360 170,Vinyl / LP | Album | Stereo,Rock,"Pop Rock, Classic Rock",Stranieri,https://www.discogs.com/release/1287988-Dire-Straits-Communiqué,,,
Dire Straits,Follow Me Home,B5,5:53,Communiqué,1979,Italy,Vertigo,6360 170,Vinyl / LP | Album | Stereo,Rock,"Pop Rock, Classic Rock",Stranieri,https://www.discogs.com/release/1287988-Dire-Straits-Communiqué,,,
Randy Crawford,Nightline,A1,3:47,Nightline,1983,Italy,Warner Bros. Records,92-3976-1,Vinyl / LP | Album | Stereo,Electronic,"Downtempo, Disco",Stranieri,https://www.discogs.com/release/2142158-Randy-Crawford-Nightline,,,"[{'field_id': 3, 'value': 'Sample'}]"
Randy Crawford,Living On The Outside,A2,3:36,Nightline,1983,Italy,Warner Bros. Records,92-3976-1,Vinyl / LP | Album | Stereo,Electronic,"Downtempo, Disco",Stranieri,https://www.discogs.com/release/2142158-Randy-Crawford-Nightline,,,"[{'field_id': 3, 'value': 'Sample'}]"
Randy Crawford,Why,A3,3:30,Nightline,1983,Italy,Warner Bros. Records,92-3976-1,Vinyl / LP | Album | Stereo,Electronic,"Downtempo, Disco",Stranieri,https://www.discogs.com/release/2142158-Randy-Crawford-Nightline,,,"[{'field_id': 3, 'value': 'Sample'}]"
Randy Crawford,Bottom Line,A4,4:05,Nightline,1983,Italy,Warner Bros. Records,92-3976-1,Vinyl / LP | Album | Stereo,Electronic,"Downtempo, Disco",Stranieri,https://www.discogs.com/release/2142158-Randy-Crawford-Nightline,,,"[{'field_id': 3, 'value': 'Sample'}]"
Randy Crawford,In Real Life,A5,4:06,Nightline,1983,Italy,Warner Bros. Records,92-3976-1,Vinyl / LP | Album | Stereo,Electronic,"Downtempo, Disco",Stranieri,https://www.discogs.com/release/2142158-Randy-Crawford-Nightline,,,"[{'field_id': 3, 'value': 'Sample'}]"
Randy Crawford,Happy Feet,B1,4:53,Nightline,1983,Italy,Warner Bros. Records,92-3976-1,Vinyl / LP | Album | Stereo,Electronic,"Downtempo, Disco",Stranieri,https://www.discogs.com/release/2142158-Randy-Crawford-Nightline,,,"[{'field_id': 3, 'value': 'Sample'}]"
Randy Crawford,This 'Ole Heart Of Mine,B2,3:58,Nightline,1983,Italy,Warner Bros. Records,92-3976-1,Vinyl / LP | Album | Stereo,Electronic,"Downtempo, Disco",Stranieri,https://www.discogs.com/release/2142158-Randy-Crawford-Nightline,,,"[{'field_id': 3, 'value': 'Sample'}]"
Randy Crawford,Lift Me Up,B3,4:26,Nightline,1983,Italy,Warner Bros. Records,92-3976-1,Vinyl / LP | Album | Stereo,Electronic,"Downtempo, Disco",Stranieri,https://www.discogs.com/release/2142158-Randy-Crawford-Nightline,,,"[{'field_id': 3, 'value': 'Sample'}]"
Randy Crawford,Ain't No Foolin',B4,3:51,Nightline,1983,Italy,Warner Bros. Records,92-3976-1,Vinyl / LP | Album | Stereo,Electronic,"Downtempo, Disco",Stranieri,https://www.discogs.com/release/2142158-Randy-Crawford-Nightline,,,"[{'field_id': 3, 'value': 'Sample'}]"
Randy Crawford,Go On And Live It Up,B5,3:33,Nightline,1983,Italy,Warner Bros. Records,92-3976-1,Vinyl / LP | Album | Stereo,Electronic,"Downtempo, Disco",Stranieri,https://www.discogs.com/release/2142158-Randy-Crawford-Nightline,,,"[{'field_id': 3, 'value': 'Sample'}]"
George Benson,Feel Like Making Love,A1,4:22,In Your Eyes,0,US,"Warner Bros. Records, Warner Bros. Records","9 23744-1, 1-23744",Vinyl / LP | Album | Reissue / Jacksonville pressing,"Electronic, Jazz, Funk / Soul","Jazz-Funk, Soul, Disco",Stranieri,https://www.discogs.com/release/16082919-George-Benson-In-Your-Eyes,Eugene McDaniels,Eugene McDaniels [Written-By],
George Benson,Inside Love (So Personal),A2,5:13,In Your Eyes,0,US,"Warner Bros. Records, Warner Bros. Records","9 23744-1, 1-23744",Vinyl / LP | Album | Reissue / Jacksonville pressing,"Electronic, Jazz, Funk / Soul","Jazz-Funk, Soul, Disco",Stranieri,https://www.discogs.com/release/16082919-George-Benson-In-Your-Eyes,Kashif,Kashif [Written-By],
George Benson,Lady Love Me (One More Time),A3,3:59,In Your Eyes,0,US,"Warner Bros. Records, Warner Bros. Records","9 23744-1, 1-23744",Vinyl / LP | Album | Reissue / Jacksonville pressing,"Electronic, Jazz, Funk / Soul","Jazz-Funk, Soul, Disco",Stranieri,https://www.discogs.com/release/16082919-George-Benson-In-Your-Eyes,David Paich | James Newton Howard,David Paich [Written-By] | James Newton Howard [Written-By],
George Benson,Love Will Come Again,A4,5:42,In Your Eyes,0,US,"Warner Bros. Records, Warner Bros. Records","9 23744-1, 1-23744",Vinyl / LP | Album | Reissue / Jacksonville pressing,"Electronic, Jazz, Funk / Soul","Jazz-Funk, Soul, Disco",Stranieri,https://www.discogs.com/release/16082919-George-Benson-In-Your-Eyes,Arif Mardin | Hamish Stuart,Arif Mardin [Written-By] | Hamish Stuart [Written-By],
George Benson,In Your Eyes,B1,3:16,In Your Eyes,0,US,"Warner Bros. Records, Warner Bros. Records","9 23744-1, 1-23744",Vinyl / LP | Album | Reissue / Jacksonville pressing,"Electronic, Jazz, Funk / Soul","Jazz-Funk, Soul, Disco",Stranieri,https://www.discogs.com/release/16082919-George-Benson-In-Your-Eyes,Dan Hill | Michael Masser,Dan Hill [Written-By] | Michael Masser [Written-By],
George Benson,Never Too Far To Fall,B2,4:00,In Your Eyes,0,US,"Warner Bros. Records, Warner Bros. Records","9 23744-1, 1-23744",Vinyl / LP | Album | Reissue / Jacksonville pressing,"Electronic, Jazz, Funk / Soul","Jazz-Funk, Soul, Disco",Stranieri,https://www.discogs.com/release/16082919-George-Benson-In-Your-Eyes,Hamish Stuart | Ned Doheny,Hamish Stuart [Written-By] | Ned Doheny [Written-By],
George Benson,Being With You,B3,3:52,In Your Eyes,0,US,"Warner Bros. Records, Warner Bros. Records","9 23744-1, 1-23744",Vinyl / LP | Album | Reissue / Jacksonville pressing,"Electronic, Jazz, Funk / Soul","Jazz-Funk, Soul, Disco",Stranieri,https://www.discogs.com/release/16082919-George-Benson-In-Your-Eyes,Omar Hakim,Omar Hakim [Written-By],
George Benson,Use Me,B4,4:22,In Your Eyes,0,US,"Warner Bros. Records, Warner Bros. Records","9 23744-1, 1-23744",Vinyl / LP | Album | Reissue / Jacksonville pressing,"Electronic, Jazz, Funk / Soul","Jazz-Funk, Soul, Disco",Stranieri,https://www.discogs.com/release/16082919-George-Benson-In-Your-Eyes,Barry Mann | Cynthia Weil | James Ingram,Barry Mann [Written-By] | Cynthia Weil [Written-By] | James Ingram [Written-By],
George Benson,Late At Night,B5,3:29,In Your Eyes,0,US,"Warner Bros. Records, Warner Bros. Records","9 23744-1, 1-23744",Vinyl / LP | Album | Reissue / Jacksonville pressing,"Electronic, Jazz, Funk / Soul","Jazz-Funk, Soul, Disco",Stranieri,https://www.discogs.com/release/16082919-George-Benson-In-Your-Eyes,Mann And Weil,Mann And Weil [Written-By],
George Benson,In Search Of A Dream,B6,4:58,In Your Eyes,0,US,"Warner Bros. Records, Warner Bros. Records","9 23744-1, 1-23744",Vinyl / LP | Album | Reissue / Jacksonville pressing,"Electronic, Jazz, Funk / Soul","Jazz-Funk, Soul, Disco",Stranieri,https://www.discogs.com/release/16082919-George-Benson-In-Your-Eyes,Adam Falcon,Adam Falcon [Written-By],
Pooh,Sara Nel Sole,A1,,Rotolando Respirando,1977,Italy,CGD,CGD 20012,Vinyl / LP | Album | Stereo,Pop,"Vocal, Ballad",Uncategorized,https://www.discogs.com/release/2977921-I-Pooh-Rotolando-Respirando,Roby Facchinetti | Valerio Negrini,Roby Facchinetti [Written-By] | Valerio Negrini [Written-By],
Pooh,Bella,A2,,Rotolando Respirando,1977,Italy,CGD,CGD 20012,Vinyl / LP | Album | Stereo,Pop,"Vocal, Ballad",Uncategorized,https://www.discogs.com/release/2977921-I-Pooh-Rotolando-Respirando,Roby Facchinetti | Valerio Negrini,Roby Facchinetti [Written-By] | Valerio Negrini [Written-By],
Pooh,In Diretta Nel Vento,A3,,Rotolando Respirando,1977,Italy,CGD,CGD 20012,Vinyl / LP | Album | Stereo,Pop,"Vocal, Ballad",Uncategorized,https://www.discogs.com/release/2977921-I-Pooh-Rotolando-Respirando,Dodi Battaglia | Valerio Negrini,Dodi Battaglia [Written-By] | Valerio Negrini [Written-By],
Pooh,Che Ne Fai Di Te,A4,,Rotolando Respirando,1977,Italy,CGD,CGD 20012,Vinyl / LP | Album | Stereo,Pop,"Vocal, Ballad",Uncategorized,https://www.discogs.com/release/2977921-I-Pooh-Rotolando-Respirando,Roby Facchinetti | Stefano D'Orazio,Roby Facchinetti [Written-By] | Stefano D'Orazio [Written-By],
Pooh,Rotolando Respirando,A5,,Rotolando Respirando,1977,Italy,CGD,CGD 20012,Vinyl / LP | Album | Stereo,Pop,"Vocal, Ballad",Uncategorized,https://www.discogs.com/release/2977921-I-Pooh-Rotolando-Respirando,Roby Facchinetti | Valerio Negrini,Roby Facchinetti [Written-By] | Valerio Negrini [Written-By],
Pooh,Per Una Donna,B1,,Rotolando Respirando,1977,Italy,CGD,CGD 20012,Vinyl / LP | Album | Stereo,Pop,"Vocal, Ballad",Uncategorized,https://www.discogs.com/release/2977921-I-Pooh-Rotolando-Respirando,Roby Facchinetti | Valerio Negrini,Roby Facchinetti [Written-By] | Valerio Negrini [Written-By],
Pooh,Il Suo Tempo E Noi,B2,,Rotolando Respirando,1977,Italy,CGD,CGD 20012,Vinyl / LP | Album | Stereo,Pop,"Vocal, Ballad",Uncategorized,https://www.discogs.com/release/2977921-I-Pooh-Rotolando-Respirando,Red Canzian | Roby Facchinetti | Valerio Negrini,Red Canzian [Written-By] | Roby Facchinetti [Written-By] | Valerio Negrini [Written-By],
Pooh,Una Domenica Da Buttare,B3,,Rotolando Respirando,1977,Italy,CGD,CGD 20012,Vinyl / LP | Album | Stereo,Pop,"Vocal, Ballad",Uncategorized,https://www.discogs.com/release/2977921-I-Pooh-Rotolando-Respirando,Dodi Battaglia | Roby Facchinetti | Valerio Negrini,Dodi Battaglia [Written-By] | Roby Facchinetti [Written-By] | Valerio Negrini [Written-By],
Pooh,Dammi Solo Un Minuto,B4,,Rotolando Respirando,1977,Italy,CGD,CGD 20012,Vinyl / LP | Album | Stereo,Pop,"Vocal, Ballad",Uncategorized,https://www.discogs.com/release/2977921-I-Pooh-Rotolando-Respirando,Roby Facchinetti | Valerio Negrini,Roby Facchinetti [Written-By] | Valerio Negrini [Written-By],
Pooh,Ancora Tra Un Anno,B5,,Rotolando Respirando,1977,Italy,CGD,CGD 20012,Vinyl / LP | Album | Stereo,Pop,"Vocal, Ballad",Uncategorized,https://www.discogs.com/release/2977921-I-Pooh-Rotolando-Respirando,Roby Facchinetti | Valerio Negrini,Roby Facchinetti [Written-By] | Valerio Negrini [Written-By],
"International ""Pop"" All Stars",The Poor People Of Paris,A1,2:33,Percussion Around The World,1962,UK,Decca,PFS 34009,Vinyl / LP | Album,"Pop, Folk, World, & Country",,Uncategorized,https://www.discogs.com/release/5277726-International-Pop-All-Stars-Percussion-Around-The-World,,,
"International ""Pop"" All Stars",Frenesi,A2,3:10,Percussion Around The World,1962,UK,Decca,PFS 34009,Vinyl / LP | Album,"Pop, Folk, World, & Country",,Uncategorized,https://www.discogs.com/release/5277726-International-Pop-All-Stars-Percussion-Around-The-World,,,
"International ""Pop"" All Stars",The Third Man Theme,A3,2:55,Percussion Around The World,1962,UK,Decca,PFS 34009,Vinyl / LP | Album,"Pop, Folk, World, & Country",,Uncategorized,https://www.discogs.com/release/5277726-International-Pop-All-Stars-Percussion-Around-The-World,,,
"International ""Pop"" All Stars",Calcutta,A4,2:44,Percussion Around The World,1962,UK,Decca,PFS 34009,Vinyl / LP | Album,"Pop, Folk, World, & Country",,Uncategorized,https://www.discogs.com/release/5277726-International-Pop-All-Stars-Percussion-Around-The-World,,,
"International ""Pop"" All Stars",La Montana,A5,3:00,Percussion Around The World,1962,UK,Decca,PFS 34009,Vinyl / LP | Album,"Pop, Folk, World, & Country",,Uncategorized,https://www.discogs.com/release/5277726-International-Pop-All-Stars-Percussion-Around-The-World,,,
"International ""Pop"" All Stars",The Children's Marching Song,A6,1:50,Percussion Around The World,1962,UK,Decca,PFS 34009,Vinyl / LP | Album,"Pop, Folk, World, & Country",,Uncategorized,https://www.discogs.com/release/5277726-International-Pop-All-Stars-Percussion-Around-The-World,,,
"International ""Pop"" All Stars",Volare,B1,2:38,Percussion Around The World,1962,UK,Decca,PFS 34009,Vinyl / LP | Album,"Pop, Folk, World, & Country",,Uncategorized,https://www.discogs.com/release/5277726-International-Pop-All-Stars-Percussion-Around-The-World,,,
"International ""Pop"" All Stars",April In Portugal,B2,3:05,Percussion Around The World,1962,UK,Decca,PFS 34009,Vinyl / LP | Album,"Pop, Folk, World, & Country",,Uncategorized,https://www.discogs.com/release/5277726-International-Pop-All-Stars-Percussion-Around-The-World,,,
"International ""Pop"" All Stars",Never On Sunday,B3,3:12,Percussion Around The World,1962,UK,Decca,PFS 34009,Vinyl / LP | Album,"Pop, Folk, World, & Country",,Uncategorized,https://www.discogs.com/release/5277726-International-Pop-All-Stars-Percussion-Around-The-World,,,
"International ""Pop"" All Stars",Japanese Sandman,B4,2:26,Percussion Around The World,1962,UK,Decca,PFS 34009,Vinyl / LP | Album,"Pop, Folk, World, & Country",,Uncategorized,https://www.discogs.com/release/5277726-International-Pop-All-Stars-Percussion-Around-The-World,,,
"International ""Pop"" All Stars",Cielito Lindo,B5,3:20,Percussion Around The World,1962,UK,Decca,PFS 34009,Vinyl / LP | Album,"Pop, Folk, World, & Country",,Uncategorized,https://www.discogs.com/release/5277726-International-Pop-All-Stars-Percussion-Around-The-World,,,
"International ""Pop"" All Stars",Auf Wiederseh'n Sweetheart,B6,1:53,Percussion Around The World,1962,UK,Decca,PFS 34009,Vinyl / LP | Album,"Pop, Folk, World, & Country",,Uncategorized,https://www.discogs.com/release/5277726-International-Pop-All-Stars-Percussion-Around-The-World,,,
Enzo Di Domenico,Orgoglio,A1,,Orgoglio,0,Italy,Edi Record,EDI 00105,Vinyl / LP | Album,"Pop, Folk, World, & Country",Canzone Napoletana,Uncategorized,https://www.discogs.com/release/8092882-Enzo-Di-Domenico-Orgoglio,Augusto Visco | Enzo Di Domenico | Vittorio Annona (2),Augusto Visco [Written-By] | Enzo Di Domenico [Written-By] | Vittorio Annona (2) [Written-By],
Enzo Di Domenico,N'ora Busciarda,A2,,Orgoglio,0,Italy,Edi Record,EDI 00105,Vinyl / LP | Album,"Pop, Folk, World, & Country",Canzone Napoletana,Uncategorized,https://www.discogs.com/release/8092882-Enzo-Di-Domenico-Orgoglio,Enzo Di Domenico | Renato Fiore,Enzo Di Domenico [Written-By] | Renato Fiore [Written-By],
Enzo Di Domenico,Stanotte,A3,,Orgoglio,0,Italy,Edi Record,EDI 00105,Vinyl / LP | Album,"Pop, Folk, World, & Country",Canzone Napoletana,Uncategorized,https://www.discogs.com/release/8092882-Enzo-Di-Domenico-Orgoglio,Enzo Di Domenico | Vittorio Annona (2),Enzo Di Domenico [Written-By] | Vittorio Annona (2) [Written-By],
Enzo Di Domenico,Umanità,A4,,Orgoglio,0,Italy,Edi Record,EDI 00105,Vinyl / LP | Album,"Pop, Folk, World, & Country",Canzone Napoletana,Uncategorized,https://www.discogs.com/release/8092882-Enzo-Di-Domenico-Orgoglio,Enzo Di Domenico | Vittorio Annona (2),Enzo Di Domenico [Written-By] | Vittorio Annona (2) [Written-By],
Enzo Di Domenico,La Cosa,A5,,Orgoglio,0,Italy,Edi Record,EDI 00105,Vinyl / LP | Album,"Pop, Folk, World, & Country",Canzone Napoletana,Uncategorized,https://www.discogs.com/release/8092882-Enzo-Di-Domenico-Orgoglio,Enzo Di Domenico | Renato Fiore,Enzo Di Domenico [Written-By] | Renato Fiore [Written-By],
Enzo Di Domenico,Mia Cara Mamma,A6,,Orgoglio,0,Italy,Edi Record,EDI 00105,Vinyl / LP | Album,"Pop, Folk, World, & Country",Canzone Napoletana,Uncategorized,https://www.discogs.com/release/8092882-Enzo-Di-Domenico-Orgoglio,Enzo Di Domenico | Vittorio Annona (2),Enzo Di Domenico [Written-By] | Vittorio Annona (2) [Written-By],
Enzo Di Domenico,Respiro,B1,,Orgoglio,0,Italy,Edi Record,EDI 00105,Vinyl / LP | Album,"Pop, Folk, World, & Country",Canzone Napoletana,Uncategorized,https://www.discogs.com/release/8092882-Enzo-Di-Domenico-Orgoglio,Enzo Di Domenico | Renato Fiore,Enzo Di Domenico [Written-By] | Renato Fiore [Written-By],
Enzo Di Domenico,'E Te Perdutamente,B2,,Orgoglio,0,Italy,Edi Record,EDI 00105,Vinyl / LP | Album,"Pop, Folk, World, & Country",Canzone Napoletana,Uncategorized,https://www.discogs.com/release/8092882-Enzo-Di-Domenico-Orgoglio,Enzo Di Domenico,Enzo Di Domenico [Written-By],
Enzo Di Domenico,Dialogo,B3,,Orgoglio,0,Italy,Edi Record,EDI 00105,Vinyl / LP | Album,"Pop, Folk, World, & Country",Canzone Napoletana,Uncategorized,https://www.discogs.com/release/8092882-Enzo-Di-Domenico-Orgoglio,Augusto Visco | Enzo Di Domenico | Nino Castiglia,Augusto Visco [Written-By] | Enzo Di Domenico [Written-By] | Nino Castiglia [Written-By],
Enzo Di Domenico,Nu Motoscafo Blù,B4,,Orgoglio,0,Italy,Edi Record,EDI 00105,Vinyl / LP | Album,"Pop, Folk, World, & Country",Canzone Napoletana,Uncategorized,https://www.discogs.com/release/8092882-Enzo-Di-Domenico-Orgoglio,Enzo Di Domenico | Vittorio Annona (2),Enzo Di Domenico [Written-By] | Vittorio Annona (2) [Written-By],
Enzo Di Domenico,...E Fatte Benedicere,B5,,Orgoglio,0,Italy,Edi Record,EDI 00105,Vinyl / LP | Album,"Pop, Folk, World, & Country",Canzone Napoletana,Uncategorized,https://www.discogs.com/release/8092882-Enzo-Di-Domenico-Orgoglio,Enzo Di Domenico | Renato Fiore,Enzo Di Domenico [Written-By] | Renato Fiore [Written-By],
Enzo Di Domenico,Si' Sempre 'A Mia,B6,,Orgoglio,0,Italy,Edi Record,EDI 00105,Vinyl / LP | Album,"Pop, Folk, World, & Country",Canzone Napoletana,Uncategorized,https://www.discogs.com/release/8092882-Enzo-Di-Domenico-Orgoglio,Enzo Di Domenico | Renato Fiore,Enzo Di Domenico [Written-By] | Renato Fiore [Written-By],
Mauro Caputo,Canzone Pé Maria,A1,,Pé Sempe,1978,Italy,Nuova New York Record,PALP 3318,Vinyl / LP | Album,"Pop, Folk, World, & Country","Canzone Napoletana, Chanson",Uncategorized,https://www.discogs.com/release/8482735-Mauro-Caputo-Pé-Sempe,Pasquale De Rosa | Vittorio Orabona,Pasquale De Rosa [Written-By] | Vittorio Orabona [Written-By],
Mauro Caputo,A' Rumba De' Scugnizze,A2,,Pé Sempe,1978,Italy,Nuova New York Record,PALP 3318,Vinyl / LP | Album,"Pop, Folk, World, & Country","Canzone Napoletana, Chanson",Uncategorized,https://www.discogs.com/release/8482735-Mauro-Caputo-Pé-Sempe,Raffaele Viviani,Raffaele Viviani [Written-By],
Mauro Caputo,T'Aggia Scurdà,A3,,Pé Sempe,1978,Italy,Nuova New York Record,PALP 3318,Vinyl / LP | Album,"Pop, Folk, World, & Country","Canzone Napoletana, Chanson",Uncategorized,https://www.discogs.com/release/8482735-Mauro-Caputo-Pé-Sempe,Pasquale De Rosa | Vittorio Orabona,Pasquale De Rosa [Written-By] | Vittorio Orabona [Written-By],
Mauro Caputo,Pé Sempre,A4,,Pé Sempe,1978,Italy,Nuova New York Record,PALP 3318,Vinyl / LP | Album,"Pop, Folk, World, & Country","Canzone Napoletana, Chanson",Uncategorized,https://www.discogs.com/release/8482735-Mauro-Caputo-Pé-Sempe,Pasquale De Rosa | Vittorio Orabona,Pasquale De Rosa [Written-By] | Vittorio Orabona [Written-By],
Mauro Caputo,Chi Sa,A5,,Pé Sempe,1978,Italy,Nuova New York Record,PALP 3318,Vinyl / LP | Album,"Pop, Folk, World, & Country","Canzone Napoletana, Chanson",Uncategorized,https://www.discogs.com/release/8482735-Mauro-Caputo-Pé-Sempe,Giuseppe Russo (2) | Vittorio Orabona,Giuseppe Russo (2) [Written-By] | Vittorio Orabona [Written-By],
Mauro Caputo,Senza Gelusia,A6,,Pé Sempe,1978,Italy,Nuova New York Record,PALP 3318,Vinyl / LP | Album,"Pop, Folk, World, & Country","Canzone Napoletana, Chanson",Uncategorized,https://www.discogs.com/release/8482735-Mauro-Caputo-Pé-Sempe,Pasquale De Rosa | Vittorio Orabona,Pasquale De Rosa [Written-By] | Vittorio Orabona [Written-By],
Mauro Caputo,Nà Storia D'Ammore,B1,,Pé Sempe,1978,Italy,Nuova New York Record,PALP 3318,Vinyl / LP | Album,"Pop, Folk, World, & Country","Canzone Napoletana, Chanson",Uncategorized,https://www.discogs.com/release/8482735-Mauro-Caputo-Pé-Sempe,Francesco Polidoro | Pasquale De Rosa | Rosetta Fidora Ruiz,Francesco Polidoro [Written-By] | Pasquale De Rosa [Written-By] | Rosetta Fidora Ruiz [Written-By],
Mauro Caputo,Sé Chiamava Napule,B2,,Pé Sempe,1978,Italy,Nuova New York Record,PALP 3318,Vinyl / LP | Album,"Pop, Folk, World, & Country","Canzone Napoletana, Chanson",Uncategorized,https://www.discogs.com/release/8482735-Mauro-Caputo-Pé-Sempe,Pasquale De Rosa | Vittorio Orabona,Pasquale De Rosa [Written-By] | Vittorio Orabona [Written-By],
Mauro Caputo,Veleno Mio,B3,,Pé Sempe,1978,Italy,Nuova New York Record,PALP 3318,Vinyl / LP | Album,"Pop, Folk, World, & Country","Canzone Napoletana, Chanson",Uncategorized,https://www.discogs.com/release/8482735-Mauro-Caputo-Pé-Sempe,Pasquale De Rosa | Vittorio Orabona,Pasquale De Rosa [Written-By] | Vittorio Orabona [Written-By],
Mauro Caputo,Comme Aggia Fà,B4,,Pé Sempe,1978,Italy,Nuova New York Record,PALP 3318,Vinyl / LP | Album,"Pop, Folk, World, & Country","Canzone Napoletana, Chanson",Uncategorized,https://www.discogs.com/release/8482735-Mauro-Caputo-Pé-Sempe,Pasquale De Rosa | Vittorio Orabona,Pasquale De Rosa [Written-By] | Vittorio Orabona [Written-By],
Mauro Caputo,A' Voce De' Marrucchine,B5,,Pé Sempe,1978,Italy,Nuova New York Record,PALP 3318,Vinyl / LP | Album,"Pop, Folk, World, & Country","Canzone Napoletana, Chanson",Uncategorized,https://www.discogs.com/release/8482735-Mauro-Caputo-Pé-Sempe,Vincenzo Cennamo | Vittorio Orabona,Vincenzo Cennamo [Written-By] | Vittorio Orabona [Written-By],
Mauro Caputo,Si Perdo A' Té,B6,,Pé Sempe,1978,Italy,Nuova New York Record,PALP 3318,Vinyl / LP | Album,"Pop, Folk, World, & Country","Canzone Napoletana, Chanson",Uncategorized,https://www.discogs.com/release/8482735-Mauro-Caputo-Pé-Sempe,Pasquale De Rosa | Vittorio Orabona,Pasquale De Rosa [Written-By] | Vittorio Orabona [Written-By],
Various,Stayin' Alive,A1,4:43,Saturday Night Fever (The Original Movie Sound Track),1977,Australia,RSO,2658 123,Vinyl / LP | Album | Compilation / Gatefold,"Electronic, Funk / Soul, Pop, Stage & Screen","Soundtrack, Disco",Uncategorized,https://www.discogs.com/release/3033032-Various-Saturday-Night-Fever-The-Original-Movie-Sound-Track,"Robin Gibb, Barry Gibb & Maurice Gibb","Maurice Gibb [Bass Guitar] | Dennis Bryon [Drums] | Alan Kendall [Guitar] | Barry Gibb [Guitar] | Blue Weaver [Keyboards] | Joe Lala [Percussion] | Albhy Galuten [Producer] | Bee Gees [Producer] | Karl Richardson [Producer] | Barry Gibb [Vocals] | Maurice Gibb [Vocals] | Robin Gibb [Vocals] | Robin Gibb, Barry Gibb & Maurice Gibb [Written-By]",
Various,How Deep Is Your Love,A2,4:03,Saturday Night Fever (The Original Movie Sound Track),1977,Australia,RSO,2658 123,Vinyl / LP | Album | Compilation / Gatefold,"Electronic, Funk / Soul, Pop, Stage & Screen","Soundtrack, Disco",Uncategorized,https://www.discogs.com/release/3033032-Various-Saturday-Night-Fever-The-Original-Movie-Sound-Track,"Robin Gibb, Barry Gibb & Maurice Gibb","Maurice Gibb [Bass Guitar] | Dennis Bryon [Drums] | Alan Kendall [Guitar] | Barry Gibb [Guitar] | Blue Weaver [Keyboards] | Albhy Galuten [Producer] | Bee Gees [Producer] | Karl Richardson [Producer] | Barry Gibb [Vocals] | Maurice Gibb [Vocals] | Robin Gibb [Vocals] | Robin Gibb, Barry Gibb & Maurice Gibb [Written-By]",
Various,Night Fever,A3,3:33,Saturday Night Fever (The Original Movie Sound Track),1977,Australia,RSO,2658 123,Vinyl / LP | Album | Compilation / Gatefold,"Electronic, Funk / Soul, Pop, Stage & Screen","Soundtrack, Disco",Uncategorized,https://www.discogs.com/release/3033032-Various-Saturday-Night-Fever-The-Original-Movie-Sound-Track,"Robin Gibb, Barry Gibb & Maurice Gibb","Maurice Gibb [Bass Guitar] | Dennis Bryon [Drums] | Alan Kendall [Guitar] | Barry Gibb [Guitar] | Blue Weaver [Keyboards] | Albhy Galuten [Producer] | Bee Gees [Producer] | Karl Richardson [Producer] | Barry Gibb [Vocals] | Maurice Gibb [Vocals] | Robin Gibb [Vocals] | Robin Gibb, Barry Gibb & Maurice Gibb [Written-By]",
Various,More Than A Woman,A4,3:15,Saturday Night Fever (The Original Movie Sound Track),1977,Australia,RSO,2658 123,Vinyl / LP | Album | Compilation / Gatefold,"Electronic, Funk / Soul, Pop, Stage & Screen","Soundtrack, Disco",Uncategorized,https://www.discogs.com/release/3033032-Various-Saturday-Night-Fever-The-Original-Movie-Sound-Track,"Robin Gibb, Barry Gibb & Maurice Gibb","Maurice Gibb [Bass Guitar] | Dennis Bryon [Drums] | Alan Kendall [Guitar] | Barry Gibb [Guitar] | Blue Weaver [Keyboards] | Joe Lala [Percussion] | Albhy Galuten [Producer] | Bee Gees [Producer] | Karl Richardson [Producer] | Barry Gibb [Vocals] | Maurice Gibb [Vocals] | Robin Gibb [Vocals] | Robin Gibb, Barry Gibb & Maurice Gibb [Written-By]",
Various,If I Can't Have You,A5,2:57,Saturday Night Fever (The Original Movie Sound Track),1977,Australia,RSO,2658 123,Vinyl / LP | Album | Compilation / Gatefold,"Electronic, Funk / Soul, Pop, Stage & Screen","Soundtrack, Disco",Uncategorized,https://www.discogs.com/release/3033032-Various-Saturday-Night-Fever-The-Original-Movie-Sound-Track,"Robin Gibb, Barry Gibb & Maurice Gibb","Wade Marcus [Arranged By [Horn & String]] | Freddie Perren [Arranged By [Rhythm]] | Julia Tillman Waters [Backing Vocals] | Marti McCall [Backing Vocals] | Maxine Willard Waters [Backing Vocals] | Scott Edwards (2) [Bass Guitar] | James Gadson [Drums] | Bob ""Boogie"" Bowles [Guitar] | Bob Zimmitti [Percussion] | Freddie Perren [Percussion] | Paulinho Da Costa [Percussion] | Sonny Burke (2) [Piano] | Freddie Perren [Producer] | Freddie Perren [Synthesizer] | Robin Gibb, Barry Gibb & Maurice Gibb [Written-By]",
Various,A Fifth Of Beethoven,B1,3:01,Saturday Night Fever (The Original Movie Sound Track),1977,Australia,RSO,2658 123,Vinyl / LP | Album | Compilation / Gatefold,"Electronic, Funk / Soul, Pop, Stage & Screen","Soundtrack, Disco",Uncategorized,https://www.discogs.com/release/3033032-Various-Saturday-Night-Fever-The-Original-Movie-Sound-Track,Walter Murphy,"Walter Murphy [Arranged By, Conductor] | Thomas J. Valentino [Producer] | Walter Murphy [Written-By]",
Various,More Than A Woman,B2,3:16,Saturday Night Fever (The Original Movie Sound Track),1977,Australia,RSO,2658 123,Vinyl / LP | Album | Compilation / Gatefold,"Electronic, Funk / Soul, Pop, Stage & Screen","Soundtrack, Disco",Uncategorized,https://www.discogs.com/release/3033032-Various-Saturday-Night-Fever-The-Original-Movie-Sound-Track,"Robin Gibb, Barry Gibb & Maurice Gibb","Wade Marcus [Arranged By [Horn & String]] | Freddie Perren [Arranged By [Rhythm]] | Scott Edwards (2) [Bass Guitar] | James Gadson [Drums] | Bob ""Boogie"" Bowles [Guitar] | Bob Zimmitti [Percussion] | Paulinho Da Costa [Percussion] | Sonny Burke (2) [Piano] | Freddie Perren [Producer] | Robin Gibb, Barry Gibb & Maurice Gibb [Written-By]",
Various,Manhattan Skyline,B3,4:43,Saturday Night Fever (The Original Movie Sound Track),1977,Australia,RSO,2658 123,Vinyl / LP | Album | Compilation / Gatefold,"Electronic, Funk / Soul, Pop, Stage & Screen","Soundtrack, Disco",Uncategorized,https://www.discogs.com/release/3033032-Various-Saturday-Night-Fever-The-Original-Movie-Sound-Track,David Shire,David Shire [Arranged By] | Abraham LaBoriel [Bass] | James Getzoff [Concertmaster] | Nathan Kaproff [Contractor [Orchestra]] | James Gadson [Drums] | Lee Ritenour [Guitar] | Mitch Holder [Guitar] | Sonny Burke (2) [Keyboards] | Steve Forman [Percussion] | Bill Oakes [Producer] | David Shire [Producer] | Michael Boddicker [Synthesizer] | David Shire [Written-By],
Various,Calypso Breakdown,B4,7:50,Saturday Night Fever (The Original Movie Sound Track),1977,Australia,RSO,2658 123,Vinyl / LP | Album | Compilation / Gatefold,"Electronic, Funk / Soul, Pop, Stage & Screen","Soundtrack, Disco",Uncategorized,https://www.discogs.com/release/3033032-Various-Saturday-Night-Fever-The-Original-Movie-Sound-Track,William Eaton,Ralph MacDonald [Producer] | William Salter [Producer] | William Eaton [Written-By],
Various,Night On Disco Mountain,C1,5:12,Saturday Night Fever (The Original Movie Sound Track),1977,Australia,RSO,2658 123,Vinyl / LP | Album | Compilation / Gatefold,"Electronic, Funk / Soul, Pop, Stage & Screen","Soundtrack, Disco",Uncategorized,https://www.discogs.com/release/3033032-Various-Saturday-Night-Fever-The-Original-Movie-Sound-Track,Modest Mussorgsky,David Shire [Adapted By] | David Shire [Arranged By] | Scott Edwards (2) [Bass] | James Getzoff [Concertmaster] | Nathan Kaproff [Contractor [Orchestra]] | Mike Baird [Drums] | Dennis Budimir [Guitar] | Lee Ritenour [Guitar] | Ralph Grierson [Keyboards] | Emil Richards [Percussion] | Steve Forman [Percussion] | Bill Oakes [Producer] | David Shire [Producer] | Michael Boddicker [Synthesizer] | Modest Mussorgsky [Written-By],
Various,Open Sesame,C2,3:59,Saturday Night Fever (The Original Movie Sound Track),1977,Australia,RSO,2658 123,Vinyl / LP | Album | Compilation / Gatefold,"Electronic, Funk / Soul, Pop, Stage & Screen","Soundtrack, Disco",Uncategorized,https://www.discogs.com/release/3033032-Various-Saturday-Night-Fever-The-Original-Movie-Sound-Track,Kool & The Gang | Ronald Bell,Kool & The Gang [Written-By] | Ronald Bell [Written-By],
Various,Jive Talkin',C3,3:44,Saturday Night Fever (The Original Movie Sound Track),1977,Australia,RSO,2658 123,Vinyl / LP | Album | Compilation / Gatefold,"Electronic, Funk / Soul, Pop, Stage & Screen","Soundtrack, Disco",Uncategorized,https://www.discogs.com/release/3033032-Various-Saturday-Night-Fever-The-Original-Movie-Sound-Track,"Robin Gibb, Barry Gibb & Maurice Gibb","Maurice Gibb [Bass Guitar] | Dennis Bryon [Drums] | Barry Gibb [Guitar] | Joey Murcia [Guitar] | Alan Kendall [Guitar [Lead & Steel]] | Blue Weaver [Keyboards] | Geoff Westley [Keyboards] | Joe Lala [Percussion] | Albhy Galuten [Producer] | Bee Gees [Producer] | Karl Richardson [Producer] | Whit Sidener [Saxophone [Alto; Boneroo Horns]] | Stan Webb [Saxophone [Baritone; Boneroo Horns]] | Peter Ballin [Saxophone [Tenor; Boneroo Horns]] | Peter Graves [Trombone [Boneroo Horns]] | Jeff Kievit [Trumpet [Boneroo Horns]] | Ken Faulk [Trumpet [Boneroo Horns]] | Barry Gibb [Vocals] | Maurice Gibb [Vocals] | Robin Gibb [Vocals] | Robin Gibb, Barry Gibb & Maurice Gibb [Written-By]",
Various,You Should Be Dancing,C4,4:15,Saturday Night Fever (The Original Movie Sound Track),1977,Australia,RSO,2658 123,Vinyl / LP | Album | Compilation / Gatefold,"Electronic, Funk / Soul, Pop, Stage & Screen","Soundtrack, Disco",Uncategorized,https://www.discogs.com/release/3033032-Various-Saturday-Night-Fever-The-Original-Movie-Sound-Track,"Robin Gibb, Barry Gibb & Maurice Gibb","Maurice Gibb [Bass Guitar] | Dennis Bryon [Drums] | Alan Kendall [Guitar] | Barry Gibb [Guitar] | Blue Weaver [Keyboards] | George ""Chocolate"" Perry [Percussion] | Joe Lala [Percussion] | Stephen Stills [Percussion [Additional]] | Albhy Galuten [Producer] | Bee Gees [Producer] | Karl Richardson [Producer] | Barry Gibb [Vocals] | Maurice Gibb [Vocals] | Robin Gibb [Vocals] | Robin Gibb, Barry Gibb & Maurice Gibb [Written-By]",
Various,Boogie Shoes,C5,2:16,Saturday Night Fever (The Original Movie Sound Track),1977,Australia,RSO,2658 123,Vinyl / LP | Album | Compilation / Gatefold,"Electronic, Funk / Soul, Pop, Stage & Screen","Soundtrack, Disco",Uncategorized,https://www.discogs.com/release/3033032-Various-Saturday-Night-Fever-The-Original-Movie-Sound-Track,Harry Wayne Casey & Richard Finch,Harry Wayne Casey & Richard Finch [Arranged By] | Harry Wayne Casey & Richard Finch [Producer] | Harry Wayne Casey & Richard Finch [Written-By],
Various,Salsation,D1,3:50,Saturday Night Fever (The Original Movie Sound Track),1977,Australia,RSO,2658 123,Vinyl / LP | Album | Compilation / Gatefold,"Electronic, Funk / Soul, Pop, Stage & Screen","Soundtrack, Disco",Uncategorized,https://www.discogs.com/release/3033032-Various-Saturday-Night-Fever-The-Original-Movie-Sound-Track,David Shire,David Shire [Arranged By] | Scott Edwards (2) [Bass] | Chino Valdes [Congas] | Nathan Kaproff [Contractor [Orchestra]] | Mark Stevens (2) [Drums] | Lee Ritenour [Guitar] | Sonny Burke (2) [Keyboards [Electric]] | Emil Richards [Percussion [Latin]] | Steve Forman [Percussion [Latin]] | Eddie Cano [Piano [Acoustic]] | Bill Oakes [Producer] | David Shire [Producer] | Jerome Richardson [Soloist [Flute]] | Tony Terran [Soloist [Trumpet]] | Bob Zimmitti [Timbales] | David Shire [Written-By],
Various,K-Jee,D2,4:15,Saturday Night Fever (The Original Movie Sound Track),1977,Australia,RSO,2658 123,Vinyl / LP | Album | Compilation / Gatefold,"Electronic, Funk / Soul, Pop, Stage & Screen","Soundtrack, Disco",Uncategorized,https://www.discogs.com/release/3033032-Various-Saturday-Night-Fever-The-Original-Movie-Sound-Track,Charles Hearndon,Bobby Martin [Arranged By] | Bobby Martin [Producer] | Broadway Eddie [Producer] | Charles Hearndon [Written-By],
Various,Disco Inferno,D3,10:52,Saturday Night Fever (The Original Movie Sound Track),1977,Australia,RSO,2658 123,Vinyl / LP | Album | Compilation / Gatefold,"Electronic, Funk / Soul, Pop, Stage & Screen","Soundtrack, Disco",Uncategorized,https://www.discogs.com/release/3033032-Various-Saturday-Night-Fever-The-Original-Movie-Sound-Track,Leroy Green | Ron Kersey,Ron Kersey [Arranged By] | Ron Kersey [Producer] | Leroy Green [Written-By] | Ron Kersey [Written-By],
